// Generated by shaders/generate_product_shader_catalog.mjs; do not edit.
#ifndef WIRED_RAL_OPENGL_PRODUCT_SHADER_CATALOG_INC
#define WIRED_RAL_OPENGL_PRODUCT_SHADER_CATALOG_INC

static const unsigned char ralOpenGlProductVertexSource[] = {
	0x23, 0x76, 0x65, 0x72, 0x73, 0x69, 0x6f, 0x6e, 0x20, 0x34, 0x36, 0x30,
	0x0a, 0x0a, 0x6c, 0x61, 0x79, 0x6f, 0x75, 0x74, 0x28, 0x73, 0x74, 0x64,
	0x31, 0x34, 0x30, 0x2c, 0x20, 0x62, 0x69, 0x6e, 0x64, 0x69, 0x6e, 0x67,
	0x20, 0x3d, 0x20, 0x30, 0x29, 0x20, 0x75, 0x6e, 0x69, 0x66, 0x6f, 0x72,
	0x6d, 0x20, 0x50, 0x72, 0x6f, 0x64, 0x75, 0x63, 0x74, 0x44, 0x72, 0x61,
	0x77, 0x0a, 0x7b, 0x0a, 0x20, 0x20, 0x20, 0x20, 0x76, 0x65, 0x63, 0x34,
	0x20, 0x76, 0x69, 0x65, 0x77, 0x4f, 0x72, 0x69, 0x67, 0x69, 0x6e, 0x44,
	0x72, 0x61, 0x77, 0x53, 0x70, 0x61, 0x63, 0x65, 0x3b, 0x0a, 0x20, 0x20,
	0x20, 0x20, 0x76, 0x65, 0x63, 0x34, 0x20, 0x76, 0x69, 0x65, 0x77, 0x46,
	0x6f, 0x72, 0x77, 0x61, 0x72, 0x64, 0x3b, 0x0a, 0x20, 0x20, 0x20, 0x20,
	0x76, 0x65, 0x63, 0x34, 0x20, 0x76, 0x69, 0x65, 0x77, 0x4c, 0x65, 0x66,
	0x74, 0x3b, 0x0a, 0x20, 0x20, 0x20, 0x20, 0x76, 0x65, 0x63, 0x34, 0x20,
	0x76, 0x69, 0x65, 0x77, 0x55, 0x70, 0x3b, 0x0a, 0x20, 0x20, 0x20, 0x20,
	0x76, 0x65, 0x63, 0x34, 0x20, 0x70, 0x72, 0x6f, 0x6a, 0x65, 0x63, 0x74,
	0x69, 0x6f, 0x6e, 0x4c, 0x69, 0x67, 0x68, 0x74, 0x6d, 0x61, 0x70, 0x3b,
	0x0a, 0x20, 0x20, 0x20, 0x20, 0x76, 0x65, 0x63, 0x34, 0x20, 0x76, 0x69,
	0x65, 0x77, 0x70, 0x6f, 0x72, 0x74, 0x41, 0x6c, 0x70, 0x68, 0x61, 0x3b,
	0x0a, 0x20, 0x20, 0x20, 0x20, 0x76, 0x65, 0x63, 0x34, 0x20, 0x61, 0x74,
	0x6d, 0x6f, 0x73, 0x70, 0x68, 0x65, 0x72, 0x65, 0x45, 0x79, 0x65, 0x44,
	0x65, 0x6e, 0x73, 0x69, 0x74, 0x79, 0x3b, 0x0a, 0x20, 0x20, 0x20, 0x20,
	0x76, 0x65, 0x63, 0x34, 0x20, 0x61, 0x74, 0x6d, 0x6f, 0x73, 0x70, 0x68,
	0x65, 0x72, 0x65, 0x43, 0x6f, 0x6c, 0x6f, 0x72, 0x56, 0x69, 0x73, 0x69,
	0x62, 0x69, 0x6c, 0x69, 0x74, 0x79, 0x3b, 0x0a, 0x20, 0x20, 0x20, 0x20,
	0x76, 0x65, 0x63, 0x34, 0x20, 0x61, 0x74, 0x6d, 0x6f, 0x73, 0x70, 0x68,
	0x65, 0x72, 0x65, 0x48, 0x65, 0x69, 0x67, 0x68, 0x74, 0x43, 0x6c, 0x6f,
	0x75, 0x64, 0x3b, 0x0a, 0x20, 0x20, 0x20, 0x20, 0x75, 0x76, 0x65, 0x63,
	0x34, 0x20, 0x61, 0x74, 0x6d, 0x6f, 0x73, 0x70, 0x68, 0x65, 0x72, 0x65,
	0x46, 0x72, 0x6f, 0x78, 0x65, 0x6c, 0x47, 0x72, 0x69, 0x64, 0x3b, 0x0a,
	0x20, 0x20, 0x20, 0x20, 0x76, 0x65, 0x63, 0x34, 0x20, 0x6c, 0x6f, 0x63,
	0x61, 0x6c, 0x53, 0x68, 0x5b, 0x34, 0x5d, 0x3b, 0x0a, 0x20, 0x20, 0x20,
	0x20, 0x75, 0x76, 0x65, 0x63, 0x34, 0x20, 0x73, 0x74, 0x61, 0x74, 0x69,
	0x63, 0x4c, 0x69, 0x67, 0x68, 0x74, 0x69, 0x6e, 0x67, 0x3b, 0x0a, 0x20,
	0x20, 0x20, 0x20, 0x76, 0x65, 0x63, 0x34, 0x20, 0x65, 0x6d, 0x69, 0x73,
	0x73, 0x69, 0x76, 0x65, 0x52, 0x61, 0x64, 0x69, 0x61, 0x6e, 0x63, 0x65,
	0x3b, 0x0a, 0x7d, 0x20, 0x70, 0x72, 0x6f, 0x64, 0x75, 0x63, 0x74, 0x44,
	0x72, 0x61, 0x77, 0x3b, 0x0a, 0x0a, 0x6c, 0x61, 0x79, 0x6f, 0x75, 0x74,
	0x28, 0x6c, 0x6f, 0x63, 0x61, 0x74, 0x69, 0x6f, 0x6e, 0x20, 0x3d, 0x20,
	0x30, 0x29, 0x20, 0x69, 0x6e, 0x20, 0x76, 0x65, 0x63, 0x33, 0x20, 0x69,
	0x6e, 0x5f, 0x70, 0x6f, 0x73, 0x69, 0x74, 0x69, 0x6f, 0x6e, 0x3b, 0x0a,
	0x6c, 0x61, 0x79, 0x6f, 0x75, 0x74, 0x28, 0x6c, 0x6f, 0x63, 0x61, 0x74,
	0x69, 0x6f, 0x6e, 0x20, 0x3d, 0x20, 0x30, 0x29, 0x20, 0x6f, 0x75, 0x74,
	0x20, 0x76, 0x65, 0x63, 0x32, 0x20, 0x74, 0x65, 0x78, 0x43, 0x6f, 0x6f,
	0x72, 0x64, 0x3b, 0x0a, 0x6c, 0x61, 0x79, 0x6f, 0x75, 0x74, 0x28, 0x6c,
	0x6f, 0x63, 0x61, 0x74, 0x69, 0x6f, 0x6e, 0x20, 0x3d, 0x20, 0x31, 0x29,
	0x20, 0x69, 0x6e, 0x20, 0x76, 0x65, 0x63, 0x32, 0x20, 0x69, 0x6e, 0x5f,
	0x74, 0x65, 0x78, 0x5f, 0x63, 0x6f, 0x6f, 0x72, 0x64, 0x3b, 0x0a, 0x6c,
	0x61, 0x79, 0x6f, 0x75, 0x74, 0x28, 0x6c, 0x6f, 0x63, 0x61, 0x74, 0x69,
	0x6f, 0x6e, 0x20, 0x3d, 0x20, 0x31, 0x29, 0x20, 0x6f, 0x75, 0x74, 0x20,
	0x76, 0x65, 0x63, 0x32, 0x20, 0x6c, 0x69, 0x67, 0x68, 0x74, 0x6d, 0x61,
	0x70, 0x43, 0x6f, 0x6f, 0x72, 0x64, 0x3b, 0x0a, 0x6c, 0x61, 0x79, 0x6f,
	0x75, 0x74, 0x28, 0x6c, 0x6f, 0x63, 0x61, 0x74, 0x69, 0x6f, 0x6e, 0x20,
	0x3d, 0x20, 0x32, 0x29, 0x20, 0x69, 0x6e, 0x20, 0x76, 0x65, 0x63, 0x32,
	0x20, 0x69, 0x6e, 0x5f, 0x6c, 0x69, 0x67, 0x68, 0x74, 0x6d, 0x61, 0x70,
	0x5f, 0x63, 0x6f, 0x6f, 0x72, 0x64, 0x3b, 0x0a, 0x6c, 0x61, 0x79, 0x6f,
	0x75, 0x74, 0x28, 0x6c, 0x6f, 0x63, 0x61, 0x74, 0x69, 0x6f, 0x6e, 0x20,
	0x3d, 0x20, 0x32, 0x29, 0x20, 0x6f, 0x75, 0x74, 0x20, 0x76, 0x65, 0x63,
	0x34, 0x20, 0x63, 0x6f, 0x6c, 0x6f, 0x72, 0x3b, 0x0a, 0x6c, 0x61, 0x79,
	0x6f, 0x75, 0x74, 0x28, 0x6c, 0x6f, 0x63, 0x61, 0x74, 0x69, 0x6f, 0x6e,
	0x20, 0x3d, 0x20, 0x33, 0x29, 0x20, 0x69, 0x6e, 0x20, 0x76, 0x65, 0x63,
	0x34, 0x20, 0x69, 0x6e, 0x5f, 0x63, 0x6f, 0x6c, 0x6f, 0x72, 0x3b, 0x0a,
	0x6c, 0x61, 0x79, 0x6f, 0x75, 0x74, 0x28, 0x6c, 0x6f, 0x63, 0x61, 0x74,
	0x69, 0x6f, 0x6e, 0x20, 0x3d, 0x20, 0x33, 0x29, 0x20, 0x6f, 0x75, 0x74,
	0x20, 0x76, 0x65, 0x63, 0x33, 0x20, 0x77, 0x6f, 0x72, 0x6c, 0x64, 0x50,
	0x6f, 0x73, 0x69, 0x74, 0x69, 0x6f, 0x6e, 0x3b, 0x0a, 0x6c, 0x61, 0x79,
	0x6f, 0x75, 0x74, 0x28, 0x6c, 0x6f, 0x63, 0x61, 0x74, 0x69, 0x6f, 0x6e,
	0x20, 0x3d, 0x20, 0x34, 0x29, 0x20, 0x6f, 0x75, 0x74, 0x20, 0x76, 0x65,
	0x63, 0x33, 0x20, 0x77, 0x6f, 0x72, 0x6c, 0x64, 0x4e, 0x6f, 0x72, 0x6d,
	0x61, 0x6c, 0x3b, 0x0a, 0x6c, 0x61, 0x79, 0x6f, 0x75, 0x74, 0x28, 0x6c,
	0x6f, 0x63, 0x61, 0x74, 0x69, 0x6f, 0x6e, 0x20, 0x3d, 0x20, 0x34, 0x29,
	0x20, 0x69, 0x6e, 0x20, 0x76, 0x65, 0x63, 0x33, 0x20, 0x69, 0x6e, 0x5f,
	0x6e, 0x6f, 0x72, 0x6d, 0x61, 0x6c, 0x3b, 0x0a, 0x0a, 0x76, 0x6f, 0x69,
	0x64, 0x20, 0x6d, 0x61, 0x69, 0x6e, 0x28, 0x29, 0x0a, 0x7b, 0x0a, 0x20,
	0x20, 0x20, 0x20, 0x69, 0x66, 0x20, 0x28, 0x70, 0x72, 0x6f, 0x64, 0x75,
	0x63, 0x74, 0x44, 0x72, 0x61, 0x77, 0x2e, 0x76, 0x69, 0x65, 0x77, 0x4f,
	0x72, 0x69, 0x67, 0x69, 0x6e, 0x44, 0x72, 0x61, 0x77, 0x53, 0x70, 0x61,
	0x63, 0x65, 0x2e, 0x77, 0x20, 0x3e, 0x3d, 0x20, 0x30, 0x2e, 0x35, 0x29,
	0x0a, 0x20, 0x20, 0x20, 0x20, 0x7b, 0x0a, 0x20, 0x20, 0x20, 0x20, 0x20,
	0x20, 0x20, 0x20, 0x67, 0x6c, 0x5f, 0x50, 0x6f, 0x73, 0x69, 0x74, 0x69,
	0x6f, 0x6e, 0x20, 0x3d, 0x20, 0x76, 0x65, 0x63, 0x34, 0x28, 0x28, 0x28,
	0x69, 0x6e, 0x5f, 0x70, 0x6f, 0x73, 0x69, 0x74, 0x69, 0x6f, 0x6e, 0x2e,
	0x78, 0x20, 0x2f, 0x20, 0x70, 0x72, 0x6f, 0x64, 0x75, 0x63, 0x74, 0x44,
	0x72, 0x61, 0x77, 0x2e, 0x76, 0x69, 0x65, 0x77, 0x70, 0x6f, 0x72, 0x74,
	0x41, 0x6c, 0x70, 0x68, 0x61, 0x2e, 0x78, 0x29, 0x20, 0x2a, 0x20, 0x32,
	0x2e, 0x30, 0x29, 0x20, 0x2d, 0x20, 0x31, 0x2e, 0x30, 0x2c, 0x20, 0x31,
	0x2e, 0x30, 0x20, 0x2d, 0x20, 0x28, 0x28, 0x69, 0x6e, 0x5f, 0x70, 0x6f,
	0x73, 0x69, 0x74, 0x69, 0x6f, 0x6e, 0x2e, 0x79, 0x20, 0x2f, 0x20, 0x70,
	0x72, 0x6f, 0x64, 0x75, 0x63, 0x74, 0x44, 0x72, 0x61, 0x77, 0x2e, 0x76,
	0x69, 0x65, 0x77, 0x70, 0x6f, 0x72, 0x74, 0x41, 0x6c, 0x70, 0x68, 0x61,
	0x2e, 0x79, 0x29, 0x20, 0x2a, 0x20, 0x32, 0x2e, 0x30, 0x29, 0x2c, 0x20,
	0x30, 0x2e, 0x30, 0x2c, 0x20, 0x31, 0x2e, 0x30, 0x29, 0x3b, 0x0a, 0x20,
	0x20, 0x20, 0x20, 0x7d, 0x0a, 0x20, 0x20, 0x20, 0x20, 0x65, 0x6c, 0x73,
	0x65, 0x0a, 0x20, 0x20, 0x20, 0x20, 0x7b, 0x0a, 0x20, 0x20, 0x20, 0x20,
	0x20, 0x20, 0x20, 0x20, 0x76, 0x65, 0x63, 0x33, 0x20, 0x64, 0x65, 0x6c,
	0x74, 0x61, 0x20, 0x3d, 0x20, 0x69, 0x6e, 0x5f, 0x70, 0x6f, 0x73, 0x69,
	0x74, 0x69, 0x6f, 0x6e, 0x20, 0x2d, 0x20, 0x70, 0x72, 0x6f, 0x64, 0x75,
	0x63, 0x74, 0x44, 0x72, 0x61, 0x77, 0x2e, 0x76, 0x69, 0x65, 0x77, 0x4f,
	0x72, 0x69, 0x67, 0x69, 0x6e, 0x44, 0x72, 0x61, 0x77, 0x53, 0x70, 0x61,
	0x63, 0x65, 0x2e, 0x78, 0x79, 0x7a, 0x3b, 0x0a, 0x20, 0x20, 0x20, 0x20,
	0x20, 0x20, 0x20, 0x20, 0x66, 0x6c, 0x6f, 0x61, 0x74, 0x20, 0x66, 0x6f,
	0x72, 0x77, 0x61, 0x72, 0x64, 0x20, 0x3d, 0x20, 0x64, 0x6f, 0x74, 0x28,
	0x64, 0x65, 0x6c, 0x74, 0x61, 0x2c, 0x20, 0x70, 0x72, 0x6f, 0x64, 0x75,
	0x63, 0x74, 0x44, 0x72, 0x61, 0x77, 0x2e, 0x76, 0x69, 0x65, 0x77, 0x46,
	0x6f, 0x72, 0x77, 0x61, 0x72, 0x64, 0x2e, 0x78, 0x79, 0x7a, 0x29, 0x3b,
	0x0a, 0x20, 0x20, 0x20, 0x20, 0x20, 0x20, 0x20, 0x20, 0x67, 0x6c, 0x5f,
	0x50, 0x6f, 0x73, 0x69, 0x74, 0x69, 0x6f, 0x6e, 0x20, 0x3d, 0x20, 0x76,
	0x65, 0x63, 0x34, 0x28, 0x28, 0x2d, 0x64, 0x6f, 0x74, 0x28, 0x64, 0x65,
	0x6c, 0x74, 0x61, 0x2c, 0x20, 0x70, 0x72, 0x6f, 0x64, 0x75, 0x63, 0x74,
	0x44, 0x72, 0x61, 0x77, 0x2e, 0x76, 0x69, 0x65, 0x77, 0x4c, 0x65, 0x66,
	0x74, 0x2e, 0x78, 0x79, 0x7a, 0x29, 0x29, 0x20, 0x2a, 0x20, 0x70, 0x72,
	0x6f, 0x64, 0x75, 0x63, 0x74, 0x44, 0x72, 0x61, 0x77, 0x2e, 0x70, 0x72,
	0x6f, 0x6a, 0x65, 0x63, 0x74, 0x69, 0x6f, 0x6e, 0x4c, 0x69, 0x67, 0x68,
	0x74, 0x6d, 0x61, 0x70, 0x2e, 0x78, 0x2c, 0x20, 0x64, 0x6f, 0x74, 0x28,
	0x64, 0x65, 0x6c, 0x74, 0x61, 0x2c, 0x20, 0x70, 0x72, 0x6f, 0x64, 0x75,
	0x63, 0x74, 0x44, 0x72, 0x61, 0x77, 0x2e, 0x76, 0x69, 0x65, 0x77, 0x55,
	0x70, 0x2e, 0x78, 0x79, 0x7a, 0x29, 0x20, 0x2a, 0x20, 0x70, 0x72, 0x6f,
	0x64, 0x75, 0x63, 0x74, 0x44, 0x72, 0x61, 0x77, 0x2e, 0x70, 0x72, 0x6f,
	0x6a, 0x65, 0x63, 0x74, 0x69, 0x6f, 0x6e, 0x4c, 0x69, 0x67, 0x68, 0x74,
	0x6d, 0x61, 0x70, 0x2e, 0x79, 0x2c, 0x20, 0x66, 0x6f, 0x72, 0x77, 0x61,
	0x72, 0x64, 0x20, 0x2d, 0x20, 0x70, 0x72, 0x6f, 0x64, 0x75, 0x63, 0x74,
	0x44, 0x72, 0x61, 0x77, 0x2e, 0x70, 0x72, 0x6f, 0x6a, 0x65, 0x63, 0x74,
	0x69, 0x6f, 0x6e, 0x4c, 0x69, 0x67, 0x68, 0x74, 0x6d, 0x61, 0x70, 0x2e,
	0x7a, 0x2c, 0x20, 0x66, 0x6f, 0x72, 0x77, 0x61, 0x72, 0x64, 0x29, 0x3b,
	0x0a, 0x20, 0x20, 0x20, 0x20, 0x7d, 0x0a, 0x20, 0x20, 0x20, 0x20, 0x74,
	0x65, 0x78, 0x43, 0x6f, 0x6f, 0x72, 0x64, 0x20, 0x3d, 0x20, 0x69, 0x6e,
	0x5f, 0x74, 0x65, 0x78, 0x5f, 0x63, 0x6f, 0x6f, 0x72, 0x64, 0x3b, 0x0a,
	0x20, 0x20, 0x20, 0x20, 0x6c, 0x69, 0x67, 0x68, 0x74, 0x6d, 0x61, 0x70,
	0x43, 0x6f, 0x6f, 0x72, 0x64, 0x20, 0x3d, 0x20, 0x69, 0x6e, 0x5f, 0x6c,
	0x69, 0x67, 0x68, 0x74, 0x6d, 0x61, 0x70, 0x5f, 0x63, 0x6f, 0x6f, 0x72,
	0x64, 0x3b, 0x0a, 0x20, 0x20, 0x20, 0x20, 0x63, 0x6f, 0x6c, 0x6f, 0x72,
	0x20, 0x3d, 0x20, 0x69, 0x6e, 0x5f, 0x63, 0x6f, 0x6c, 0x6f, 0x72, 0x3b,
	0x0a, 0x20, 0x20, 0x20, 0x20, 0x77, 0x6f, 0x72, 0x6c, 0x64, 0x50, 0x6f,
	0x73, 0x69, 0x74, 0x69, 0x6f, 0x6e, 0x20, 0x3d, 0x20, 0x69, 0x6e, 0x5f,
	0x70, 0x6f, 0x73, 0x69, 0x74, 0x69, 0x6f, 0x6e, 0x3b, 0x0a, 0x20, 0x20,
	0x20, 0x20, 0x77, 0x6f, 0x72, 0x6c, 0x64, 0x4e, 0x6f, 0x72, 0x6d, 0x61,
	0x6c, 0x20, 0x3d, 0x20, 0x6e, 0x6f, 0x72, 0x6d, 0x61, 0x6c, 0x69, 0x7a,
	0x65, 0x28, 0x69, 0x6e, 0x5f, 0x6e, 0x6f, 0x72, 0x6d, 0x61, 0x6c, 0x29,
	0x3b, 0x0a, 0x7d, 0x0a, 0x0a, 0x00
};
static const unsigned int ralOpenGlProductVertexByteCount = 1637u;
static const unsigned long long ralOpenGlProductVertexDigestLane0 = 0xa84fe5848a3888cbull;
static const unsigned long long ralOpenGlProductVertexDigestLane1 = 0x1d23666f1fd83c9full;

static const unsigned char ralOpenGlProductFragmentSource[] = {
	0x23, 0x76, 0x65, 0x72, 0x73, 0x69, 0x6f, 0x6e, 0x20, 0x34, 0x36, 0x30,
	0x0a, 0x0a, 0x6c, 0x61, 0x79, 0x6f, 0x75, 0x74, 0x28, 0x62, 0x69, 0x6e,
	0x64, 0x69, 0x6e, 0x67, 0x20, 0x3d, 0x20, 0x30, 0x2c, 0x20, 0x73, 0x74,
	0x64, 0x34, 0x33, 0x30, 0x29, 0x20, 0x72, 0x65, 0x61, 0x64, 0x6f, 0x6e,
	0x6c, 0x79, 0x20, 0x62, 0x75, 0x66, 0x66, 0x65, 0x72, 0x20, 0x41, 0x74,
	0x6d, 0x6f, 0x73, 0x70, 0x68, 0x65, 0x72, 0x65, 0x46, 0x72, 0x6f, 0x78,
	0x65, 0x6c, 0x73, 0x0a, 0x7b, 0x0a, 0x20, 0x20, 0x20, 0x20, 0x76, 0x65,
	0x63, 0x34, 0x20, 0x76, 0x61, 0x6c, 0x75, 0x65, 0x73, 0x5b, 0x5d, 0x3b,
	0x0a, 0x7d, 0x20, 0x61, 0x74, 0x6d, 0x6f, 0x73, 0x70, 0x68, 0x65, 0x72,
	0x65, 0x46, 0x72, 0x6f, 0x78, 0x65, 0x6c, 0x73, 0x3b, 0x0a, 0x0a, 0x6c,
	0x61, 0x79, 0x6f, 0x75, 0x74, 0x28, 0x73, 0x74, 0x64, 0x31, 0x34, 0x30,
	0x2c, 0x20, 0x62, 0x69, 0x6e, 0x64, 0x69, 0x6e, 0x67, 0x20, 0x3d, 0x20,
	0x30, 0x29, 0x20, 0x75, 0x6e, 0x69, 0x66, 0x6f, 0x72, 0x6d, 0x20, 0x50,
	0x72, 0x6f, 0x64, 0x75, 0x63, 0x74, 0x44, 0x72, 0x61, 0x77, 0x0a, 0x7b,
	0x0a, 0x20, 0x20, 0x20, 0x20, 0x76, 0x65, 0x63, 0x34, 0x20, 0x76, 0x69,
	0x65, 0x77, 0x4f, 0x72, 0x69, 0x67, 0x69, 0x6e, 0x44, 0x72, 0x61, 0x77,
	0x53, 0x70, 0x61, 0x63, 0x65, 0x3b, 0x0a, 0x20, 0x20, 0x20, 0x20, 0x76,
	0x65, 0x63, 0x34, 0x20, 0x76, 0x69, 0x65, 0x77, 0x46, 0x6f, 0x72, 0x77,
	0x61, 0x72, 0x64, 0x3b, 0x0a, 0x20, 0x20, 0x20, 0x20, 0x76, 0x65, 0x63,
	0x34, 0x20, 0x76, 0x69, 0x65, 0x77, 0x4c, 0x65, 0x66, 0x74, 0x3b, 0x0a,
	0x20, 0x20, 0x20, 0x20, 0x76, 0x65, 0x63, 0x34, 0x20, 0x76, 0x69, 0x65,
	0x77, 0x55, 0x70, 0x3b, 0x0a, 0x20, 0x20, 0x20, 0x20, 0x76, 0x65, 0x63,
	0x34, 0x20, 0x70, 0x72, 0x6f, 0x6a, 0x65, 0x63, 0x74, 0x69, 0x6f, 0x6e,
	0x4c, 0x69, 0x67, 0x68, 0x74, 0x6d, 0x61, 0x70, 0x3b, 0x0a, 0x20, 0x20,
	0x20, 0x20, 0x76, 0x65, 0x63, 0x34, 0x20, 0x76, 0x69, 0x65, 0x77, 0x70,
	0x6f, 0x72, 0x74, 0x41, 0x6c, 0x70, 0x68, 0x61, 0x3b, 0x0a, 0x20, 0x20,
	0x20, 0x20, 0x76, 0x65, 0x63, 0x34, 0x20, 0x61, 0x74, 0x6d, 0x6f, 0x73,
	0x70, 0x68, 0x65, 0x72, 0x65, 0x45, 0x79, 0x65, 0x44, 0x65, 0x6e, 0x73,
	0x69, 0x74, 0x79, 0x3b, 0x0a, 0x20, 0x20, 0x20, 0x20, 0x76, 0x65, 0x63,
	0x34, 0x20, 0x61, 0x74, 0x6d, 0x6f, 0x73, 0x70, 0x68, 0x65, 0x72, 0x65,
	0x43, 0x6f, 0x6c, 0x6f, 0x72, 0x56, 0x69, 0x73, 0x69, 0x62, 0x69, 0x6c,
	0x69, 0x74, 0x79, 0x3b, 0x0a, 0x20, 0x20, 0x20, 0x20, 0x76, 0x65, 0x63,
	0x34, 0x20, 0x61, 0x74, 0x6d, 0x6f, 0x73, 0x70, 0x68, 0x65, 0x72, 0x65,
	0x48, 0x65, 0x69, 0x67, 0x68, 0x74, 0x43, 0x6c, 0x6f, 0x75, 0x64, 0x3b,
	0x0a, 0x20, 0x20, 0x20, 0x20, 0x75, 0x76, 0x65, 0x63, 0x34, 0x20, 0x61,
	0x74, 0x6d, 0x6f, 0x73, 0x70, 0x68, 0x65, 0x72, 0x65, 0x46, 0x72, 0x6f,
	0x78, 0x65, 0x6c, 0x47, 0x72, 0x69, 0x64, 0x3b, 0x0a, 0x20, 0x20, 0x20,
	0x20, 0x76, 0x65, 0x63, 0x34, 0x20, 0x6c, 0x6f, 0x63, 0x61, 0x6c, 0x53,
	0x68, 0x5b, 0x34, 0x5d, 0x3b, 0x0a, 0x20, 0x20, 0x20, 0x20, 0x75, 0x76,
	0x65, 0x63, 0x34, 0x20, 0x73, 0x74, 0x61, 0x74, 0x69, 0x63, 0x4c, 0x69,
	0x67, 0x68, 0x74, 0x69, 0x6e, 0x67, 0x3b, 0x0a, 0x20, 0x20, 0x20, 0x20,
	0x76, 0x65, 0x63, 0x34, 0x20, 0x65, 0x6d, 0x69, 0x73, 0x73, 0x69, 0x76,
	0x65, 0x52, 0x61, 0x64, 0x69, 0x61, 0x6e, 0x63, 0x65, 0x3b, 0x0a, 0x7d,
	0x20, 0x70, 0x72, 0x6f, 0x64, 0x75, 0x63, 0x74, 0x44, 0x72, 0x61, 0x77,
	0x3b, 0x0a, 0x0a, 0x6c, 0x61, 0x79, 0x6f, 0x75, 0x74, 0x28, 0x62, 0x69,
	0x6e, 0x64, 0x69, 0x6e, 0x67, 0x20, 0x3d, 0x20, 0x30, 0x29, 0x20, 0x75,
	0x6e, 0x69, 0x66, 0x6f, 0x72, 0x6d, 0x20, 0x73, 0x61, 0x6d, 0x70, 0x6c,
	0x65, 0x72, 0x32, 0x44, 0x20, 0x62, 0x61, 0x73, 0x65, 0x54, 0x65, 0x78,
	0x74, 0x75, 0x72, 0x65, 0x3b, 0x0a, 0x6c, 0x61, 0x79, 0x6f, 0x75, 0x74,
	0x28, 0x62, 0x69, 0x6e, 0x64, 0x69, 0x6e, 0x67, 0x20, 0x3d, 0x20, 0x32,
	0x29, 0x20, 0x75, 0x6e, 0x69, 0x66, 0x6f, 0x72, 0x6d, 0x20, 0x73, 0x61,
	0x6d, 0x70, 0x6c, 0x65, 0x72, 0x32, 0x44, 0x41, 0x72, 0x72, 0x61, 0x79,
	0x20, 0x73, 0x74, 0x61, 0x74, 0x69, 0x63, 0x52, 0x61, 0x64, 0x69, 0x61,
	0x6e, 0x63, 0x65, 0x54, 0x65, 0x78, 0x74, 0x75, 0x72, 0x65, 0x3b, 0x0a,
	0x6c, 0x61, 0x79, 0x6f, 0x75, 0x74, 0x28, 0x62, 0x69, 0x6e, 0x64, 0x69,
	0x6e, 0x67, 0x20, 0x3d, 0x20, 0x33, 0x29, 0x20, 0x75, 0x6e, 0x69, 0x66,
	0x6f, 0x72, 0x6d, 0x20, 0x73, 0x61, 0x6d, 0x70, 0x6c, 0x65, 0x72, 0x32,
	0x44, 0x41, 0x72, 0x72, 0x61, 0x79, 0x20, 0x73, 0x74, 0x61, 0x74, 0x69,
	0x63, 0x44, 0x69, 0x72, 0x65, 0x63, 0x74, 0x69, 0x6f, 0x6e, 0x54, 0x65,
	0x78, 0x74, 0x75, 0x72, 0x65, 0x3b, 0x0a, 0x6c, 0x61, 0x79, 0x6f, 0x75,
	0x74, 0x28, 0x62, 0x69, 0x6e, 0x64, 0x69, 0x6e, 0x67, 0x20, 0x3d, 0x20,
	0x34, 0x29, 0x20, 0x75, 0x6e, 0x69, 0x66, 0x6f, 0x72, 0x6d, 0x20, 0x73,
	0x61, 0x6d, 0x70, 0x6c, 0x65, 0x72, 0x32, 0x44, 0x41, 0x72, 0x72, 0x61,
	0x79, 0x20, 0x73, 0x74, 0x61, 0x74, 0x69, 0x63, 0x56, 0x69, 0x73, 0x69,
	0x62, 0x69, 0x6c, 0x69, 0x74, 0x79, 0x54, 0x65, 0x78, 0x74, 0x75, 0x72,
	0x65, 0x3b, 0x0a, 0x6c, 0x61, 0x79, 0x6f, 0x75, 0x74, 0x28, 0x62, 0x69,
	0x6e, 0x64, 0x69, 0x6e, 0x67, 0x20, 0x3d, 0x20, 0x31, 0x29, 0x20, 0x75,
	0x6e, 0x69, 0x66, 0x6f, 0x72, 0x6d, 0x20, 0x73, 0x61, 0x6d, 0x70, 0x6c,
	0x65, 0x72, 0x32, 0x44, 0x20, 0x6c, 0x69, 0x67, 0x68, 0x74, 0x6d, 0x61,
	0x70, 0x54, 0x65, 0x78, 0x74, 0x75, 0x72, 0x65, 0x3b, 0x0a, 0x0a, 0x6c,
	0x61, 0x79, 0x6f, 0x75, 0x74, 0x28, 0x6c, 0x6f, 0x63, 0x61, 0x74, 0x69,
	0x6f, 0x6e, 0x20, 0x3d, 0x20, 0x30, 0x29, 0x20, 0x69, 0x6e, 0x20, 0x76,
	0x65, 0x63, 0x32, 0x20, 0x74, 0x65, 0x78, 0x43, 0x6f, 0x6f, 0x72, 0x64,
	0x3b, 0x0a, 0x6c, 0x61, 0x79, 0x6f, 0x75, 0x74, 0x28, 0x6c, 0x6f, 0x63,
	0x61, 0x74, 0x69, 0x6f, 0x6e, 0x20, 0x3d, 0x20, 0x34, 0x29, 0x20, 0x69,
	0x6e, 0x20, 0x76, 0x65, 0x63, 0x33, 0x20, 0x77, 0x6f, 0x72, 0x6c, 0x64,
	0x4e, 0x6f, 0x72, 0x6d, 0x61, 0x6c, 0x3b, 0x0a, 0x6c, 0x61, 0x79, 0x6f,
	0x75, 0x74, 0x28, 0x6c, 0x6f, 0x63, 0x61, 0x74, 0x69, 0x6f, 0x6e, 0x20,
	0x3d, 0x20, 0x31, 0x29, 0x20, 0x69, 0x6e, 0x20, 0x76, 0x65, 0x63, 0x32,
	0x20, 0x6c, 0x69, 0x67, 0x68, 0x74, 0x6d, 0x61, 0x70, 0x43, 0x6f, 0x6f,
	0x72, 0x64, 0x3b, 0x0a, 0x6c, 0x61, 0x79, 0x6f, 0x75, 0x74, 0x28, 0x6c,
	0x6f, 0x63, 0x61, 0x74, 0x69, 0x6f, 0x6e, 0x20, 0x3d, 0x20, 0x32, 0x29,
	0x20, 0x69, 0x6e, 0x20, 0x76, 0x65, 0x63, 0x34, 0x20, 0x63, 0x6f, 0x6c,
	0x6f, 0x72, 0x3b, 0x0a, 0x6c, 0x61, 0x79, 0x6f, 0x75, 0x74, 0x28, 0x6c,
	0x6f, 0x63, 0x61, 0x74, 0x69, 0x6f, 0x6e, 0x20, 0x3d, 0x20, 0x33, 0x29,
	0x20, 0x69, 0x6e, 0x20, 0x76, 0x65, 0x63, 0x33, 0x20, 0x77, 0x6f, 0x72,
	0x6c, 0x64, 0x50, 0x6f, 0x73, 0x69, 0x74, 0x69, 0x6f, 0x6e, 0x3b, 0x0a,
	0x6c, 0x61, 0x79, 0x6f, 0x75, 0x74, 0x28, 0x6c, 0x6f, 0x63, 0x61, 0x74,
	0x69, 0x6f, 0x6e, 0x20, 0x3d, 0x20, 0x30, 0x29, 0x20, 0x6f, 0x75, 0x74,
	0x20, 0x76, 0x65, 0x63, 0x34, 0x20, 0x6f, 0x75, 0x74, 0x43, 0x6f, 0x6c,
	0x6f, 0x72, 0x3b, 0x0a, 0x0a, 0x76, 0x65, 0x63, 0x33, 0x20, 0x77, 0x69,
	0x72, 0x65, 0x64, 0x5f, 0x6c, 0x69, 0x67, 0x68, 0x74, 0x69, 0x6e, 0x67,
	0x5f, 0x64, 0x65, 0x63, 0x6f, 0x64, 0x65, 0x5f, 0x6f, 0x63, 0x74, 0x28,
	0x76, 0x65, 0x63, 0x32, 0x20, 0x65, 0x6e, 0x63, 0x6f, 0x64, 0x65, 0x64,
	0x29, 0x0a, 0x7b, 0x0a, 0x20, 0x20, 0x20, 0x20, 0x76, 0x65, 0x63, 0x32,
	0x20, 0x66, 0x20, 0x3d, 0x20, 0x28, 0x65, 0x6e, 0x63, 0x6f, 0x64, 0x65,
	0x64, 0x20, 0x2a, 0x20, 0x32, 0x2e, 0x30, 0x29, 0x20, 0x2d, 0x20, 0x76,
	0x65, 0x63, 0x32, 0x28, 0x31, 0x2e, 0x30, 0x29, 0x3b, 0x0a, 0x20, 0x20,
	0x20, 0x20, 0x76, 0x65, 0x63, 0x33, 0x20, 0x6e, 0x20, 0x3d, 0x20, 0x76,
	0x65, 0x63, 0x33, 0x28, 0x66, 0x2c, 0x20, 0x28, 0x31, 0x2e, 0x30, 0x20,
	0x2d, 0x20, 0x61, 0x62, 0x73, 0x28, 0x66, 0x2e, 0x78, 0x29, 0x29, 0x20,
	0x2d, 0x20, 0x61, 0x62, 0x73, 0x28, 0x66, 0x2e, 0x79, 0x29, 0x29, 0x3b,
	0x0a, 0x20, 0x20, 0x20, 0x20, 0x69, 0x66, 0x20, 0x28, 0x6e, 0x2e, 0x7a,
	0x20, 0x3c, 0x20, 0x30, 0x2e, 0x30, 0x29, 0x0a, 0x20, 0x20, 0x20, 0x20,
	0x7b, 0x0a, 0x20, 0x20, 0x20, 0x20, 0x20, 0x20, 0x20, 0x20, 0x76, 0x65,
	0x63, 0x32, 0x20, 0x66, 0x6f, 0x6c, 0x64, 0x65, 0x64, 0x20, 0x3d, 0x20,
	0x28, 0x76, 0x65, 0x63, 0x32, 0x28, 0x31, 0x2e, 0x30, 0x29, 0x20, 0x2d,
	0x20, 0x61, 0x62, 0x73, 0x28, 0x6e, 0x2e, 0x79, 0x78, 0x29, 0x29, 0x20,
	0x2a, 0x20, 0x73, 0x69, 0x67, 0x6e, 0x28, 0x6e, 0x2e, 0x78, 0x79, 0x29,
	0x3b, 0x0a, 0x20, 0x20, 0x20, 0x20, 0x20, 0x20, 0x20, 0x20, 0x6e, 0x2e,
	0x78, 0x20, 0x3d, 0x20, 0x66, 0x6f, 0x6c, 0x64, 0x65, 0x64, 0x2e, 0x78,
	0x3b, 0x0a, 0x20, 0x20, 0x20, 0x20, 0x20, 0x20, 0x20, 0x20, 0x6e, 0x2e,
	0x79, 0x20, 0x3d, 0x20, 0x66, 0x6f, 0x6c, 0x64, 0x65, 0x64, 0x2e, 0x79,
	0x3b, 0x0a, 0x20, 0x20, 0x20, 0x20, 0x7d, 0x0a, 0x20, 0x20, 0x20, 0x20,
	0x72, 0x65, 0x74, 0x75, 0x72, 0x6e, 0x20, 0x6e, 0x6f, 0x72, 0x6d, 0x61,
	0x6c, 0x69, 0x7a, 0x65, 0x28, 0x6e, 0x29, 0x3b, 0x0a, 0x7d, 0x0a, 0x0a,
	0x76, 0x65, 0x63, 0x33, 0x20, 0x77, 0x69, 0x72, 0x65, 0x64, 0x5f, 0x6c,
	0x69, 0x67, 0x68, 0x74, 0x69, 0x6e, 0x67, 0x5f, 0x64, 0x69, 0x72, 0x65,
	0x63, 0x74, 0x69, 0x6f, 0x6e, 0x61, 0x6c, 0x5f, 0x73, 0x74, 0x61, 0x74,
	0x69, 0x63, 0x5f, 0x69, 0x6e, 0x64, 0x69, 0x72, 0x65, 0x63, 0x74, 0x28,
	0x76, 0x65, 0x63, 0x33, 0x20, 0x72, 0x61, 0x64, 0x69, 0x61, 0x6e, 0x63,
	0x65, 0x2c, 0x20, 0x76, 0x65, 0x63, 0x32, 0x20, 0x65, 0x6e, 0x63, 0x6f,
	0x64, 0x65, 0x64, 0x44, 0x69, 0x72, 0x65, 0x63, 0x74, 0x69, 0x6f, 0x6e,
	0x2c, 0x20, 0x76, 0x65, 0x63, 0x33, 0x20, 0x6d, 0x61, 0x74, 0x65, 0x72,
	0x69, 0x61, 0x6c, 0x4e, 0x6f, 0x72, 0x6d, 0x61, 0x6c, 0x29, 0x0a, 0x7b,
	0x0a, 0x20, 0x20, 0x20, 0x20, 0x76, 0x65, 0x63, 0x32, 0x20, 0x70, 0x61,
	0x72, 0x61, 0x6d, 0x20, 0x3d, 0x20, 0x65, 0x6e, 0x63, 0x6f, 0x64, 0x65,
	0x64, 0x44, 0x69, 0x72, 0x65, 0x63, 0x74, 0x69, 0x6f, 0x6e, 0x3b, 0x0a,
	0x20, 0x20, 0x20, 0x20, 0x76, 0x65, 0x63, 0x33, 0x20, 0x64, 0x6f, 0x6d,
	0x69, 0x6e, 0x61, 0x6e, 0x74, 0x44, 0x69, 0x72, 0x65, 0x63, 0x74, 0x69,
	0x6f, 0x6e, 0x20, 0x3d, 0x20, 0x77, 0x69, 0x72, 0x65, 0x64, 0x5f, 0x6c,
	0x69, 0x67, 0x68, 0x74, 0x69, 0x6e, 0x67, 0x5f, 0x64, 0x65, 0x63, 0x6f,
	0x64, 0x65, 0x5f, 0x6f, 0x63, 0x74, 0x28, 0x70, 0x61, 0x72, 0x61, 0x6d,
	0x29, 0x3b, 0x0a, 0x20, 0x20, 0x20, 0x20, 0x72, 0x65, 0x74, 0x75, 0x72,
	0x6e, 0x20, 0x6d, 0x61, 0x78, 0x28, 0x72, 0x61, 0x64, 0x69, 0x61, 0x6e,
	0x63, 0x65, 0x2c, 0x20, 0x76, 0x65, 0x63, 0x33, 0x28, 0x30, 0x2e, 0x30,
	0x29, 0x29, 0x20, 0x2a, 0x20, 0x6d, 0x61, 0x78, 0x28, 0x64, 0x6f, 0x74,
	0x28, 0x6e, 0x6f, 0x72, 0x6d, 0x61, 0x6c, 0x69, 0x7a, 0x65, 0x28, 0x6d,
	0x61, 0x74, 0x65, 0x72, 0x69, 0x61, 0x6c, 0x4e, 0x6f, 0x72, 0x6d, 0x61,
	0x6c, 0x29, 0x2c, 0x20, 0x64, 0x6f, 0x6d, 0x69, 0x6e, 0x61, 0x6e, 0x74,
	0x44, 0x69, 0x72, 0x65, 0x63, 0x74, 0x69, 0x6f, 0x6e, 0x29, 0x2c, 0x20,
	0x30, 0x2e, 0x30, 0x29, 0x3b, 0x0a, 0x7d, 0x0a, 0x0a, 0x76, 0x65, 0x63,
	0x33, 0x20, 0x77, 0x69, 0x72, 0x65, 0x64, 0x5f, 0x64, 0x69, 0x73, 0x70,
	0x6c, 0x61, 0x79, 0x5f, 0x76, 0x69, 0x73, 0x69, 0x62, 0x69, 0x6c, 0x69,
	0x74, 0x79, 0x28, 0x76, 0x65, 0x63, 0x33, 0x20, 0x73, 0x63, 0x65, 0x6e,
	0x65, 0x43, 0x6f, 0x6c, 0x6f, 0x72, 0x29, 0x0a, 0x7b, 0x0a, 0x20, 0x20,
	0x20, 0x20, 0x76, 0x65, 0x63, 0x33, 0x20, 0x65, 0x78, 0x70, 0x6f, 0x73,
	0x65, 0x64, 0x20, 0x3d, 0x20, 0x6d, 0x61, 0x78, 0x28, 0x73, 0x63, 0x65,
	0x6e, 0x65, 0x43, 0x6f, 0x6c, 0x6f, 0x72, 0x2c, 0x20, 0x76, 0x65, 0x63,
	0x33, 0x28, 0x30, 0x2e, 0x30, 0x29, 0x29, 0x20, 0x2a, 0x20, 0x70, 0x72,
	0x6f, 0x64, 0x75, 0x63, 0x74, 0x44, 0x72, 0x61, 0x77, 0x2e, 0x76, 0x69,
	0x65, 0x77, 0x46, 0x6f, 0x72, 0x77, 0x61, 0x72, 0x64, 0x2e, 0x77, 0x3b,
	0x0a, 0x20, 0x20, 0x20, 0x20, 0x66, 0x6c, 0x6f, 0x61, 0x74, 0x20, 0x6c,
	0x75, 0x6d, 0x69, 0x6e, 0x61, 0x6e, 0x63, 0x65, 0x20, 0x3d, 0x20, 0x64,
	0x6f, 0x74, 0x28, 0x65, 0x78, 0x70, 0x6f, 0x73, 0x65, 0x64, 0x2c, 0x20,
	0x76, 0x65, 0x63, 0x33, 0x28, 0x30, 0x2e, 0x32, 0x31, 0x32, 0x35, 0x39,
	0x39, 0x39, 0x39, 0x32, 0x37, 0x35, 0x32, 0x30, 0x37, 0x35, 0x31, 0x39,
	0x35, 0x33, 0x31, 0x32, 0x35, 0x2c, 0x20, 0x30, 0x2e, 0x37, 0x31, 0x35,
	0x32, 0x30, 0x30, 0x30, 0x30, 0x36, 0x39, 0x36, 0x31, 0x38, 0x32, 0x32,
	0x35, 0x30, 0x39, 0x37, 0x36, 0x35, 0x36, 0x32, 0x35, 0x2c, 0x20, 0x30,
	0x2e, 0x30, 0x37, 0x32, 0x32, 0x30, 0x30, 0x30, 0x30, 0x30, 0x32, 0x38,
	0x36, 0x31, 0x30, 0x32, 0x32, 0x39, 0x34, 0x39, 0x32, 0x31, 0x38, 0x37,
	0x35, 0x29, 0x29, 0x3b, 0x0a, 0x20, 0x20, 0x20, 0x20, 0x62, 0x6f, 0x6f,
	0x6c, 0x20, 0x5f, 0x31, 0x31, 0x36, 0x20, 0x3d, 0x20, 0x6c, 0x75, 0x6d,
	0x69, 0x6e, 0x61, 0x6e, 0x63, 0x65, 0x20, 0x3e, 0x20, 0x30, 0x2e, 0x30,
	0x3b, 0x0a, 0x20, 0x20, 0x20, 0x20, 0x62, 0x6f, 0x6f, 0x6c, 0x20, 0x5f,
	0x31, 0x32, 0x34, 0x3b, 0x0a, 0x20, 0x20, 0x20, 0x20, 0x69, 0x66, 0x20,
	0x28, 0x5f, 0x31, 0x31, 0x36, 0x29, 0x0a, 0x20, 0x20, 0x20, 0x20, 0x7b,
	0x0a, 0x20, 0x20, 0x20, 0x20, 0x20, 0x20, 0x20, 0x20, 0x5f, 0x31, 0x32,
	0x34, 0x20, 0x3d, 0x20, 0x6c, 0x75, 0x6d, 0x69, 0x6e, 0x61, 0x6e, 0x63,
	0x65, 0x20, 0x3c, 0x20, 0x70, 0x72, 0x6f, 0x64, 0x75, 0x63, 0x74, 0x44,
	0x72, 0x61, 0x77, 0x2e, 0x76, 0x69, 0x65, 0x77, 0x55, 0x70, 0x2e, 0x77,
	0x3b, 0x0a, 0x20, 0x20, 0x20, 0x20, 0x7d, 0x0a, 0x20, 0x20, 0x20, 0x20,
	0x65, 0x6c, 0x73, 0x65, 0x0a, 0x20, 0x20, 0x20, 0x20, 0x7b, 0x0a, 0x20,
	0x20, 0x20, 0x20, 0x20, 0x20, 0x20, 0x20, 0x5f, 0x31, 0x32, 0x34, 0x20,
	0x3d, 0x20, 0x5f, 0x31, 0x31, 0x36, 0x3b, 0x0a, 0x20, 0x20, 0x20, 0x20,
	0x7d, 0x0a, 0x20, 0x20, 0x20, 0x20, 0x62, 0x6f, 0x6f, 0x6c, 0x20, 0x5f,
	0x31, 0x33, 0x31, 0x3b, 0x0a, 0x20, 0x20, 0x20, 0x20, 0x69, 0x66, 0x20,
	0x28, 0x5f, 0x31, 0x32, 0x34, 0x29, 0x0a, 0x20, 0x20, 0x20, 0x20, 0x7b,
	0x0a, 0x20, 0x20, 0x20, 0x20, 0x20, 0x20, 0x20, 0x20, 0x5f, 0x31, 0x33,
	0x31, 0x20, 0x3d, 0x20, 0x70, 0x72, 0x6f, 0x64, 0x75, 0x63, 0x74, 0x44,
	0x72, 0x61, 0x77, 0x2e, 0x76, 0x69, 0x65, 0x77, 0x4c, 0x65, 0x66, 0x74,
	0x2e, 0x77, 0x20, 0x21, 0x3d, 0x20, 0x31, 0x2e, 0x30, 0x3b, 0x0a, 0x20,
	0x20, 0x20, 0x20, 0x7d, 0x0a, 0x20, 0x20, 0x20, 0x20, 0x65, 0x6c, 0x73,
	0x65, 0x0a, 0x20, 0x20, 0x20, 0x20, 0x7b, 0x0a, 0x20, 0x20, 0x20, 0x20,
	0x20, 0x20, 0x20, 0x20, 0x5f, 0x31, 0x33, 0x31, 0x20, 0x3d, 0x20, 0x5f,
	0x31, 0x32, 0x34, 0x3b, 0x0a, 0x20, 0x20, 0x20, 0x20, 0x7d, 0x0a, 0x20,
	0x20, 0x20, 0x20, 0x69, 0x66, 0x20, 0x28, 0x5f, 0x31, 0x33, 0x31, 0x29,
	0x0a, 0x20, 0x20, 0x20, 0x20, 0x7b, 0x0a, 0x20, 0x20, 0x20, 0x20, 0x20,
	0x20, 0x20, 0x20, 0x66, 0x6c, 0x6f, 0x61, 0x74, 0x20, 0x63, 0x75, 0x72,
	0x76, 0x65, 0x64, 0x20, 0x3d, 0x20, 0x70, 0x6f, 0x77, 0x28, 0x6c, 0x75,
	0x6d, 0x69, 0x6e, 0x61, 0x6e, 0x63, 0x65, 0x20, 0x2f, 0x20, 0x70, 0x72,
	0x6f, 0x64, 0x75, 0x63, 0x74, 0x44, 0x72, 0x61, 0x77, 0x2e, 0x76, 0x69,
	0x65, 0x77, 0x55, 0x70, 0x2e, 0x77, 0x2c, 0x20, 0x70, 0x72, 0x6f, 0x64,
	0x75, 0x63, 0x74, 0x44, 0x72, 0x61, 0x77, 0x2e, 0x76, 0x69, 0x65, 0x77,
	0x4c, 0x65, 0x66, 0x74, 0x2e, 0x77, 0x29, 0x20, 0x2a, 0x20, 0x70, 0x72,
	0x6f, 0x64, 0x75, 0x63, 0x74, 0x44, 0x72, 0x61, 0x77, 0x2e, 0x76, 0x69,
	0x65, 0x77, 0x55, 0x70, 0x2e, 0x77, 0x3b, 0x0a, 0x20, 0x20, 0x20, 0x20,
	0x20, 0x20, 0x20, 0x20, 0x65, 0x78, 0x70, 0x6f, 0x73, 0x65, 0x64, 0x20,
	0x2a, 0x3d, 0x20, 0x28, 0x63, 0x75, 0x72, 0x76, 0x65, 0x64, 0x20, 0x2f,
	0x20, 0x6c, 0x75, 0x6d, 0x69, 0x6e, 0x61, 0x6e, 0x63, 0x65, 0x29, 0x3b,
	0x0a, 0x20, 0x20, 0x20, 0x20, 0x7d, 0x0a, 0x20, 0x20, 0x20, 0x20, 0x72,
	0x65, 0x74, 0x75, 0x72, 0x6e, 0x20, 0x65, 0x78, 0x70, 0x6f, 0x73, 0x65,
	0x64, 0x3b, 0x0a, 0x7d, 0x0a, 0x0a, 0x76, 0x6f, 0x69, 0x64, 0x20, 0x6d,
	0x61, 0x69, 0x6e, 0x28, 0x29, 0x0a, 0x7b, 0x0a, 0x20, 0x20, 0x20, 0x20,
	0x76, 0x65, 0x63, 0x34, 0x20, 0x62, 0x61, 0x73, 0x65, 0x20, 0x3d, 0x20,
	0x74, 0x65, 0x78, 0x74, 0x75, 0x72, 0x65, 0x28, 0x62, 0x61, 0x73, 0x65,
	0x54, 0x65, 0x78, 0x74, 0x75, 0x72, 0x65, 0x2c, 0x20, 0x74, 0x65, 0x78,
	0x43, 0x6f, 0x6f, 0x72, 0x64, 0x29, 0x3b, 0x0a, 0x20, 0x20, 0x20, 0x20,
	0x69, 0x6e, 0x74, 0x20, 0x61, 0x6c, 0x70, 0x68, 0x61, 0x4d, 0x6f, 0x64,
	0x65, 0x20, 0x3d, 0x20, 0x69, 0x6e, 0x74, 0x28, 0x70, 0x72, 0x6f, 0x64,
	0x75, 0x63, 0x74, 0x44, 0x72, 0x61, 0x77, 0x2e, 0x76, 0x69, 0x65, 0x77,
	0x70, 0x6f, 0x72, 0x74, 0x41, 0x6c, 0x70, 0x68, 0x61, 0x2e, 0x7a, 0x20,
	0x2b, 0x20, 0x30, 0x2e, 0x35, 0x29, 0x3b, 0x0a, 0x20, 0x20, 0x20, 0x20,
	0x62, 0x6f, 0x6f, 0x6c, 0x20, 0x5f, 0x31, 0x37, 0x38, 0x20, 0x3d, 0x20,
	0x61, 0x6c, 0x70, 0x68, 0x61, 0x4d, 0x6f, 0x64, 0x65, 0x20, 0x3d, 0x3d,
	0x20, 0x31, 0x3b, 0x0a, 0x20, 0x20, 0x20, 0x20, 0x62, 0x6f, 0x6f, 0x6c,
	0x20, 0x5f, 0x31, 0x38, 0x36, 0x3b, 0x0a, 0x20, 0x20, 0x20, 0x20, 0x69,
	0x66, 0x20, 0x28, 0x5f, 0x31, 0x37, 0x38, 0x29, 0x0a, 0x20, 0x20, 0x20,
	0x20, 0x7b, 0x0a, 0x20, 0x20, 0x20, 0x20, 0x20, 0x20, 0x20, 0x20, 0x5f,
	0x31, 0x38, 0x36, 0x20, 0x3d, 0x20, 0x62, 0x61, 0x73, 0x65, 0x2e, 0x77,
	0x20, 0x3c, 0x20, 0x70, 0x72, 0x6f, 0x64, 0x75, 0x63, 0x74, 0x44, 0x72,
	0x61, 0x77, 0x2e, 0x76, 0x69, 0x65, 0x77, 0x70, 0x6f, 0x72, 0x74, 0x41,
	0x6c, 0x70, 0x68, 0x61, 0x2e, 0x77, 0x3b, 0x0a, 0x20, 0x20, 0x20, 0x20,
	0x7d, 0x0a, 0x20, 0x20, 0x20, 0x20, 0x65, 0x6c, 0x73, 0x65, 0x0a, 0x20,
	0x20, 0x20, 0x20, 0x7b, 0x0a, 0x20, 0x20, 0x20, 0x20, 0x20, 0x20, 0x20,
	0x20, 0x5f, 0x31, 0x38, 0x36, 0x20, 0x3d, 0x20, 0x5f, 0x31, 0x37, 0x38,
	0x3b, 0x0a, 0x20, 0x20, 0x20, 0x20, 0x7d, 0x0a, 0x20, 0x20, 0x20, 0x20,
	0x69, 0x66, 0x20, 0x28, 0x5f, 0x31, 0x38, 0x36, 0x29, 0x0a, 0x20, 0x20,
	0x20, 0x20, 0x7b, 0x0a, 0x20, 0x20, 0x20, 0x20, 0x20, 0x20, 0x20, 0x20,
	0x64, 0x69, 0x73, 0x63, 0x61, 0x72, 0x64, 0x3b, 0x0a, 0x20, 0x20, 0x20,
	0x20, 0x7d, 0x0a, 0x20, 0x20, 0x20, 0x20, 0x76, 0x65, 0x63, 0x33, 0x20,
	0x6c, 0x6f, 0x63, 0x61, 0x6c, 0x53, 0x68, 0x20, 0x3d, 0x20, 0x6d, 0x61,
	0x78, 0x28, 0x28, 0x28, 0x70, 0x72, 0x6f, 0x64, 0x75, 0x63, 0x74, 0x44,
	0x72, 0x61, 0x77, 0x2e, 0x6c, 0x6f, 0x63, 0x61, 0x6c, 0x53, 0x68, 0x5b,
	0x30, 0x5d, 0x2e, 0x78, 0x79, 0x7a, 0x20, 0x2b, 0x20, 0x28, 0x70, 0x72,
	0x6f, 0x64, 0x75, 0x63, 0x74, 0x44, 0x72, 0x61, 0x77, 0x2e, 0x6c, 0x6f,
	0x63, 0x61, 0x6c, 0x53, 0x68, 0x5b, 0x31, 0x5d, 0x2e, 0x78, 0x79, 0x7a,
	0x20, 0x2a, 0x20, 0x77, 0x6f, 0x72, 0x6c, 0x64, 0x4e, 0x6f, 0x72, 0x6d,
	0x61, 0x6c, 0x2e, 0x78, 0x29, 0x29, 0x20, 0x2b, 0x20, 0x28, 0x70, 0x72,
	0x6f, 0x64, 0x75, 0x63, 0x74, 0x44, 0x72, 0x61, 0x77, 0x2e, 0x6c, 0x6f,
	0x63, 0x61, 0x6c, 0x53, 0x68, 0x5b, 0x32, 0x5d, 0x2e, 0x78, 0x79, 0x7a,
	0x20, 0x2a, 0x20, 0x77, 0x6f, 0x72, 0x6c, 0x64, 0x4e, 0x6f, 0x72, 0x6d,
	0x61, 0x6c, 0x2e, 0x79, 0x29, 0x29, 0x20, 0x2b, 0x20, 0x28, 0x70, 0x72,
	0x6f, 0x64, 0x75, 0x63, 0x74, 0x44, 0x72, 0x61, 0x77, 0x2e, 0x6c, 0x6f,
	0x63, 0x61, 0x6c, 0x53, 0x68, 0x5b, 0x33, 0x5d, 0x2e, 0x78, 0x79, 0x7a,
	0x20, 0x2a, 0x20, 0x77, 0x6f, 0x72, 0x6c, 0x64, 0x4e, 0x6f, 0x72, 0x6d,
	0x61, 0x6c, 0x2e, 0x7a, 0x29, 0x2c, 0x20, 0x76, 0x65, 0x63, 0x33, 0x28,
	0x30, 0x2e, 0x30, 0x29, 0x29, 0x3b, 0x0a, 0x20, 0x20, 0x20, 0x20, 0x76,
	0x65, 0x63, 0x33, 0x20, 0x6c, 0x69, 0x67, 0x68, 0x74, 0x69, 0x6e, 0x67,
	0x3b, 0x0a, 0x20, 0x20, 0x20, 0x20, 0x69, 0x66, 0x20, 0x28, 0x70, 0x72,
	0x6f, 0x64, 0x75, 0x63, 0x74, 0x44, 0x72, 0x61, 0x77, 0x2e, 0x73, 0x74,
	0x61, 0x74, 0x69, 0x63, 0x4c, 0x69, 0x67, 0x68, 0x74, 0x69, 0x6e, 0x67,
	0x2e, 0x78, 0x20, 0x3d, 0x3d, 0x20, 0x32, 0x75, 0x29, 0x0a, 0x20, 0x20,
	0x20, 0x20, 0x7b, 0x0a, 0x20, 0x20, 0x20, 0x20, 0x20, 0x20, 0x20, 0x20,
	0x76, 0x65, 0x63, 0x33, 0x20, 0x61, 0x64, 0x64, 0x72, 0x65, 0x73, 0x73,
	0x20, 0x3d, 0x20, 0x76, 0x65, 0x63, 0x33, 0x28, 0x6c, 0x69, 0x67, 0x68,
	0x74, 0x6d, 0x61, 0x70, 0x43, 0x6f, 0x6f, 0x72, 0x64, 0x2c, 0x20, 0x66,
	0x6c, 0x6f, 0x61, 0x74, 0x28, 0x70, 0x72, 0x6f, 0x64, 0x75, 0x63, 0x74,
	0x44, 0x72, 0x61, 0x77, 0x2e, 0x73, 0x74, 0x61, 0x74, 0x69, 0x63, 0x4c,
	0x69, 0x67, 0x68, 0x74, 0x69, 0x6e, 0x67, 0x2e, 0x79, 0x29, 0x29, 0x3b,
	0x0a, 0x20, 0x20, 0x20, 0x20, 0x20, 0x20, 0x20, 0x20, 0x76, 0x65, 0x63,
	0x33, 0x20, 0x72, 0x61, 0x64, 0x69, 0x61, 0x6e, 0x63, 0x65, 0x20, 0x3d,
	0x20, 0x74, 0x65, 0x78, 0x74, 0x75, 0x72, 0x65, 0x28, 0x73, 0x74, 0x61,
	0x74, 0x69, 0x63, 0x52, 0x61, 0x64, 0x69, 0x61, 0x6e, 0x63, 0x65, 0x54,
	0x65, 0x78, 0x74, 0x75, 0x72, 0x65, 0x2c, 0x20, 0x61, 0x64, 0x64, 0x72,
	0x65, 0x73, 0x73, 0x29, 0x2e, 0x78, 0x79, 0x7a, 0x3b, 0x0a, 0x20, 0x20,
	0x20, 0x20, 0x20, 0x20, 0x20, 0x20, 0x76, 0x65, 0x63, 0x32, 0x20, 0x65,
	0x6e, 0x63, 0x6f, 0x64, 0x65, 0x64, 0x44, 0x69, 0x72, 0x65, 0x63, 0x74,
	0x69, 0x6f, 0x6e, 0x20, 0x3d, 0x20, 0x74, 0x65, 0x78, 0x74, 0x75, 0x72,
	0x65, 0x28, 0x73, 0x74, 0x61, 0x74, 0x69, 0x63, 0x44, 0x69, 0x72, 0x65,
	0x63, 0x74, 0x69, 0x6f, 0x6e, 0x54, 0x65, 0x78, 0x74, 0x75, 0x72, 0x65,
	0x2c, 0x20, 0x61, 0x64, 0x64, 0x72, 0x65, 0x73, 0x73, 0x29, 0x2e, 0x78,
	0x79, 0x3b, 0x0a, 0x20, 0x20, 0x20, 0x20, 0x20, 0x20, 0x20, 0x20, 0x69,
	0x66, 0x20, 0x28, 0x70, 0x72, 0x6f, 0x64, 0x75, 0x63, 0x74, 0x44, 0x72,
	0x61, 0x77, 0x2e, 0x73, 0x74, 0x61, 0x74, 0x69, 0x63, 0x4c, 0x69, 0x67,
	0x68, 0x74, 0x69, 0x6e, 0x67, 0x2e, 0x7a, 0x20, 0x3d, 0x3d, 0x20, 0x32,
	0x75, 0x29, 0x0a, 0x20, 0x20, 0x20, 0x20, 0x20, 0x20, 0x20, 0x20, 0x7b,
	0x0a, 0x20, 0x20, 0x20, 0x20, 0x20, 0x20, 0x20, 0x20, 0x20, 0x20, 0x20,
	0x20, 0x65, 0x6e, 0x63, 0x6f, 0x64, 0x65, 0x64, 0x44, 0x69, 0x72, 0x65,
	0x63, 0x74, 0x69, 0x6f, 0x6e, 0x20, 0x3d, 0x20, 0x28, 0x65, 0x6e, 0x63,
	0x6f, 0x64, 0x65, 0x64, 0x44, 0x69, 0x72, 0x65, 0x63, 0x74, 0x69, 0x6f,
	0x6e, 0x20, 0x2a, 0x20, 0x30, 0x2e, 0x35, 0x29, 0x20, 0x2b, 0x20, 0x76,
	0x65, 0x63, 0x32, 0x28, 0x30, 0x2e, 0x35, 0x29, 0x3b, 0x0a, 0x20, 0x20,
	0x20, 0x20, 0x20, 0x20, 0x20, 0x20, 0x7d, 0x0a, 0x20, 0x20, 0x20, 0x20,
	0x20, 0x20, 0x20, 0x20, 0x76, 0x65, 0x63, 0x33, 0x20, 0x70, 0x61, 0x72,
	0x61, 0x6d, 0x20, 0x3d, 0x20, 0x72, 0x61, 0x64, 0x69, 0x61, 0x6e, 0x63,
	0x65, 0x3b, 0x0a, 0x20, 0x20, 0x20, 0x20, 0x20, 0x20, 0x20, 0x20, 0x76,
	0x65, 0x63, 0x32, 0x20, 0x70, 0x61, 0x72, 0x61, 0x6d, 0x5f, 0x31, 0x20,
	0x3d, 0x20, 0x65, 0x6e, 0x63, 0x6f, 0x64, 0x65, 0x64, 0x44, 0x69, 0x72,
	0x65, 0x63, 0x74, 0x69, 0x6f, 0x6e, 0x3b, 0x0a, 0x20, 0x20, 0x20, 0x20,
	0x20, 0x20, 0x20, 0x20, 0x76, 0x65, 0x63, 0x33, 0x20, 0x70, 0x61, 0x72,
	0x61, 0x6d, 0x5f, 0x32, 0x20, 0x3d, 0x20, 0x77, 0x6f, 0x72, 0x6c, 0x64,
	0x4e, 0x6f, 0x72, 0x6d, 0x61, 0x6c, 0x3b, 0x0a, 0x20, 0x20, 0x20, 0x20,
	0x20, 0x20, 0x20, 0x20, 0x6c, 0x69, 0x67, 0x68, 0x74, 0x69, 0x6e, 0x67,
	0x20, 0x3d, 0x20, 0x77, 0x69, 0x72, 0x65, 0x64, 0x5f, 0x6c, 0x69, 0x67,
	0x68, 0x74, 0x69, 0x6e, 0x67, 0x5f, 0x64, 0x69, 0x72, 0x65, 0x63, 0x74,
	0x69, 0x6f, 0x6e, 0x61, 0x6c, 0x5f, 0x73, 0x74, 0x61, 0x74, 0x69, 0x63,
	0x5f, 0x69, 0x6e, 0x64, 0x69, 0x72, 0x65, 0x63, 0x74, 0x28, 0x70, 0x61,
	0x72, 0x61, 0x6d, 0x2c, 0x20, 0x70, 0x61, 0x72, 0x61, 0x6d, 0x5f, 0x31,
	0x2c, 0x20, 0x70, 0x61, 0x72, 0x61, 0x6d, 0x5f, 0x32, 0x29, 0x3b, 0x0a,
	0x20, 0x20, 0x20, 0x20, 0x20, 0x20, 0x20, 0x20, 0x69, 0x66, 0x20, 0x28,
	0x70, 0x72, 0x6f, 0x64, 0x75, 0x63, 0x74, 0x44, 0x72, 0x61, 0x77, 0x2e,
	0x73, 0x74, 0x61, 0x74, 0x69, 0x63, 0x4c, 0x69, 0x67, 0x68, 0x74, 0x69,
	0x6e, 0x67, 0x2e, 0x77, 0x20, 0x21, 0x3d, 0x20, 0x30, 0x75, 0x29, 0x0a,
	0x20, 0x20, 0x20, 0x20, 0x20, 0x20, 0x20, 0x20, 0x7b, 0x0a, 0x20, 0x20,
	0x20, 0x20, 0x20, 0x20, 0x20, 0x20, 0x20, 0x20, 0x20, 0x20, 0x6c, 0x69,
	0x67, 0x68, 0x74, 0x69, 0x6e, 0x67, 0x20, 0x2a, 0x3d, 0x20, 0x74, 0x65,
	0x78, 0x74, 0x75, 0x72, 0x65, 0x28, 0x73, 0x74, 0x61, 0x74, 0x69, 0x63,
	0x56, 0x69, 0x73, 0x69, 0x62, 0x69, 0x6c, 0x69, 0x74, 0x79, 0x54, 0x65,
	0x78, 0x74, 0x75, 0x72, 0x65, 0x2c, 0x20, 0x61, 0x64, 0x64, 0x72, 0x65,
	0x73, 0x73, 0x29, 0x2e, 0x78, 0x3b, 0x0a, 0x20, 0x20, 0x20, 0x20, 0x20,
	0x20, 0x20, 0x20, 0x7d, 0x0a, 0x20, 0x20, 0x20, 0x20, 0x7d, 0x0a, 0x20,
	0x20, 0x20, 0x20, 0x65, 0x6c, 0x73, 0x65, 0x0a, 0x20, 0x20, 0x20, 0x20,
	0x7b, 0x0a, 0x20, 0x20, 0x20, 0x20, 0x20, 0x20, 0x20, 0x20, 0x62, 0x6f,
	0x6f, 0x6c, 0x20, 0x5f, 0x32, 0x39, 0x34, 0x20, 0x3d, 0x20, 0x70, 0x72,
	0x6f, 0x64, 0x75, 0x63, 0x74, 0x44, 0x72, 0x61, 0x77, 0x2e, 0x73, 0x74,
	0x61, 0x74, 0x69, 0x63, 0x4c, 0x69, 0x67, 0x68, 0x74, 0x69, 0x6e, 0x67,
	0x2e, 0x78, 0x20, 0x3d, 0x3d, 0x20, 0x31, 0x75, 0x3b, 0x0a, 0x20, 0x20,
	0x20, 0x20, 0x20, 0x20, 0x20, 0x20, 0x62, 0x6f, 0x6f, 0x6c, 0x20, 0x5f,
	0x33, 0x30, 0x32, 0x3b, 0x0a, 0x20, 0x20, 0x20, 0x20, 0x20, 0x20, 0x20,
	0x20, 0x69, 0x66, 0x20, 0x28, 0x21, 0x5f, 0x32, 0x39, 0x34, 0x29, 0x0a,
	0x20, 0x20, 0x20, 0x20, 0x20, 0x20, 0x20, 0x20, 0x7b, 0x0a, 0x20, 0x20,
	0x20, 0x20, 0x20, 0x20, 0x20, 0x20, 0x20, 0x20, 0x20, 0x20, 0x5f, 0x33,
	0x30, 0x32, 0x20, 0x3d, 0x20, 0x70, 0x72, 0x6f, 0x64, 0x75, 0x63, 0x74,
	0x44, 0x72, 0x61, 0x77, 0x2e, 0x70, 0x72, 0x6f, 0x6a, 0x65, 0x63, 0x74,
	0x69, 0x6f, 0x6e, 0x4c, 0x69, 0x67, 0x68, 0x74, 0x6d, 0x61, 0x70, 0x2e,
	0x77, 0x20, 0x3e, 0x3d, 0x20, 0x30, 0x2e, 0x35, 0x3b, 0x0a, 0x20, 0x20,
	0x20, 0x20, 0x20, 0x20, 0x20, 0x20, 0x7d, 0x0a, 0x20, 0x20, 0x20, 0x20,
	0x20, 0x20, 0x20, 0x20, 0x65, 0x6c, 0x73, 0x65, 0x0a, 0x20, 0x20, 0x20,
	0x20, 0x20, 0x20, 0x20, 0x20, 0x7b, 0x0a, 0x20, 0x20, 0x20, 0x20, 0x20,
	0x20, 0x20, 0x20, 0x20, 0x20, 0x20, 0x20, 0x5f, 0x33, 0x30, 0x32, 0x20,
	0x3d, 0x20, 0x5f, 0x32, 0x39, 0x34, 0x3b, 0x0a, 0x20, 0x20, 0x20, 0x20,
	0x20, 0x20, 0x20, 0x20, 0x7d, 0x0a, 0x20, 0x20, 0x20, 0x20, 0x20, 0x20,
	0x20, 0x20, 0x69, 0x66, 0x20, 0x28, 0x5f, 0x33, 0x30, 0x32, 0x29, 0x0a,
	0x20, 0x20, 0x20, 0x20, 0x20, 0x20, 0x20, 0x20, 0x7b, 0x0a, 0x20, 0x20,
	0x20, 0x20, 0x20, 0x20, 0x20, 0x20, 0x20, 0x20, 0x20, 0x20, 0x6c, 0x69,
	0x67, 0x68, 0x74, 0x69, 0x6e, 0x67, 0x20, 0x3d, 0x20, 0x6d, 0x69, 0x6e,
	0x28, 0x74, 0x65, 0x78, 0x74, 0x75, 0x72, 0x65, 0x28, 0x6c, 0x69, 0x67,
	0x68, 0x74, 0x6d, 0x61, 0x70, 0x54, 0x65, 0x78, 0x74, 0x75, 0x72, 0x65,
	0x2c, 0x20, 0x6c, 0x69, 0x67, 0x68, 0x74, 0x6d, 0x61, 0x70, 0x43, 0x6f,
	0x6f, 0x72, 0x64, 0x29, 0x2e, 0x78, 0x79, 0x7a, 0x20, 0x2a, 0x20, 0x32,
	0x2e, 0x30, 0x2c, 0x20, 0x76, 0x65, 0x63, 0x33, 0x28, 0x31, 0x2e, 0x30,
	0x29, 0x29, 0x3b, 0x0a, 0x20, 0x20, 0x20, 0x20, 0x20, 0x20, 0x20, 0x20,
	0x7d, 0x0a, 0x20, 0x20, 0x20, 0x20, 0x20, 0x20, 0x20, 0x20, 0x65, 0x6c,
	0x73, 0x65, 0x0a, 0x20, 0x20, 0x20, 0x20, 0x20, 0x20, 0x20, 0x20, 0x7b,
	0x0a, 0x20, 0x20, 0x20, 0x20, 0x20, 0x20, 0x20, 0x20, 0x20, 0x20, 0x20,
	0x20, 0x6c, 0x69, 0x67, 0x68, 0x74, 0x69, 0x6e, 0x67, 0x20, 0x3d, 0x20,
	0x6d, 0x69, 0x78, 0x28, 0x76, 0x65, 0x63, 0x33, 0x28, 0x31, 0x2e, 0x30,
	0x29, 0x2c, 0x20, 0x6c, 0x6f, 0x63, 0x61, 0x6c, 0x53, 0x68, 0x2c, 0x20,
	0x62, 0x76, 0x65, 0x63, 0x33, 0x28, 0x70, 0x72, 0x6f, 0x64, 0x75, 0x63,
	0x74, 0x44, 0x72, 0x61, 0x77, 0x2e, 0x6c, 0x6f, 0x63, 0x61, 0x6c, 0x53,
	0x68, 0x5b, 0x30, 0x5d, 0x2e, 0x77, 0x20, 0x3e, 0x3d, 0x20, 0x30, 0x2e,
	0x35, 0x29, 0x29, 0x3b, 0x0a, 0x20, 0x20, 0x20, 0x20, 0x20, 0x20, 0x20,
	0x20, 0x7d, 0x0a, 0x20, 0x20, 0x20, 0x20, 0x7d, 0x0a, 0x20, 0x20, 0x20,
	0x20, 0x76, 0x65, 0x63, 0x33, 0x20, 0x6c, 0x69, 0x74, 0x20, 0x3d, 0x20,
	0x28, 0x28, 0x62, 0x61, 0x73, 0x65, 0x2e, 0x78, 0x79, 0x7a, 0x20, 0x2a,
	0x20, 0x6c, 0x69, 0x67, 0x68, 0x74, 0x69, 0x6e, 0x67, 0x29, 0x20, 0x2a,
	0x20, 0x63, 0x6f, 0x6c, 0x6f, 0x72, 0x2e, 0x78, 0x79, 0x7a, 0x29, 0x20,
	0x2b, 0x20, 0x28, 0x62, 0x61, 0x73, 0x65, 0x2e, 0x78, 0x79, 0x7a, 0x20,
	0x2a, 0x20, 0x70, 0x72, 0x6f, 0x64, 0x75, 0x63, 0x74, 0x44, 0x72, 0x61,
	0x77, 0x2e, 0x65, 0x6d, 0x69, 0x73, 0x73, 0x69, 0x76, 0x65, 0x52, 0x61,
	0x64, 0x69, 0x61, 0x6e, 0x63, 0x65, 0x2e, 0x78, 0x79, 0x7a, 0x29, 0x3b,
	0x0a, 0x20, 0x20, 0x20, 0x20, 0x62, 0x6f, 0x6f, 0x6c, 0x20, 0x5f, 0x33,
	0x34, 0x34, 0x20, 0x3d, 0x20, 0x70, 0x72, 0x6f, 0x64, 0x75, 0x63, 0x74,
	0x44, 0x72, 0x61, 0x77, 0x2e, 0x76, 0x69, 0x65, 0x77, 0x4f, 0x72, 0x69,
	0x67, 0x69, 0x6e, 0x44, 0x72, 0x61, 0x77, 0x53, 0x70, 0x61, 0x63, 0x65,
	0x2e, 0x77, 0x20, 0x3c, 0x20, 0x30, 0x2e, 0x35, 0x3b, 0x0a, 0x20, 0x20,
	0x20, 0x20, 0x62, 0x6f, 0x6f, 0x6c, 0x20, 0x5f, 0x33, 0x35, 0x31, 0x3b,
	0x0a, 0x20, 0x20, 0x20, 0x20, 0x69, 0x66, 0x20, 0x28, 0x5f, 0x33, 0x34,
	0x34, 0x29, 0x0a, 0x20, 0x20, 0x20, 0x20, 0x7b, 0x0a, 0x20, 0x20, 0x20,
	0x20, 0x20, 0x20, 0x20, 0x20, 0x5f, 0x33, 0x35, 0x31, 0x20, 0x3d, 0x20,
	0x70, 0x72, 0x6f, 0x64, 0x75, 0x63, 0x74, 0x44, 0x72, 0x61, 0x77, 0x2e,
	0x61, 0x74, 0x6d, 0x6f, 0x73, 0x70, 0x68, 0x65, 0x72, 0x65, 0x46, 0x72,
	0x6f, 0x78, 0x65, 0x6c, 0x47, 0x72, 0x69, 0x64, 0x2e, 0x7a, 0x20, 0x3e,
	0x20, 0x30, 0x75, 0x3b, 0x0a, 0x20, 0x20, 0x20, 0x20, 0x7d, 0x0a, 0x20,
	0x20, 0x20, 0x20, 0x65, 0x6c, 0x73, 0x65, 0x0a, 0x20, 0x20, 0x20, 0x20,
	0x7b, 0x0a, 0x20, 0x20, 0x20, 0x20, 0x20, 0x20, 0x20, 0x20, 0x5f, 0x33,
	0x35, 0x31, 0x20, 0x3d, 0x20, 0x5f, 0x33, 0x34, 0x34, 0x3b, 0x0a, 0x20,
	0x20, 0x20, 0x20, 0x7d, 0x0a, 0x20, 0x20, 0x20, 0x20, 0x69, 0x66, 0x20,
	0x28, 0x5f, 0x33, 0x35, 0x31, 0x29, 0x0a, 0x20, 0x20, 0x20, 0x20, 0x7b,
	0x0a, 0x20, 0x20, 0x20, 0x20, 0x20, 0x20, 0x20, 0x20, 0x75, 0x76, 0x65,
	0x63, 0x33, 0x20, 0x67, 0x72, 0x69, 0x64, 0x20, 0x3d, 0x20, 0x70, 0x72,
	0x6f, 0x64, 0x75, 0x63, 0x74, 0x44, 0x72, 0x61, 0x77, 0x2e, 0x61, 0x74,
	0x6d, 0x6f, 0x73, 0x70, 0x68, 0x65, 0x72, 0x65, 0x46, 0x72, 0x6f, 0x78,
	0x65, 0x6c, 0x47, 0x72, 0x69, 0x64, 0x2e, 0x78, 0x79, 0x7a, 0x3b, 0x0a,
	0x20, 0x20, 0x20, 0x20, 0x20, 0x20, 0x20, 0x20, 0x75, 0x69, 0x6e, 0x74,
	0x20, 0x78, 0x20, 0x3d, 0x20, 0x6d, 0x69, 0x6e, 0x28, 0x28, 0x75, 0x69,
	0x6e, 0x74, 0x28, 0x67, 0x6c, 0x5f, 0x46, 0x72, 0x61, 0x67, 0x43, 0x6f,
	0x6f, 0x72, 0x64, 0x2e, 0x78, 0x29, 0x20, 0x2f, 0x20, 0x31, 0x36, 0x75,
	0x29, 0x2c, 0x20, 0x28, 0x67, 0x72, 0x69, 0x64, 0x2e, 0x78, 0x20, 0x2d,
	0x20, 0x31, 0x75, 0x29, 0x29, 0x3b, 0x0a, 0x20, 0x20, 0x20, 0x20, 0x20,
	0x20, 0x20, 0x20, 0x75, 0x69, 0x6e, 0x74, 0x20, 0x79, 0x20, 0x3d, 0x20,
	0x6d, 0x69, 0x6e, 0x28, 0x28, 0x75, 0x69, 0x6e, 0x74, 0x28, 0x67, 0x6c,
	0x5f, 0x46, 0x72, 0x61, 0x67, 0x43, 0x6f, 0x6f, 0x72, 0x64, 0x2e, 0x79,
	0x29, 0x20, 0x2f, 0x20, 0x31, 0x36, 0x75, 0x29, 0x2c, 0x20, 0x28, 0x67,
	0x72, 0x69, 0x64, 0x2e, 0x79, 0x20, 0x2d, 0x20, 0x31, 0x75, 0x29, 0x29,
	0x3b, 0x0a, 0x20, 0x20, 0x20, 0x20, 0x20, 0x20, 0x20, 0x20, 0x66, 0x6c,
	0x6f, 0x61, 0x74, 0x20, 0x66, 0x61, 0x72, 0x44, 0x69, 0x73, 0x74, 0x61,
	0x6e, 0x63, 0x65, 0x20, 0x3d, 0x20, 0x6d, 0x61, 0x78, 0x28, 0x70, 0x72,
	0x6f, 0x64, 0x75, 0x63, 0x74, 0x44, 0x72, 0x61, 0x77, 0x2e, 0x61, 0x74,
	0x6d, 0x6f, 0x73, 0x70, 0x68, 0x65, 0x72, 0x65, 0x43, 0x6f, 0x6c, 0x6f,
	0x72, 0x56, 0x69, 0x73, 0x69, 0x62, 0x69, 0x6c, 0x69, 0x74, 0x79, 0x2e,
	0x77, 0x2c, 0x20, 0x34, 0x2e, 0x30, 0x31, 0x30, 0x30, 0x30, 0x30, 0x32,
	0x32, 0x38, 0x38, 0x38, 0x31, 0x38, 0x33, 0x35, 0x39, 0x33, 0x37, 0x35,
	0x29, 0x3b, 0x0a, 0x20, 0x20, 0x20, 0x20, 0x20, 0x20, 0x20, 0x20, 0x66,
	0x6c, 0x6f, 0x61, 0x74, 0x20, 0x76, 0x69, 0x65, 0x77, 0x44, 0x69, 0x73,
	0x74, 0x61, 0x6e, 0x63, 0x65, 0x20, 0x3d, 0x20, 0x6c, 0x65, 0x6e, 0x67,
	0x74, 0x68, 0x28, 0x77, 0x6f, 0x72, 0x6c, 0x64, 0x50, 0x6f, 0x73, 0x69,
	0x74, 0x69, 0x6f, 0x6e, 0x20, 0x2d, 0x20, 0x70, 0x72, 0x6f, 0x64, 0x75,
	0x63, 0x74, 0x44, 0x72, 0x61, 0x77, 0x2e, 0x61, 0x74, 0x6d, 0x6f, 0x73,
	0x70, 0x68, 0x65, 0x72, 0x65, 0x45, 0x79, 0x65, 0x44, 0x65, 0x6e, 0x73,
	0x69, 0x74, 0x79, 0x2e, 0x78, 0x79, 0x7a, 0x29, 0x3b, 0x0a, 0x20, 0x20,
	0x20, 0x20, 0x20, 0x20, 0x20, 0x20, 0x66, 0x6c, 0x6f, 0x61, 0x74, 0x20,
	0x73, 0x6c, 0x69, 0x63, 0x65, 0x20, 0x3d, 0x20, 0x63, 0x6c, 0x61, 0x6d,
	0x70, 0x28, 0x6c, 0x6f, 0x67, 0x28, 0x6d, 0x61, 0x78, 0x28, 0x76, 0x69,
	0x65, 0x77, 0x44, 0x69, 0x73, 0x74, 0x61, 0x6e, 0x63, 0x65, 0x2c, 0x20,
	0x34, 0x2e, 0x30, 0x29, 0x20, 0x2f, 0x20, 0x34, 0x2e, 0x30, 0x29, 0x20,
	0x2f, 0x20, 0x6c, 0x6f, 0x67, 0x28, 0x66, 0x61, 0x72, 0x44, 0x69, 0x73,
	0x74, 0x61, 0x6e, 0x63, 0x65, 0x20, 0x2f, 0x20, 0x34, 0x2e, 0x30, 0x29,
	0x2c, 0x20, 0x30, 0x2e, 0x30, 0x2c, 0x20, 0x30, 0x2e, 0x39, 0x39, 0x39,
	0x38, 0x39, 0x39, 0x39, 0x38, 0x33, 0x34, 0x30, 0x36, 0x30, 0x36, 0x36,
	0x38, 0x39, 0x34, 0x35, 0x33, 0x31, 0x32, 0x35, 0x29, 0x3b, 0x0a, 0x20,
	0x20, 0x20, 0x20, 0x20, 0x20, 0x20, 0x20, 0x75, 0x69, 0x6e, 0x74, 0x20,
	0x7a, 0x20, 0x3d, 0x20, 0x6d, 0x69, 0x6e, 0x28, 0x75, 0x69, 0x6e, 0x74,
	0x28, 0x73, 0x6c, 0x69, 0x63, 0x65, 0x20, 0x2a, 0x20, 0x66, 0x6c, 0x6f,
	0x61, 0x74, 0x28, 0x67, 0x72, 0x69, 0x64, 0x2e, 0x7a, 0x29, 0x29, 0x2c,
	0x20, 0x28, 0x67, 0x72, 0x69, 0x64, 0x2e, 0x7a, 0x20, 0x2d, 0x20, 0x31,
	0x75, 0x29, 0x29, 0x3b, 0x0a, 0x20, 0x20, 0x20, 0x20, 0x20, 0x20, 0x20,
	0x20, 0x76, 0x65, 0x63, 0x34, 0x20, 0x6d, 0x65, 0x64, 0x69, 0x61, 0x20,
	0x3d, 0x20, 0x61, 0x74, 0x6d, 0x6f, 0x73, 0x70, 0x68, 0x65, 0x72, 0x65,
	0x46, 0x72, 0x6f, 0x78, 0x65, 0x6c, 0x73, 0x2e, 0x76, 0x61, 0x6c, 0x75,
	0x65, 0x73, 0x5b, 0x28, 0x70, 0x72, 0x6f, 0x64, 0x75, 0x63, 0x74, 0x44,
	0x72, 0x61, 0x77, 0x2e, 0x61, 0x74, 0x6d, 0x6f, 0x73, 0x70, 0x68, 0x65,
	0x72, 0x65, 0x46, 0x72, 0x6f, 0x78, 0x65, 0x6c, 0x47, 0x72, 0x69, 0x64,
	0x2e, 0x77, 0x20, 0x2b, 0x20, 0x28, 0x28, 0x28, 0x7a, 0x20, 0x2a, 0x20,
	0x67, 0x72, 0x69, 0x64, 0x2e, 0x79, 0x29, 0x20, 0x2b, 0x20, 0x79, 0x29,
	0x20, 0x2a, 0x20, 0x67, 0x72, 0x69, 0x64, 0x2e, 0x78, 0x29, 0x29, 0x20,
	0x2b, 0x20, 0x78, 0x5d, 0x3b, 0x0a, 0x20, 0x20, 0x20, 0x20, 0x20, 0x20,
	0x20, 0x20, 0x76, 0x65, 0x63, 0x33, 0x20, 0x70, 0x61, 0x72, 0x61, 0x6d,
	0x5f, 0x33, 0x20, 0x3d, 0x20, 0x28, 0x6c, 0x69, 0x74, 0x20, 0x2a, 0x20,
	0x6d, 0x65, 0x64, 0x69, 0x61, 0x2e, 0x77, 0x29, 0x20, 0x2b, 0x20, 0x6d,
	0x65, 0x64, 0x69, 0x61, 0x2e, 0x78, 0x79, 0x7a, 0x3b, 0x0a, 0x20, 0x20,
	0x20, 0x20, 0x20, 0x20, 0x20, 0x20, 0x6f, 0x75, 0x74, 0x43, 0x6f, 0x6c,
	0x6f, 0x72, 0x20, 0x3d, 0x20, 0x76, 0x65, 0x63, 0x34, 0x28, 0x77, 0x69,
	0x72, 0x65, 0x64, 0x5f, 0x64, 0x69, 0x73, 0x70, 0x6c, 0x61, 0x79, 0x5f,
	0x76, 0x69, 0x73, 0x69, 0x62, 0x69, 0x6c, 0x69, 0x74, 0x79, 0x28, 0x70,
	0x61, 0x72, 0x61, 0x6d, 0x5f, 0x33, 0x29, 0x2c, 0x20, 0x62, 0x61, 0x73,
	0x65, 0x2e, 0x77, 0x20, 0x2a, 0x20, 0x63, 0x6f, 0x6c, 0x6f, 0x72, 0x2e,
	0x77, 0x29, 0x3b, 0x0a, 0x20, 0x20, 0x20, 0x20, 0x20, 0x20, 0x20, 0x20,
	0x72, 0x65, 0x74, 0x75, 0x72, 0x6e, 0x3b, 0x0a, 0x20, 0x20, 0x20, 0x20,
	0x7d, 0x0a, 0x20, 0x20, 0x20, 0x20, 0x66, 0x6c, 0x6f, 0x61, 0x74, 0x20,
	0x64, 0x65, 0x6e, 0x73, 0x69, 0x74, 0x79, 0x20, 0x3d, 0x20, 0x70, 0x72,
	0x6f, 0x64, 0x75, 0x63, 0x74, 0x44, 0x72, 0x61, 0x77, 0x2e, 0x61, 0x74,
	0x6d, 0x6f, 0x73, 0x70, 0x68, 0x65, 0x72, 0x65, 0x45, 0x79, 0x65, 0x44,
	0x65, 0x6e, 0x73, 0x69, 0x74, 0x79, 0x2e, 0x77, 0x3b, 0x0a, 0x20, 0x20,
	0x20, 0x20, 0x69, 0x66, 0x20, 0x28, 0x70, 0x72, 0x6f, 0x64, 0x75, 0x63,
	0x74, 0x44, 0x72, 0x61, 0x77, 0x2e, 0x61, 0x74, 0x6d, 0x6f, 0x73, 0x70,
	0x68, 0x65, 0x72, 0x65, 0x43, 0x6f, 0x6c, 0x6f, 0x72, 0x56, 0x69, 0x73,
	0x69, 0x62, 0x69, 0x6c, 0x69, 0x74, 0x79, 0x2e, 0x77, 0x20, 0x3e, 0x20,
	0x30, 0x2e, 0x30, 0x29, 0x0a, 0x20, 0x20, 0x20, 0x20, 0x7b, 0x0a, 0x20,
	0x20, 0x20, 0x20, 0x20, 0x20, 0x20, 0x20, 0x64, 0x65, 0x6e, 0x73, 0x69,
	0x74, 0x79, 0x20, 0x3d, 0x20, 0x6d, 0x61, 0x78, 0x28, 0x64, 0x65, 0x6e,
	0x73, 0x69, 0x74, 0x79, 0x2c, 0x20, 0x33, 0x2e, 0x39, 0x31, 0x32, 0x30,
	0x32, 0x33, 0x30, 0x36, 0x37, 0x34, 0x37, 0x34, 0x33, 0x36, 0x35, 0x32,
	0x33, 0x34, 0x33, 0x37, 0x35, 0x20, 0x2f, 0x20, 0x70, 0x72, 0x6f, 0x64,
	0x75, 0x63, 0x74, 0x44, 0x72, 0x61, 0x77, 0x2e, 0x61, 0x74, 0x6d, 0x6f,
	0x73, 0x70, 0x68, 0x65, 0x72, 0x65, 0x43, 0x6f, 0x6c, 0x6f, 0x72, 0x56,
	0x69, 0x73, 0x69, 0x62, 0x69, 0x6c, 0x69, 0x74, 0x79, 0x2e, 0x77, 0x29,
	0x3b, 0x0a, 0x20, 0x20, 0x20, 0x20, 0x7d, 0x0a, 0x20, 0x20, 0x20, 0x20,
	0x69, 0x66, 0x20, 0x28, 0x28, 0x70, 0x72, 0x6f, 0x64, 0x75, 0x63, 0x74,
	0x44, 0x72, 0x61, 0x77, 0x2e, 0x76, 0x69, 0x65, 0x77, 0x4f, 0x72, 0x69,
	0x67, 0x69, 0x6e, 0x44, 0x72, 0x61, 0x77, 0x53, 0x70, 0x61, 0x63, 0x65,
	0x2e, 0x77, 0x20, 0x3c, 0x20, 0x30, 0x2e, 0x35, 0x29, 0x20, 0x26, 0x26,
	0x20, 0x28, 0x64, 0x65, 0x6e, 0x73, 0x69, 0x74, 0x79, 0x20, 0x3e, 0x20,
	0x30, 0x2e, 0x30, 0x29, 0x29, 0x0a, 0x20, 0x20, 0x20, 0x20, 0x7b, 0x0a,
	0x20, 0x20, 0x20, 0x20, 0x20, 0x20, 0x20, 0x20, 0x66, 0x6c, 0x6f, 0x61,
	0x74, 0x20, 0x64, 0x69, 0x73, 0x74, 0x61, 0x6e, 0x63, 0x65, 0x54, 0x6f,
	0x45, 0x79, 0x65, 0x20, 0x3d, 0x20, 0x6c, 0x65, 0x6e, 0x67, 0x74, 0x68,
	0x28, 0x77, 0x6f, 0x72, 0x6c, 0x64, 0x50, 0x6f, 0x73, 0x69, 0x74, 0x69,
	0x6f, 0x6e, 0x20, 0x2d, 0x20, 0x70, 0x72, 0x6f, 0x64, 0x75, 0x63, 0x74,
	0x44, 0x72, 0x61, 0x77, 0x2e, 0x61, 0x74, 0x6d, 0x6f, 0x73, 0x70, 0x68,
	0x65, 0x72, 0x65, 0x45, 0x79, 0x65, 0x44, 0x65, 0x6e, 0x73, 0x69, 0x74,
	0x79, 0x2e, 0x78, 0x79, 0x7a, 0x29, 0x3b, 0x0a, 0x20, 0x20, 0x20, 0x20,
	0x20, 0x20, 0x20, 0x20, 0x66, 0x6c, 0x6f, 0x61, 0x74, 0x20, 0x68, 0x65,
	0x69, 0x67, 0x68, 0x74, 0x57, 0x65, 0x69, 0x67, 0x68, 0x74, 0x20, 0x3d,
	0x20, 0x65, 0x78, 0x70, 0x28, 0x28, 0x2d, 0x70, 0x72, 0x6f, 0x64, 0x75,
	0x63, 0x74, 0x44, 0x72, 0x61, 0x77, 0x2e, 0x61, 0x74, 0x6d, 0x6f, 0x73,
	0x70, 0x68, 0x65, 0x72, 0x65, 0x48, 0x65, 0x69, 0x67, 0x68, 0x74, 0x43,
	0x6c, 0x6f, 0x75, 0x64, 0x2e, 0x79, 0x29, 0x20, 0x2a, 0x20, 0x6d, 0x61,
	0x78, 0x28, 0x77, 0x6f, 0x72, 0x6c, 0x64, 0x50, 0x6f, 0x73, 0x69, 0x74,
	0x69, 0x6f, 0x6e, 0x2e, 0x7a, 0x20, 0x2d, 0x20, 0x70, 0x72, 0x6f, 0x64,
	0x75, 0x63, 0x74, 0x44, 0x72, 0x61, 0x77, 0x2e, 0x61, 0x74, 0x6d, 0x6f,
	0x73, 0x70, 0x68, 0x65, 0x72, 0x65, 0x48, 0x65, 0x69, 0x67, 0x68, 0x74,
	0x43, 0x6c, 0x6f, 0x75, 0x64, 0x2e, 0x78, 0x2c, 0x20, 0x30, 0x2e, 0x30,
	0x29, 0x29, 0x3b, 0x0a, 0x20, 0x20, 0x20, 0x20, 0x20, 0x20, 0x20, 0x20,
	0x66, 0x6c, 0x6f, 0x61, 0x74, 0x20, 0x74, 0x72, 0x61, 0x6e, 0x73, 0x6d,
	0x69, 0x74, 0x74, 0x61, 0x6e, 0x63, 0x65, 0x20, 0x3d, 0x20, 0x65, 0x78,
	0x70, 0x28, 0x28, 0x28, 0x2d, 0x64, 0x65, 0x6e, 0x73, 0x69, 0x74, 0x79,
	0x29, 0x20, 0x2a, 0x20, 0x68, 0x65, 0x69, 0x67, 0x68, 0x74, 0x57, 0x65,
	0x69, 0x67, 0x68, 0x74, 0x29, 0x20, 0x2a, 0x20, 0x64, 0x69, 0x73, 0x74,
	0x61, 0x6e, 0x63, 0x65, 0x54, 0x6f, 0x45, 0x79, 0x65, 0x29, 0x3b, 0x0a,
	0x20, 0x20, 0x20, 0x20, 0x20, 0x20, 0x20, 0x20, 0x6c, 0x69, 0x74, 0x20,
	0x3d, 0x20, 0x6d, 0x69, 0x78, 0x28, 0x70, 0x72, 0x6f, 0x64, 0x75, 0x63,
	0x74, 0x44, 0x72, 0x61, 0x77, 0x2e, 0x61, 0x74, 0x6d, 0x6f, 0x73, 0x70,
	0x68, 0x65, 0x72, 0x65, 0x43, 0x6f, 0x6c, 0x6f, 0x72, 0x56, 0x69, 0x73,
	0x69, 0x62, 0x69, 0x6c, 0x69, 0x74, 0x79, 0x2e, 0x78, 0x79, 0x7a, 0x2c,
	0x20, 0x6c, 0x69, 0x74, 0x2c, 0x20, 0x76, 0x65, 0x63, 0x33, 0x28, 0x63,
	0x6c, 0x61, 0x6d, 0x70, 0x28, 0x74, 0x72, 0x61, 0x6e, 0x73, 0x6d, 0x69,
	0x74, 0x74, 0x61, 0x6e, 0x63, 0x65, 0x2c, 0x20, 0x30, 0x2e, 0x30, 0x2c,
	0x20, 0x31, 0x2e, 0x30, 0x29, 0x29, 0x29, 0x3b, 0x0a, 0x20, 0x20, 0x20,
	0x20, 0x7d, 0x0a, 0x20, 0x20, 0x20, 0x20, 0x69, 0x66, 0x20, 0x28, 0x70,
	0x72, 0x6f, 0x64, 0x75, 0x63, 0x74, 0x44, 0x72, 0x61, 0x77, 0x2e, 0x76,
	0x69, 0x65, 0x77, 0x4f, 0x72, 0x69, 0x67, 0x69, 0x6e, 0x44, 0x72, 0x61,
	0x77, 0x53, 0x70, 0x61, 0x63, 0x65, 0x2e, 0x77, 0x20, 0x3c, 0x20, 0x30,
	0x2e, 0x35, 0x29, 0x0a, 0x20, 0x20, 0x20, 0x20, 0x7b, 0x0a, 0x20, 0x20,
	0x20, 0x20, 0x20, 0x20, 0x20, 0x20, 0x76, 0x65, 0x63, 0x33, 0x20, 0x70,
	0x61, 0x72, 0x61, 0x6d, 0x5f, 0x34, 0x20, 0x3d, 0x20, 0x6c, 0x69, 0x74,
	0x3b, 0x0a, 0x20, 0x20, 0x20, 0x20, 0x20, 0x20, 0x20, 0x20, 0x6c, 0x69,
	0x74, 0x20, 0x3d, 0x20, 0x77, 0x69, 0x72, 0x65, 0x64, 0x5f, 0x64, 0x69,
	0x73, 0x70, 0x6c, 0x61, 0x79, 0x5f, 0x76, 0x69, 0x73, 0x69, 0x62, 0x69,
	0x6c, 0x69, 0x74, 0x79, 0x28, 0x70, 0x61, 0x72, 0x61, 0x6d, 0x5f, 0x34,
	0x29, 0x3b, 0x0a, 0x20, 0x20, 0x20, 0x20, 0x7d, 0x0a, 0x20, 0x20, 0x20,
	0x20, 0x6f, 0x75, 0x74, 0x43, 0x6f, 0x6c, 0x6f, 0x72, 0x20, 0x3d, 0x20,
	0x76, 0x65, 0x63, 0x34, 0x28, 0x6c, 0x69, 0x74, 0x2c, 0x20, 0x62, 0x61,
	0x73, 0x65, 0x2e, 0x77, 0x20, 0x2a, 0x20, 0x63, 0x6f, 0x6c, 0x6f, 0x72,
	0x2e, 0x77, 0x29, 0x3b, 0x0a, 0x7d, 0x0a, 0x0a, 0x00
};
static const unsigned int ralOpenGlProductFragmentByteCount = 6320u;
static const unsigned long long ralOpenGlProductFragmentDigestLane0 = 0xfd10be4c6587b571ull;
static const unsigned long long ralOpenGlProductFragmentDigestLane1 = 0xb644e8a672f6c8baull;

static const unsigned char ralOpenGlProductAtmosphereInjectSource[] = {
	0x23, 0x76, 0x65, 0x72, 0x73, 0x69, 0x6f, 0x6e, 0x20, 0x34, 0x36, 0x30,
	0x0a, 0x6c, 0x61, 0x79, 0x6f, 0x75, 0x74, 0x28, 0x6c, 0x6f, 0x63, 0x61,
	0x6c, 0x5f, 0x73, 0x69, 0x7a, 0x65, 0x5f, 0x78, 0x20, 0x3d, 0x20, 0x34,
	0x2c, 0x20, 0x6c, 0x6f, 0x63, 0x61, 0x6c, 0x5f, 0x73, 0x69, 0x7a, 0x65,
	0x5f, 0x79, 0x20, 0x3d, 0x20, 0x34, 0x2c, 0x20, 0x6c, 0x6f, 0x63, 0x61,
	0x6c, 0x5f, 0x73, 0x69, 0x7a, 0x65, 0x5f, 0x7a, 0x20, 0x3d, 0x20, 0x34,
	0x29, 0x20, 0x69, 0x6e, 0x3b, 0x0a, 0x0a, 0x73, 0x74, 0x72, 0x75, 0x63,
	0x74, 0x20, 0x4d, 0x65, 0x64, 0x69, 0x61, 0x56, 0x6f, 0x6c, 0x75, 0x6d,
	0x65, 0x0a, 0x7b, 0x0a, 0x20, 0x20, 0x20, 0x20, 0x76, 0x65, 0x63, 0x34,
	0x20, 0x6f, 0x72, 0x69, 0x67, 0x69, 0x6e, 0x52, 0x61, 0x64, 0x69, 0x75,
	0x73, 0x3b, 0x0a, 0x20, 0x20, 0x20, 0x20, 0x76, 0x65, 0x63, 0x34, 0x20,
	0x65, 0x78, 0x74, 0x65, 0x6e, 0x74, 0x53, 0x68, 0x61, 0x70, 0x65, 0x3b,
	0x0a, 0x20, 0x20, 0x20, 0x20, 0x76, 0x65, 0x63, 0x34, 0x20, 0x61, 0x6c,
	0x62, 0x65, 0x64, 0x6f, 0x41, 0x6e, 0x69, 0x73, 0x6f, 0x74, 0x72, 0x6f,
	0x70, 0x79, 0x3b, 0x0a, 0x20, 0x20, 0x20, 0x20, 0x76, 0x65, 0x63, 0x34,
	0x20, 0x65, 0x6d, 0x69, 0x73, 0x73, 0x69, 0x76, 0x65, 0x49, 0x6e, 0x74,
	0x65, 0x6e, 0x73, 0x69, 0x74, 0x79, 0x3b, 0x0a, 0x20, 0x20, 0x20, 0x20,
	0x76, 0x65, 0x63, 0x34, 0x20, 0x6d, 0x65, 0x64, 0x69, 0x61, 0x3b, 0x0a,
	0x7d, 0x3b, 0x0a, 0x0a, 0x6c, 0x61, 0x79, 0x6f, 0x75, 0x74, 0x28, 0x62,
	0x69, 0x6e, 0x64, 0x69, 0x6e, 0x67, 0x20, 0x3d, 0x20, 0x30, 0x2c, 0x20,
	0x73, 0x74, 0x64, 0x31, 0x34, 0x30, 0x29, 0x20, 0x75, 0x6e, 0x69, 0x66,
	0x6f, 0x72, 0x6d, 0x20, 0x50, 0x61, 0x72, 0x61, 0x6d, 0x73, 0x0a, 0x7b,
	0x0a, 0x20, 0x20, 0x20, 0x20, 0x6d, 0x61, 0x74, 0x34, 0x20, 0x69, 0x6e,
	0x76, 0x56, 0x69, 0x65, 0x77, 0x50, 0x72, 0x6f, 0x6a, 0x65, 0x63, 0x74,
	0x69, 0x6f, 0x6e, 0x3b, 0x0a, 0x20, 0x20, 0x20, 0x20, 0x76, 0x65, 0x63,
	0x34, 0x20, 0x65, 0x79, 0x65, 0x4e, 0x65, 0x61, 0x72, 0x3b, 0x0a, 0x20,
	0x20, 0x20, 0x20, 0x76, 0x65, 0x63, 0x34, 0x20, 0x66, 0x61, 0x72, 0x47,
	0x6c, 0x6f, 0x62, 0x61, 0x6c, 0x44, 0x65, 0x6e, 0x73, 0x69, 0x74, 0x79,
	0x3b, 0x0a, 0x20, 0x20, 0x20, 0x20, 0x76, 0x65, 0x63, 0x34, 0x20, 0x67,
	0x6c, 0x6f, 0x62, 0x61, 0x6c, 0x41, 0x6c, 0x62, 0x65, 0x64, 0x6f, 0x41,
	0x6e, 0x69, 0x73, 0x6f, 0x74, 0x72, 0x6f, 0x70, 0x79, 0x3b, 0x0a, 0x20,
	0x20, 0x20, 0x20, 0x75, 0x76, 0x65, 0x63, 0x34, 0x20, 0x67, 0x72, 0x69,
	0x64, 0x56, 0x6f, 0x6c, 0x75, 0x6d, 0x65, 0x43, 0x6f, 0x75, 0x6e, 0x74,
	0x3b, 0x0a, 0x20, 0x20, 0x20, 0x20, 0x76, 0x65, 0x63, 0x34, 0x20, 0x74,
	0x69, 0x6d, 0x65, 0x6c, 0x69, 0x6e, 0x65, 0x53, 0x65, 0x65, 0x64, 0x3b,
	0x0a, 0x7d, 0x20, 0x70, 0x3b, 0x0a, 0x0a, 0x6c, 0x61, 0x79, 0x6f, 0x75,
	0x74, 0x28, 0x62, 0x69, 0x6e, 0x64, 0x69, 0x6e, 0x67, 0x20, 0x3d, 0x20,
	0x30, 0x2c, 0x20, 0x73, 0x74, 0x64, 0x34, 0x33, 0x30, 0x29, 0x20, 0x72,
	0x65, 0x61, 0x64, 0x6f, 0x6e, 0x6c, 0x79, 0x20, 0x62, 0x75, 0x66, 0x66,
	0x65, 0x72, 0x20, 0x56, 0x6f, 0x6c, 0x75, 0x6d, 0x65, 0x73, 0x0a, 0x7b,
	0x0a, 0x20, 0x20, 0x20, 0x20, 0x4d, 0x65, 0x64, 0x69, 0x61, 0x56, 0x6f,
	0x6c, 0x75, 0x6d, 0x65, 0x20, 0x76, 0x5b, 0x5d, 0x3b, 0x0a, 0x7d, 0x20,
	0x5f, 0x33, 0x30, 0x35, 0x3b, 0x0a, 0x0a, 0x6c, 0x61, 0x79, 0x6f, 0x75,
	0x74, 0x28, 0x62, 0x69, 0x6e, 0x64, 0x69, 0x6e, 0x67, 0x20, 0x3d, 0x20,
	0x31, 0x2c, 0x20, 0x73, 0x74, 0x64, 0x34, 0x33, 0x30, 0x29, 0x20, 0x77,
	0x72, 0x69, 0x74, 0x65, 0x6f, 0x6e, 0x6c, 0x79, 0x20, 0x62, 0x75, 0x66,
	0x66, 0x65, 0x72, 0x20, 0x4d, 0x65, 0x64, 0x69, 0x61, 0x0a, 0x7b, 0x0a,
	0x20, 0x20, 0x20, 0x20, 0x76, 0x65, 0x63, 0x34, 0x20, 0x73, 0x63, 0x61,
	0x74, 0x74, 0x65, 0x72, 0x69, 0x6e, 0x67, 0x45, 0x78, 0x74, 0x69, 0x6e,
	0x63, 0x74, 0x69, 0x6f, 0x6e, 0x5b, 0x5d, 0x3b, 0x0a, 0x7d, 0x20, 0x5f,
	0x33, 0x35, 0x39, 0x3b, 0x0a, 0x0a, 0x66, 0x6c, 0x6f, 0x61, 0x74, 0x20,
	0x68, 0x61, 0x73, 0x68, 0x31, 0x33, 0x28, 0x69, 0x6e, 0x6f, 0x75, 0x74,
	0x20, 0x76, 0x65, 0x63, 0x33, 0x20, 0x71, 0x29, 0x0a, 0x7b, 0x0a, 0x20,
	0x20, 0x20, 0x20, 0x71, 0x20, 0x3d, 0x20, 0x66, 0x72, 0x61, 0x63, 0x74,
	0x28, 0x71, 0x20, 0x2a, 0x20, 0x30, 0x2e, 0x31, 0x30, 0x33, 0x31, 0x30,
	0x30, 0x30, 0x30, 0x31, 0x38, 0x31, 0x31, 0x39, 0x38, 0x31, 0x32, 0x30,
	0x31, 0x31, 0x37, 0x31, 0x38, 0x37, 0x35, 0x29, 0x3b, 0x0a, 0x20, 0x20,
	0x20, 0x20, 0x71, 0x20, 0x2b, 0x3d, 0x20, 0x76, 0x65, 0x63, 0x33, 0x28,
	0x64, 0x6f, 0x74, 0x28, 0x71, 0x2c, 0x20, 0x71, 0x2e, 0x79, 0x7a, 0x78,
	0x20, 0x2b, 0x20, 0x76, 0x65, 0x63, 0x33, 0x28, 0x33, 0x33, 0x2e, 0x33,
	0x33, 0x30, 0x30, 0x30, 0x31, 0x38, 0x33, 0x31, 0x30, 0x35, 0x34, 0x36,
	0x38, 0x37, 0x35, 0x29, 0x29, 0x29, 0x3b, 0x0a, 0x20, 0x20, 0x20, 0x20,
	0x72, 0x65, 0x74, 0x75, 0x72, 0x6e, 0x20, 0x66, 0x72, 0x61, 0x63, 0x74,
	0x28, 0x28, 0x71, 0x2e, 0x78, 0x20, 0x2b, 0x20, 0x71, 0x2e, 0x79, 0x29,
	0x20, 0x2a, 0x20, 0x71, 0x2e, 0x7a, 0x29, 0x3b, 0x0a, 0x7d, 0x0a, 0x0a,
	0x66, 0x6c, 0x6f, 0x61, 0x74, 0x20, 0x76, 0x6f, 0x6c, 0x75, 0x6d, 0x65,
	0x57, 0x65, 0x69, 0x67, 0x68, 0x74, 0x28, 0x4d, 0x65, 0x64, 0x69, 0x61,
	0x56, 0x6f, 0x6c, 0x75, 0x6d, 0x65, 0x20, 0x6d, 0x2c, 0x20, 0x76, 0x65,
	0x63, 0x33, 0x20, 0x77, 0x6f, 0x72, 0x6c, 0x64, 0x29, 0x0a, 0x7b, 0x0a,
	0x20, 0x20, 0x20, 0x20, 0x76, 0x65, 0x63, 0x33, 0x20, 0x6c, 0x6f, 0x63,
	0x61, 0x6c, 0x20, 0x3d, 0x20, 0x77, 0x6f, 0x72, 0x6c, 0x64, 0x20, 0x2d,
	0x20, 0x6d, 0x2e, 0x6f, 0x72, 0x69, 0x67, 0x69, 0x6e, 0x52, 0x61, 0x64,
	0x69, 0x75, 0x73, 0x2e, 0x78, 0x79, 0x7a, 0x3b, 0x0a, 0x20, 0x20, 0x20,
	0x20, 0x66, 0x6c, 0x6f, 0x61, 0x74, 0x20, 0x73, 0x68, 0x61, 0x70, 0x65,
	0x20, 0x3d, 0x20, 0x6d, 0x2e, 0x65, 0x78, 0x74, 0x65, 0x6e, 0x74, 0x53,
	0x68, 0x61, 0x70, 0x65, 0x2e, 0x77, 0x3b, 0x0a, 0x20, 0x20, 0x20, 0x20,
	0x66, 0x6c, 0x6f, 0x61, 0x74, 0x20, 0x5f, 0x37, 0x30, 0x3b, 0x0a, 0x20,
	0x20, 0x20, 0x20, 0x69, 0x66, 0x20, 0x28, 0x73, 0x68, 0x61, 0x70, 0x65,
	0x20, 0x3c, 0x20, 0x31, 0x2e, 0x35, 0x29, 0x0a, 0x20, 0x20, 0x20, 0x20,
	0x7b, 0x0a, 0x20, 0x20, 0x20, 0x20, 0x20, 0x20, 0x20, 0x20, 0x5f, 0x37,
	0x30, 0x20, 0x3d, 0x20, 0x31, 0x2e, 0x30, 0x20, 0x2d, 0x20, 0x73, 0x6d,
	0x6f, 0x6f, 0x74, 0x68, 0x73, 0x74, 0x65, 0x70, 0x28, 0x6d, 0x2e, 0x6f,
	0x72, 0x69, 0x67, 0x69, 0x6e, 0x52, 0x61, 0x64, 0x69, 0x75, 0x73, 0x2e,
	0x77, 0x20, 0x2a, 0x20, 0x30, 0x2e, 0x38, 0x35, 0x30, 0x30, 0x30, 0x30,
	0x30, 0x32, 0x33, 0x38, 0x34, 0x31, 0x38, 0x35, 0x37, 0x39, 0x31, 0x30,
	0x31, 0x35, 0x36, 0x32, 0x35, 0x2c, 0x20, 0x6d, 0x2e, 0x6f, 0x72, 0x69,
	0x67, 0x69, 0x6e, 0x52, 0x61, 0x64, 0x69, 0x75, 0x73, 0x2e, 0x77, 0x2c,
	0x20, 0x6c, 0x65, 0x6e, 0x67, 0x74, 0x68, 0x28, 0x6c, 0x6f, 0x63, 0x61,
	0x6c, 0x29, 0x29, 0x3b, 0x0a, 0x20, 0x20, 0x20, 0x20, 0x7d, 0x0a, 0x20,
	0x20, 0x20, 0x20, 0x65, 0x6c, 0x73, 0x65, 0x0a, 0x20, 0x20, 0x20, 0x20,
	0x7b, 0x0a, 0x20, 0x20, 0x20, 0x20, 0x20, 0x20, 0x20, 0x20, 0x5f, 0x37,
	0x30, 0x20, 0x3d, 0x20, 0x31, 0x2e, 0x30, 0x20, 0x2d, 0x20, 0x73, 0x6d,
	0x6f, 0x6f, 0x74, 0x68, 0x73, 0x74, 0x65, 0x70, 0x28, 0x30, 0x2e, 0x38,
	0x35, 0x30, 0x30, 0x30, 0x30, 0x30, 0x32, 0x33, 0x38, 0x34, 0x31, 0x38,
	0x35, 0x37, 0x39, 0x31, 0x30, 0x31, 0x35, 0x36, 0x32, 0x35, 0x2c, 0x20,
	0x31, 0x2e, 0x30, 0x2c, 0x20, 0x6d, 0x61, 0x78, 0x28, 0x6d, 0x61, 0x78,
	0x28, 0x61, 0x62, 0x73, 0x28, 0x6c, 0x6f, 0x63, 0x61, 0x6c, 0x2e, 0x78,
	0x29, 0x20, 0x2f, 0x20, 0x6d, 0x2e, 0x65, 0x78, 0x74, 0x65, 0x6e, 0x74,
	0x53, 0x68, 0x61, 0x70, 0x65, 0x2e, 0x78, 0x2c, 0x20, 0x61, 0x62, 0x73,
	0x28, 0x6c, 0x6f, 0x63, 0x61, 0x6c, 0x2e, 0x79, 0x29, 0x20, 0x2f, 0x20,
	0x6d, 0x2e, 0x65, 0x78, 0x74, 0x65, 0x6e, 0x74, 0x53, 0x68, 0x61, 0x70,
	0x65, 0x2e, 0x79, 0x29, 0x2c, 0x20, 0x61, 0x62, 0x73, 0x28, 0x6c, 0x6f,
	0x63, 0x61, 0x6c, 0x2e, 0x7a, 0x29, 0x20, 0x2f, 0x20, 0x6d, 0x2e, 0x65,
	0x78, 0x74, 0x65, 0x6e, 0x74, 0x53, 0x68, 0x61, 0x70, 0x65, 0x2e, 0x7a,
	0x29, 0x29, 0x3b, 0x0a, 0x20, 0x20, 0x20, 0x20, 0x7d, 0x0a, 0x20, 0x20,
	0x20, 0x20, 0x66, 0x6c, 0x6f, 0x61, 0x74, 0x20, 0x77, 0x65, 0x69, 0x67,
	0x68, 0x74, 0x20, 0x3d, 0x20, 0x5f, 0x37, 0x30, 0x3b, 0x0a, 0x20, 0x20,
	0x20, 0x20, 0x69, 0x66, 0x20, 0x28, 0x6d, 0x2e, 0x6d, 0x65, 0x64, 0x69,
	0x61, 0x2e, 0x7a, 0x20, 0x3e, 0x20, 0x30, 0x2e, 0x30, 0x29, 0x0a, 0x20,
	0x20, 0x20, 0x20, 0x7b, 0x0a, 0x20, 0x20, 0x20, 0x20, 0x20, 0x20, 0x20,
	0x20, 0x76, 0x65, 0x63, 0x33, 0x20, 0x70, 0x61, 0x72, 0x61, 0x6d, 0x20,
	0x3d, 0x20, 0x28, 0x77, 0x6f, 0x72, 0x6c, 0x64, 0x20, 0x2f, 0x20, 0x76,
	0x65, 0x63, 0x33, 0x28, 0x6d, 0x2e, 0x6d, 0x65, 0x64, 0x69, 0x61, 0x2e,
	0x7a, 0x29, 0x29, 0x20, 0x2b, 0x20, 0x76, 0x65, 0x63, 0x33, 0x28, 0x70,
	0x2e, 0x74, 0x69, 0x6d, 0x65, 0x6c, 0x69, 0x6e, 0x65, 0x53, 0x65, 0x65,
	0x64, 0x2e, 0x78, 0x2c, 0x20, 0x70, 0x2e, 0x74, 0x69, 0x6d, 0x65, 0x6c,
	0x69, 0x6e, 0x65, 0x53, 0x65, 0x65, 0x64, 0x2e, 0x79, 0x2c, 0x20, 0x70,
	0x2e, 0x74, 0x69, 0x6d, 0x65, 0x6c, 0x69, 0x6e, 0x65, 0x53, 0x65, 0x65,
	0x64, 0x2e, 0x77, 0x29, 0x3b, 0x0a, 0x20, 0x20, 0x20, 0x20, 0x20, 0x20,
	0x20, 0x20, 0x66, 0x6c, 0x6f, 0x61, 0x74, 0x20, 0x5f, 0x31, 0x33, 0x37,
	0x20, 0x3d, 0x20, 0x68, 0x61, 0x73, 0x68, 0x31, 0x33, 0x28, 0x70, 0x61,
	0x72, 0x61, 0x6d, 0x29, 0x3b, 0x0a, 0x20, 0x20, 0x20, 0x20, 0x20, 0x20,
	0x20, 0x20, 0x77, 0x65, 0x69, 0x67, 0x68, 0x74, 0x20, 0x2a, 0x3d, 0x20,
	0x6d, 0x69, 0x78, 0x28, 0x30, 0x2e, 0x35, 0x35, 0x30, 0x30, 0x30, 0x30,
	0x30, 0x31, 0x31, 0x39, 0x32, 0x30, 0x39, 0x32, 0x38, 0x39, 0x35, 0x35,
	0x30, 0x37, 0x38, 0x31, 0x32, 0x35, 0x2c, 0x20, 0x31, 0x2e, 0x30, 0x2c,
	0x20, 0x5f, 0x31, 0x33, 0x37, 0x29, 0x3b, 0x0a, 0x20, 0x20, 0x20, 0x20,
	0x7d, 0x0a, 0x20, 0x20, 0x20, 0x20, 0x72, 0x65, 0x74, 0x75, 0x72, 0x6e,
	0x20, 0x6d, 0x61, 0x78, 0x28, 0x77, 0x65, 0x69, 0x67, 0x68, 0x74, 0x2c,
	0x20, 0x30, 0x2e, 0x30, 0x29, 0x20, 0x2a, 0x20, 0x65, 0x78, 0x70, 0x28,
	0x28, 0x2d, 0x6d, 0x61, 0x78, 0x28, 0x6d, 0x2e, 0x6d, 0x65, 0x64, 0x69,
	0x61, 0x2e, 0x79, 0x2c, 0x20, 0x30, 0x2e, 0x30, 0x29, 0x29, 0x20, 0x2a,
	0x20, 0x6d, 0x61, 0x78, 0x28, 0x77, 0x6f, 0x72, 0x6c, 0x64, 0x2e, 0x7a,
	0x20, 0x2d, 0x20, 0x6d, 0x2e, 0x6f, 0x72, 0x69, 0x67, 0x69, 0x6e, 0x52,
	0x61, 0x64, 0x69, 0x75, 0x73, 0x2e, 0x7a, 0x2c, 0x20, 0x30, 0x2e, 0x30,
	0x29, 0x29, 0x3b, 0x0a, 0x7d, 0x0a, 0x0a, 0x76, 0x6f, 0x69, 0x64, 0x20,
	0x6d, 0x61, 0x69, 0x6e, 0x28, 0x29, 0x0a, 0x7b, 0x0a, 0x20, 0x20, 0x20,
	0x20, 0x75, 0x76, 0x65, 0x63, 0x33, 0x20, 0x63, 0x20, 0x3d, 0x20, 0x67,
	0x6c, 0x5f, 0x47, 0x6c, 0x6f, 0x62, 0x61, 0x6c, 0x49, 0x6e, 0x76, 0x6f,
	0x63, 0x61, 0x74, 0x69, 0x6f, 0x6e, 0x49, 0x44, 0x3b, 0x0a, 0x20, 0x20,
	0x20, 0x20, 0x75, 0x76, 0x65, 0x63, 0x33, 0x20, 0x64, 0x69, 0x6d, 0x73,
	0x20, 0x3d, 0x20, 0x70, 0x2e, 0x67, 0x72, 0x69, 0x64, 0x56, 0x6f, 0x6c,
	0x75, 0x6d, 0x65, 0x43, 0x6f, 0x75, 0x6e, 0x74, 0x2e, 0x78, 0x79, 0x7a,
	0x3b, 0x0a, 0x20, 0x20, 0x20, 0x20, 0x69, 0x66, 0x20, 0x28, 0x61, 0x6e,
	0x79, 0x28, 0x67, 0x72, 0x65, 0x61, 0x74, 0x65, 0x72, 0x54, 0x68, 0x61,
	0x6e, 0x45, 0x71, 0x75, 0x61, 0x6c, 0x28, 0x63, 0x2c, 0x20, 0x64, 0x69,
	0x6d, 0x73, 0x29, 0x29, 0x29, 0x0a, 0x20, 0x20, 0x20, 0x20, 0x7b, 0x0a,
	0x20, 0x20, 0x20, 0x20, 0x20, 0x20, 0x20, 0x20, 0x72, 0x65, 0x74, 0x75,
	0x72, 0x6e, 0x3b, 0x0a, 0x20, 0x20, 0x20, 0x20, 0x7d, 0x0a, 0x20, 0x20,
	0x20, 0x20, 0x75, 0x69, 0x6e, 0x74, 0x20, 0x69, 0x6e, 0x64, 0x65, 0x78,
	0x20, 0x3d, 0x20, 0x28, 0x28, 0x28, 0x63, 0x2e, 0x7a, 0x20, 0x2a, 0x20,
	0x64, 0x69, 0x6d, 0x73, 0x2e, 0x79, 0x29, 0x20, 0x2b, 0x20, 0x63, 0x2e,
	0x79, 0x29, 0x20, 0x2a, 0x20, 0x64, 0x69, 0x6d, 0x73, 0x2e, 0x78, 0x29,
	0x20, 0x2b, 0x20, 0x63, 0x2e, 0x78, 0x3b, 0x0a, 0x20, 0x20, 0x20, 0x20,
	0x76, 0x65, 0x63, 0x32, 0x20, 0x75, 0x76, 0x20, 0x3d, 0x20, 0x28, 0x76,
	0x65, 0x63, 0x32, 0x28, 0x63, 0x2e, 0x78, 0x79, 0x29, 0x20, 0x2b, 0x20,
	0x76, 0x65, 0x63, 0x32, 0x28, 0x30, 0x2e, 0x35, 0x29, 0x29, 0x20, 0x2f,
	0x20, 0x76, 0x65, 0x63, 0x32, 0x28, 0x64, 0x69, 0x6d, 0x73, 0x2e, 0x78,
	0x79, 0x29, 0x3b, 0x0a, 0x20, 0x20, 0x20, 0x20, 0x66, 0x6c, 0x6f, 0x61,
	0x74, 0x20, 0x73, 0x6c, 0x69, 0x63, 0x65, 0x20, 0x3d, 0x20, 0x28, 0x66,
	0x6c, 0x6f, 0x61, 0x74, 0x28, 0x63, 0x2e, 0x7a, 0x29, 0x20, 0x2b, 0x20,
	0x30, 0x2e, 0x35, 0x29, 0x20, 0x2f, 0x20, 0x66, 0x6c, 0x6f, 0x61, 0x74,
	0x28, 0x64, 0x69, 0x6d, 0x73, 0x2e, 0x7a, 0x29, 0x3b, 0x0a, 0x20, 0x20,
	0x20, 0x20, 0x66, 0x6c, 0x6f, 0x61, 0x74, 0x20, 0x6e, 0x65, 0x61, 0x72,
	0x5a, 0x20, 0x3d, 0x20, 0x6d, 0x61, 0x78, 0x28, 0x70, 0x2e, 0x65, 0x79,
	0x65, 0x4e, 0x65, 0x61, 0x72, 0x2e, 0x77, 0x2c, 0x20, 0x30, 0x2e, 0x30,
	0x30, 0x39, 0x39, 0x39, 0x39, 0x39, 0x39, 0x39, 0x37, 0x37, 0x36, 0x34,
	0x38, 0x32, 0x35, 0x38, 0x32, 0x30, 0x39, 0x32, 0x32, 0x38, 0x35, 0x31,
	0x35, 0x36, 0x32, 0x35, 0x29, 0x3b, 0x0a, 0x20, 0x20, 0x20, 0x20, 0x66,
	0x6c, 0x6f, 0x61, 0x74, 0x20, 0x66, 0x61, 0x72, 0x5a, 0x20, 0x3d, 0x20,
	0x6d, 0x61, 0x78, 0x28, 0x70, 0x2e, 0x66, 0x61, 0x72, 0x47, 0x6c, 0x6f,
	0x62, 0x61, 0x6c, 0x44, 0x65, 0x6e, 0x73, 0x69, 0x74, 0x79, 0x2e, 0x78,
	0x2c, 0x20, 0x6e, 0x65, 0x61, 0x72, 0x5a, 0x20, 0x2b, 0x20, 0x30, 0x2e,
	0x30, 0x30, 0x39, 0x39, 0x39, 0x39, 0x39, 0x39, 0x39, 0x37, 0x37, 0x36,
	0x34, 0x38, 0x32, 0x35, 0x38, 0x32, 0x30, 0x39, 0x32, 0x32, 0x38, 0x35,
	0x31, 0x35, 0x36, 0x32, 0x35, 0x29, 0x3b, 0x0a, 0x20, 0x20, 0x20, 0x20,
	0x66, 0x6c, 0x6f, 0x61, 0x74, 0x20, 0x64, 0x69, 0x73, 0x74, 0x61, 0x6e,
	0x63, 0x65, 0x5a, 0x20, 0x3d, 0x20, 0x6e, 0x65, 0x61, 0x72, 0x5a, 0x20,
	0x2a, 0x20, 0x70, 0x6f, 0x77, 0x28, 0x66, 0x61, 0x72, 0x5a, 0x20, 0x2f,
	0x20, 0x6e, 0x65, 0x61, 0x72, 0x5a, 0x2c, 0x20, 0x73, 0x6c, 0x69, 0x63,
	0x65, 0x29, 0x3b, 0x0a, 0x20, 0x20, 0x20, 0x20, 0x76, 0x65, 0x63, 0x34,
	0x20, 0x77, 0x6f, 0x72, 0x6c, 0x64, 0x48, 0x20, 0x3d, 0x20, 0x70, 0x2e,
	0x69, 0x6e, 0x76, 0x56, 0x69, 0x65, 0x77, 0x50, 0x72, 0x6f, 0x6a, 0x65,
	0x63, 0x74, 0x69, 0x6f, 0x6e, 0x20, 0x2a, 0x20, 0x76, 0x65, 0x63, 0x34,
	0x28, 0x28, 0x75, 0x76, 0x20, 0x2a, 0x20, 0x32, 0x2e, 0x30, 0x29, 0x20,
	0x2d, 0x20, 0x76, 0x65, 0x63, 0x32, 0x28, 0x31, 0x2e, 0x30, 0x29, 0x2c,
	0x20, 0x31, 0x2e, 0x30, 0x20, 0x2d, 0x20, 0x28, 0x6e, 0x65, 0x61, 0x72,
	0x5a, 0x20, 0x2f, 0x20, 0x64, 0x69, 0x73, 0x74, 0x61, 0x6e, 0x63, 0x65,
	0x5a, 0x29, 0x2c, 0x20, 0x31, 0x2e, 0x30, 0x29, 0x3b, 0x0a, 0x20, 0x20,
	0x20, 0x20, 0x76, 0x65, 0x63, 0x33, 0x20, 0x77, 0x6f, 0x72, 0x6c, 0x64,
	0x20, 0x3d, 0x20, 0x77, 0x6f, 0x72, 0x6c, 0x64, 0x48, 0x2e, 0x78, 0x79,
	0x7a, 0x20, 0x2f, 0x20, 0x76, 0x65, 0x63, 0x33, 0x28, 0x6d, 0x61, 0x78,
	0x28, 0x61, 0x62, 0x73, 0x28, 0x77, 0x6f, 0x72, 0x6c, 0x64, 0x48, 0x2e,
	0x77, 0x29, 0x2c, 0x20, 0x39, 0x2e, 0x39, 0x39, 0x39, 0x39, 0x39, 0x39,
	0x39, 0x37, 0x34, 0x37, 0x35, 0x32, 0x34, 0x32, 0x37, 0x30, 0x37, 0x38,
	0x37, 0x38, 0x33, 0x35, 0x31, 0x32, 0x31, 0x31, 0x35, 0x34, 0x37, 0x38,
	0x35, 0x65, 0x2d, 0x30, 0x37, 0x29, 0x29, 0x3b, 0x0a, 0x20, 0x20, 0x20,
	0x20, 0x66, 0x6c, 0x6f, 0x61, 0x74, 0x20, 0x65, 0x78, 0x74, 0x69, 0x6e,
	0x63, 0x74, 0x69, 0x6f, 0x6e, 0x20, 0x3d, 0x20, 0x6d, 0x61, 0x78, 0x28,
	0x70, 0x2e, 0x66, 0x61, 0x72, 0x47, 0x6c, 0x6f, 0x62, 0x61, 0x6c, 0x44,
	0x65, 0x6e, 0x73, 0x69, 0x74, 0x79, 0x2e, 0x79, 0x2c, 0x20, 0x30, 0x2e,
	0x30, 0x29, 0x20, 0x2a, 0x20, 0x65, 0x78, 0x70, 0x28, 0x28, 0x2d, 0x6d,
	0x61, 0x78, 0x28, 0x70, 0x2e, 0x66, 0x61, 0x72, 0x47, 0x6c, 0x6f, 0x62,
	0x61, 0x6c, 0x44, 0x65, 0x6e, 0x73, 0x69, 0x74, 0x79, 0x2e, 0x7a, 0x2c,
	0x20, 0x30, 0x2e, 0x30, 0x29, 0x29, 0x20, 0x2a, 0x20, 0x6d, 0x61, 0x78,
	0x28, 0x77, 0x6f, 0x72, 0x6c, 0x64, 0x2e, 0x7a, 0x2c, 0x20, 0x30, 0x2e,
	0x30, 0x29, 0x29, 0x3b, 0x0a, 0x20, 0x20, 0x20, 0x20, 0x76, 0x65, 0x63,
	0x33, 0x20, 0x73, 0x63, 0x61, 0x74, 0x74, 0x65, 0x72, 0x69, 0x6e, 0x67,
	0x20, 0x3d, 0x20, 0x70, 0x2e, 0x67, 0x6c, 0x6f, 0x62, 0x61, 0x6c, 0x41,
	0x6c, 0x62, 0x65, 0x64, 0x6f, 0x41, 0x6e, 0x69, 0x73, 0x6f, 0x74, 0x72,
	0x6f, 0x70, 0x79, 0x2e, 0x78, 0x79, 0x7a, 0x20, 0x2a, 0x20, 0x65, 0x78,
	0x74, 0x69, 0x6e, 0x63, 0x74, 0x69, 0x6f, 0x6e, 0x3b, 0x0a, 0x20, 0x20,
	0x20, 0x20, 0x75, 0x69, 0x6e, 0x74, 0x20, 0x63, 0x6f, 0x75, 0x6e, 0x74,
	0x20, 0x3d, 0x20, 0x6d, 0x69, 0x6e, 0x28, 0x70, 0x2e, 0x67, 0x72, 0x69,
	0x64, 0x56, 0x6f, 0x6c, 0x75, 0x6d, 0x65, 0x43, 0x6f, 0x75, 0x6e, 0x74,
	0x2e, 0x77, 0x2c, 0x20, 0x36, 0x34, 0x75, 0x29, 0x3b, 0x0a, 0x20, 0x20,
	0x20, 0x20, 0x4d, 0x65, 0x64, 0x69, 0x61, 0x56, 0x6f, 0x6c, 0x75, 0x6d,
	0x65, 0x20, 0x70, 0x61, 0x72, 0x61, 0x6d, 0x3b, 0x0a, 0x20, 0x20, 0x20,
	0x20, 0x66, 0x6f, 0x72, 0x20, 0x28, 0x75, 0x69, 0x6e, 0x74, 0x20, 0x69,
	0x20, 0x3d, 0x20, 0x30, 0x75, 0x3b, 0x20, 0x69, 0x20, 0x3c, 0x20, 0x63,
	0x6f, 0x75, 0x6e, 0x74, 0x3b, 0x20, 0x69, 0x2b, 0x2b, 0x29, 0x0a, 0x20,
	0x20, 0x20, 0x20, 0x7b, 0x0a, 0x20, 0x20, 0x20, 0x20, 0x20, 0x20, 0x20,
	0x20, 0x70, 0x61, 0x72, 0x61, 0x6d, 0x2e, 0x6f, 0x72, 0x69, 0x67, 0x69,
	0x6e, 0x52, 0x61, 0x64, 0x69, 0x75, 0x73, 0x20, 0x3d, 0x20, 0x5f, 0x33,
	0x30, 0x35, 0x2e, 0x76, 0x5b, 0x69, 0x5d, 0x2e, 0x6f, 0x72, 0x69, 0x67,
	0x69, 0x6e, 0x52, 0x61, 0x64, 0x69, 0x75, 0x73, 0x3b, 0x0a, 0x20, 0x20,
	0x20, 0x20, 0x20, 0x20, 0x20, 0x20, 0x70, 0x61, 0x72, 0x61, 0x6d, 0x2e,
	0x65, 0x78, 0x74, 0x65, 0x6e, 0x74, 0x53, 0x68, 0x61, 0x70, 0x65, 0x20,
	0x3d, 0x20, 0x5f, 0x33, 0x30, 0x35, 0x2e, 0x76, 0x5b, 0x69, 0x5d, 0x2e,
	0x65, 0x78, 0x74, 0x65, 0x6e, 0x74, 0x53, 0x68, 0x61, 0x70, 0x65, 0x3b,
	0x0a, 0x20, 0x20, 0x20, 0x20, 0x20, 0x20, 0x20, 0x20, 0x70, 0x61, 0x72,
	0x61, 0x6d, 0x2e, 0x61, 0x6c, 0x62, 0x65, 0x64, 0x6f, 0x41, 0x6e, 0x69,
	0x73, 0x6f, 0x74, 0x72, 0x6f, 0x70, 0x79, 0x20, 0x3d, 0x20, 0x5f, 0x33,
	0x30, 0x35, 0x2e, 0x76, 0x5b, 0x69, 0x5d, 0x2e, 0x61, 0x6c, 0x62, 0x65,
	0x64, 0x6f, 0x41, 0x6e, 0x69, 0x73, 0x6f, 0x74, 0x72, 0x6f, 0x70, 0x79,
	0x3b, 0x0a, 0x20, 0x20, 0x20, 0x20, 0x20, 0x20, 0x20, 0x20, 0x70, 0x61,
	0x72, 0x61, 0x6d, 0x2e, 0x65, 0x6d, 0x69, 0x73, 0x73, 0x69, 0x76, 0x65,
	0x49, 0x6e, 0x74, 0x65, 0x6e, 0x73, 0x69, 0x74, 0x79, 0x20, 0x3d, 0x20,
	0x5f, 0x33, 0x30, 0x35, 0x2e, 0x76, 0x5b, 0x69, 0x5d, 0x2e, 0x65, 0x6d,
	0x69, 0x73, 0x73, 0x69, 0x76, 0x65, 0x49, 0x6e, 0x74, 0x65, 0x6e, 0x73,
	0x69, 0x74, 0x79, 0x3b, 0x0a, 0x20, 0x20, 0x20, 0x20, 0x20, 0x20, 0x20,
	0x20, 0x70, 0x61, 0x72, 0x61, 0x6d, 0x2e, 0x6d, 0x65, 0x64, 0x69, 0x61,
	0x20, 0x3d, 0x20, 0x5f, 0x33, 0x30, 0x35, 0x2e, 0x76, 0x5b, 0x69, 0x5d,
	0x2e, 0x6d, 0x65, 0x64, 0x69, 0x61, 0x3b, 0x0a, 0x20, 0x20, 0x20, 0x20,
	0x20, 0x20, 0x20, 0x20, 0x76, 0x65, 0x63, 0x33, 0x20, 0x70, 0x61, 0x72,
	0x61, 0x6d, 0x5f, 0x31, 0x20, 0x3d, 0x20, 0x77, 0x6f, 0x72, 0x6c, 0x64,
	0x3b, 0x0a, 0x20, 0x20, 0x20, 0x20, 0x20, 0x20, 0x20, 0x20, 0x66, 0x6c,
	0x6f, 0x61, 0x74, 0x20, 0x77, 0x65, 0x69, 0x67, 0x68, 0x74, 0x20, 0x3d,
	0x20, 0x76, 0x6f, 0x6c, 0x75, 0x6d, 0x65, 0x57, 0x65, 0x69, 0x67, 0x68,
	0x74, 0x28, 0x70, 0x61, 0x72, 0x61, 0x6d, 0x2c, 0x20, 0x70, 0x61, 0x72,
	0x61, 0x6d, 0x5f, 0x31, 0x29, 0x3b, 0x0a, 0x20, 0x20, 0x20, 0x20, 0x20,
	0x20, 0x20, 0x20, 0x66, 0x6c, 0x6f, 0x61, 0x74, 0x20, 0x6c, 0x6f, 0x63,
	0x61, 0x6c, 0x45, 0x78, 0x74, 0x69, 0x6e, 0x63, 0x74, 0x69, 0x6f, 0x6e,
	0x20, 0x3d, 0x20, 0x6d, 0x61, 0x78, 0x28, 0x5f, 0x33, 0x30, 0x35, 0x2e,
	0x76, 0x5b, 0x69, 0x5d, 0x2e, 0x6d, 0x65, 0x64, 0x69, 0x61, 0x2e, 0x78,
	0x2c, 0x20, 0x30, 0x2e, 0x30, 0x29, 0x20, 0x2a, 0x20, 0x77, 0x65, 0x69,
	0x67, 0x68, 0x74, 0x3b, 0x0a, 0x20, 0x20, 0x20, 0x20, 0x20, 0x20, 0x20,
	0x20, 0x65, 0x78, 0x74, 0x69, 0x6e, 0x63, 0x74, 0x69, 0x6f, 0x6e, 0x20,
	0x2b, 0x3d, 0x20, 0x6c, 0x6f, 0x63, 0x61, 0x6c, 0x45, 0x78, 0x74, 0x69,
	0x6e, 0x63, 0x74, 0x69, 0x6f, 0x6e, 0x3b, 0x0a, 0x20, 0x20, 0x20, 0x20,
	0x20, 0x20, 0x20, 0x20, 0x73, 0x63, 0x61, 0x74, 0x74, 0x65, 0x72, 0x69,
	0x6e, 0x67, 0x20, 0x2b, 0x3d, 0x20, 0x28, 0x28, 0x5f, 0x33, 0x30, 0x35,
	0x2e, 0x76, 0x5b, 0x69, 0x5d, 0x2e, 0x61, 0x6c, 0x62, 0x65, 0x64, 0x6f,
	0x41, 0x6e, 0x69, 0x73, 0x6f, 0x74, 0x72, 0x6f, 0x70, 0x79, 0x2e, 0x78,
	0x79, 0x7a, 0x20, 0x2a, 0x20, 0x6c, 0x6f, 0x63, 0x61, 0x6c, 0x45, 0x78,
	0x74, 0x69, 0x6e, 0x63, 0x74, 0x69, 0x6f, 0x6e, 0x29, 0x20, 0x2b, 0x20,
	0x28, 0x28, 0x5f, 0x33, 0x30, 0x35, 0x2e, 0x76, 0x5b, 0x69, 0x5d, 0x2e,
	0x65, 0x6d, 0x69, 0x73, 0x73, 0x69, 0x76, 0x65, 0x49, 0x6e, 0x74, 0x65,
	0x6e, 0x73, 0x69, 0x74, 0x79, 0x2e, 0x78, 0x79, 0x7a, 0x20, 0x2a, 0x20,
	0x6d, 0x61, 0x78, 0x28, 0x5f, 0x33, 0x30, 0x35, 0x2e, 0x76, 0x5b, 0x69,
	0x5d, 0x2e, 0x65, 0x6d, 0x69, 0x73, 0x73, 0x69, 0x76, 0x65, 0x49, 0x6e,
	0x74, 0x65, 0x6e, 0x73, 0x69, 0x74, 0x79, 0x2e, 0x77, 0x2c, 0x20, 0x30,
	0x2e, 0x30, 0x29, 0x29, 0x20, 0x2a, 0x20, 0x77, 0x65, 0x69, 0x67, 0x68,
	0x74, 0x29, 0x29, 0x3b, 0x0a, 0x20, 0x20, 0x20, 0x20, 0x7d, 0x0a, 0x20,
	0x20, 0x20, 0x20, 0x5f, 0x33, 0x35, 0x39, 0x2e, 0x73, 0x63, 0x61, 0x74,
	0x74, 0x65, 0x72, 0x69, 0x6e, 0x67, 0x45, 0x78, 0x74, 0x69, 0x6e, 0x63,
	0x74, 0x69, 0x6f, 0x6e, 0x5b, 0x69, 0x6e, 0x64, 0x65, 0x78, 0x5d, 0x20,
	0x3d, 0x20, 0x76, 0x65, 0x63, 0x34, 0x28, 0x73, 0x63, 0x61, 0x74, 0x74,
	0x65, 0x72, 0x69, 0x6e, 0x67, 0x2c, 0x20, 0x65, 0x78, 0x74, 0x69, 0x6e,
	0x63, 0x74, 0x69, 0x6f, 0x6e, 0x29, 0x3b, 0x0a, 0x7d, 0x0a, 0x0a, 0x00
};
static const unsigned int ralOpenGlProductAtmosphereInjectByteCount = 3359u;
static const unsigned long long ralOpenGlProductAtmosphereInjectDigestLane0 = 0x19f2b8ff31f78e50ull;
static const unsigned long long ralOpenGlProductAtmosphereInjectDigestLane1 = 0xef3734d9339f372dull;

static const unsigned char ralOpenGlProductAtmosphereLightSource[] = {
	0x23, 0x76, 0x65, 0x72, 0x73, 0x69, 0x6f, 0x6e, 0x20, 0x34, 0x36, 0x30,
	0x0a, 0x6c, 0x61, 0x79, 0x6f, 0x75, 0x74, 0x28, 0x6c, 0x6f, 0x63, 0x61,
	0x6c, 0x5f, 0x73, 0x69, 0x7a, 0x65, 0x5f, 0x78, 0x20, 0x3d, 0x20, 0x34,
	0x2c, 0x20, 0x6c, 0x6f, 0x63, 0x61, 0x6c, 0x5f, 0x73, 0x69, 0x7a, 0x65,
	0x5f, 0x79, 0x20, 0x3d, 0x20, 0x34, 0x2c, 0x20, 0x6c, 0x6f, 0x63, 0x61,
	0x6c, 0x5f, 0x73, 0x69, 0x7a, 0x65, 0x5f, 0x7a, 0x20, 0x3d, 0x20, 0x34,
	0x29, 0x20, 0x69, 0x6e, 0x3b, 0x0a, 0x0a, 0x73, 0x74, 0x72, 0x75, 0x63,
	0x74, 0x20, 0x46, 0x6f, 0x72, 0x77, 0x61, 0x72, 0x64, 0x4c, 0x69, 0x67,
	0x68, 0x74, 0x0a, 0x7b, 0x0a, 0x20, 0x20, 0x20, 0x20, 0x76, 0x65, 0x63,
	0x34, 0x20, 0x70, 0x6f, 0x73, 0x69, 0x74, 0x69, 0x6f, 0x6e, 0x52, 0x61,
	0x64, 0x69, 0x75, 0x73, 0x3b, 0x0a, 0x20, 0x20, 0x20, 0x20, 0x76, 0x65,
	0x63, 0x34, 0x20, 0x63, 0x6f, 0x6c, 0x6f, 0x72, 0x49, 0x6e, 0x76, 0x52,
	0x61, 0x64, 0x69, 0x75, 0x73, 0x32, 0x3b, 0x0a, 0x20, 0x20, 0x20, 0x20,
	0x76, 0x65, 0x63, 0x34, 0x20, 0x65, 0x6e, 0x64, 0x70, 0x6f, 0x69, 0x6e,
	0x74, 0x4c, 0x69, 0x6e, 0x65, 0x61, 0x72, 0x3b, 0x0a, 0x7d, 0x3b, 0x0a,
	0x0a, 0x6c, 0x61, 0x79, 0x6f, 0x75, 0x74, 0x28, 0x62, 0x69, 0x6e, 0x64,
	0x69, 0x6e, 0x67, 0x20, 0x3d, 0x20, 0x30, 0x2c, 0x20, 0x73, 0x74, 0x64,
	0x31, 0x34, 0x30, 0x29, 0x20, 0x75, 0x6e, 0x69, 0x66, 0x6f, 0x72, 0x6d,
	0x20, 0x50, 0x61, 0x72, 0x61, 0x6d, 0x73, 0x0a, 0x7b, 0x0a, 0x20, 0x20,
	0x20, 0x20, 0x6d, 0x61, 0x74, 0x34, 0x20, 0x69, 0x6e, 0x76, 0x56, 0x69,
	0x65, 0x77, 0x50, 0x72, 0x6f, 0x6a, 0x65, 0x63, 0x74, 0x69, 0x6f, 0x6e,
	0x3b, 0x0a, 0x20, 0x20, 0x20, 0x20, 0x76, 0x65, 0x63, 0x34, 0x20, 0x65,
	0x79, 0x65, 0x4e, 0x65, 0x61, 0x72, 0x3b, 0x0a, 0x20, 0x20, 0x20, 0x20,
	0x76, 0x65, 0x63, 0x34, 0x20, 0x66, 0x61, 0x72, 0x50, 0x61, 0x64, 0x3b,
	0x0a, 0x20, 0x20, 0x20, 0x20, 0x75, 0x76, 0x65, 0x63, 0x34, 0x20, 0x67,
	0x72, 0x69, 0x64, 0x4c, 0x69, 0x67, 0x68, 0x74, 0x43, 0x6f, 0x75, 0x6e,
	0x74, 0x3b, 0x0a, 0x20, 0x20, 0x20, 0x20, 0x76, 0x65, 0x63, 0x34, 0x20,
	0x73, 0x75, 0x6e, 0x44, 0x69, 0x72, 0x65, 0x63, 0x74, 0x69, 0x6f, 0x6e,
	0x49, 0x6e, 0x74, 0x65, 0x6e, 0x73, 0x69, 0x74, 0x79, 0x3b, 0x0a, 0x20,
	0x20, 0x20, 0x20, 0x76, 0x65, 0x63, 0x34, 0x20, 0x73, 0x75, 0x6e, 0x43,
	0x6f, 0x6c, 0x6f, 0x72, 0x43, 0x6c, 0x6f, 0x75, 0x64, 0x53, 0x68, 0x61,
	0x64, 0x6f, 0x77, 0x3b, 0x0a, 0x20, 0x20, 0x20, 0x20, 0x76, 0x65, 0x63,
	0x34, 0x20, 0x6d, 0x6f, 0x6f, 0x6e, 0x44, 0x69, 0x72, 0x65, 0x63, 0x74,
	0x69, 0x6f, 0x6e, 0x49, 0x6e, 0x74, 0x65, 0x6e, 0x73, 0x69, 0x74, 0x79,
	0x3b, 0x0a, 0x20, 0x20, 0x20, 0x20, 0x76, 0x65, 0x63, 0x34, 0x20, 0x6d,
	0x6f, 0x6f, 0x6e, 0x43, 0x6f, 0x6c, 0x6f, 0x72, 0x4c, 0x69, 0x67, 0x68,
	0x74, 0x6e, 0x69, 0x6e, 0x67, 0x3b, 0x0a, 0x20, 0x20, 0x20, 0x20, 0x76,
	0x65, 0x63, 0x34, 0x20, 0x61, 0x6d, 0x62, 0x69, 0x65, 0x6e, 0x74, 0x43,
	0x6c, 0x6f, 0x75, 0x64, 0x3b, 0x0a, 0x7d, 0x20, 0x70, 0x3b, 0x0a, 0x0a,
	0x6c, 0x61, 0x79, 0x6f, 0x75, 0x74, 0x28, 0x62, 0x69, 0x6e, 0x64, 0x69,
	0x6e, 0x67, 0x20, 0x3d, 0x20, 0x30, 0x2c, 0x20, 0x73, 0x74, 0x64, 0x34,
	0x33, 0x30, 0x29, 0x20, 0x72, 0x65, 0x61, 0x64, 0x6f, 0x6e, 0x6c, 0x79,
	0x20, 0x62, 0x75, 0x66, 0x66, 0x65, 0x72, 0x20, 0x4d, 0x65, 0x64, 0x69,
	0x61, 0x0a, 0x7b, 0x0a, 0x20, 0x20, 0x20, 0x20, 0x76, 0x65, 0x63, 0x34,
	0x20, 0x73, 0x63, 0x61, 0x74, 0x74, 0x65, 0x72, 0x69, 0x6e, 0x67, 0x45,
	0x78, 0x74, 0x69, 0x6e, 0x63, 0x74, 0x69, 0x6f, 0x6e, 0x5b, 0x5d, 0x3b,
	0x0a, 0x7d, 0x20, 0x5f, 0x36, 0x30, 0x3b, 0x0a, 0x0a, 0x6c, 0x61, 0x79,
	0x6f, 0x75, 0x74, 0x28, 0x62, 0x69, 0x6e, 0x64, 0x69, 0x6e, 0x67, 0x20,
	0x3d, 0x20, 0x31, 0x2c, 0x20, 0x73, 0x74, 0x64, 0x34, 0x33, 0x30, 0x29,
	0x20, 0x72, 0x65, 0x61, 0x64, 0x6f, 0x6e, 0x6c, 0x79, 0x20, 0x62, 0x75,
	0x66, 0x66, 0x65, 0x72, 0x20, 0x54, 0x69, 0x6c, 0x65, 0x4c, 0x69, 0x67,
	0x68, 0x74, 0x73, 0x0a, 0x7b, 0x0a, 0x20, 0x20, 0x20, 0x20, 0x75, 0x69,
	0x6e, 0x74, 0x20, 0x74, 0x69, 0x6c, 0x65, 0x4c, 0x69, 0x67, 0x68, 0x74,
	0x5b, 0x5d, 0x3b, 0x0a, 0x7d, 0x20, 0x5f, 0x31, 0x39, 0x34, 0x3b, 0x0a,
	0x0a, 0x6c, 0x61, 0x79, 0x6f, 0x75, 0x74, 0x28, 0x62, 0x69, 0x6e, 0x64,
	0x69, 0x6e, 0x67, 0x20, 0x3d, 0x20, 0x32, 0x2c, 0x20, 0x73, 0x74, 0x64,
	0x34, 0x33, 0x30, 0x29, 0x20, 0x72, 0x65, 0x61, 0x64, 0x6f, 0x6e, 0x6c,
	0x79, 0x20, 0x62, 0x75, 0x66, 0x66, 0x65, 0x72, 0x20, 0x4c, 0x69, 0x67,
	0x68, 0x74, 0x73, 0x0a, 0x7b, 0x0a, 0x20, 0x20, 0x20, 0x20, 0x46, 0x6f,
	0x72, 0x77, 0x61, 0x72, 0x64, 0x4c, 0x69, 0x67, 0x68, 0x74, 0x20, 0x6c,
	0x69, 0x67, 0x68, 0x74, 0x5b, 0x5d, 0x3b, 0x0a, 0x7d, 0x20, 0x5f, 0x32,
	0x33, 0x34, 0x3b, 0x0a, 0x0a, 0x6c, 0x61, 0x79, 0x6f, 0x75, 0x74, 0x28,
	0x62, 0x69, 0x6e, 0x64, 0x69, 0x6e, 0x67, 0x20, 0x3d, 0x20, 0x33, 0x2c,
	0x20, 0x73, 0x74, 0x64, 0x34, 0x33, 0x30, 0x29, 0x20, 0x77, 0x72, 0x69,
	0x74, 0x65, 0x6f, 0x6e, 0x6c, 0x79, 0x20, 0x62, 0x75, 0x66, 0x66, 0x65,
	0x72, 0x20, 0x4c, 0x69, 0x74, 0x4d, 0x65, 0x64, 0x69, 0x61, 0x0a, 0x7b,
	0x0a, 0x20, 0x20, 0x20, 0x20, 0x76, 0x65, 0x63, 0x34, 0x20, 0x72, 0x61,
	0x64, 0x69, 0x61, 0x6e, 0x63, 0x65, 0x45, 0x78, 0x74, 0x69, 0x6e, 0x63,
	0x74, 0x69, 0x6f, 0x6e, 0x5b, 0x5d, 0x3b, 0x0a, 0x7d, 0x20, 0x5f, 0x32,
	0x37, 0x39, 0x3b, 0x0a, 0x0a, 0x76, 0x6f, 0x69, 0x64, 0x20, 0x6d, 0x61,
	0x69, 0x6e, 0x28, 0x29, 0x0a, 0x7b, 0x0a, 0x20, 0x20, 0x20, 0x20, 0x75,
	0x76, 0x65, 0x63, 0x33, 0x20, 0x63, 0x20, 0x3d, 0x20, 0x67, 0x6c, 0x5f,
	0x47, 0x6c, 0x6f, 0x62, 0x61, 0x6c, 0x49, 0x6e, 0x76, 0x6f, 0x63, 0x61,
	0x74, 0x69, 0x6f, 0x6e, 0x49, 0x44, 0x3b, 0x0a, 0x20, 0x20, 0x20, 0x20,
	0x75, 0x76, 0x65, 0x63, 0x33, 0x20, 0x64, 0x69, 0x6d, 0x73, 0x20, 0x3d,
	0x20, 0x70, 0x2e, 0x67, 0x72, 0x69, 0x64, 0x4c, 0x69, 0x67, 0x68, 0x74,
	0x43, 0x6f, 0x75, 0x6e, 0x74, 0x2e, 0x78, 0x79, 0x7a, 0x3b, 0x0a, 0x20,
	0x20, 0x20, 0x20, 0x69, 0x66, 0x20, 0x28, 0x61, 0x6e, 0x79, 0x28, 0x67,
	0x72, 0x65, 0x61, 0x74, 0x65, 0x72, 0x54, 0x68, 0x61, 0x6e, 0x45, 0x71,
	0x75, 0x61, 0x6c, 0x28, 0x63, 0x2c, 0x20, 0x64, 0x69, 0x6d, 0x73, 0x29,
	0x29, 0x29, 0x0a, 0x20, 0x20, 0x20, 0x20, 0x7b, 0x0a, 0x20, 0x20, 0x20,
	0x20, 0x20, 0x20, 0x20, 0x20, 0x72, 0x65, 0x74, 0x75, 0x72, 0x6e, 0x3b,
	0x0a, 0x20, 0x20, 0x20, 0x20, 0x7d, 0x0a, 0x20, 0x20, 0x20, 0x20, 0x75,
	0x69, 0x6e, 0x74, 0x20, 0x69, 0x6e, 0x64, 0x65, 0x78, 0x20, 0x3d, 0x20,
	0x28, 0x28, 0x28, 0x63, 0x2e, 0x7a, 0x20, 0x2a, 0x20, 0x64, 0x69, 0x6d,
	0x73, 0x2e, 0x79, 0x29, 0x20, 0x2b, 0x20, 0x63, 0x2e, 0x79, 0x29, 0x20,
	0x2a, 0x20, 0x64, 0x69, 0x6d, 0x73, 0x2e, 0x78, 0x29, 0x20, 0x2b, 0x20,
	0x63, 0x2e, 0x78, 0x3b, 0x0a, 0x20, 0x20, 0x20, 0x20, 0x76, 0x65, 0x63,
	0x34, 0x20, 0x6d, 0x65, 0x64, 0x69, 0x75, 0x6d, 0x20, 0x3d, 0x20, 0x5f,
	0x36, 0x30, 0x2e, 0x73, 0x63, 0x61, 0x74, 0x74, 0x65, 0x72, 0x69, 0x6e,
	0x67, 0x45, 0x78, 0x74, 0x69, 0x6e, 0x63, 0x74, 0x69, 0x6f, 0x6e, 0x5b,
	0x69, 0x6e, 0x64, 0x65, 0x78, 0x5d, 0x3b, 0x0a, 0x20, 0x20, 0x20, 0x20,
	0x76, 0x65, 0x63, 0x32, 0x20, 0x75, 0x76, 0x20, 0x3d, 0x20, 0x28, 0x76,
	0x65, 0x63, 0x32, 0x28, 0x63, 0x2e, 0x78, 0x79, 0x29, 0x20, 0x2b, 0x20,
	0x76, 0x65, 0x63, 0x32, 0x28, 0x30, 0x2e, 0x35, 0x29, 0x29, 0x20, 0x2f,
	0x20, 0x76, 0x65, 0x63, 0x32, 0x28, 0x64, 0x69, 0x6d, 0x73, 0x2e, 0x78,
	0x79, 0x29, 0x3b, 0x0a, 0x20, 0x20, 0x20, 0x20, 0x66, 0x6c, 0x6f, 0x61,
	0x74, 0x20, 0x73, 0x6c, 0x69, 0x63, 0x65, 0x20, 0x3d, 0x20, 0x28, 0x66,
	0x6c, 0x6f, 0x61, 0x74, 0x28, 0x63, 0x2e, 0x7a, 0x29, 0x20, 0x2b, 0x20,
	0x30, 0x2e, 0x35, 0x29, 0x20, 0x2f, 0x20, 0x66, 0x6c, 0x6f, 0x61, 0x74,
	0x28, 0x64, 0x69, 0x6d, 0x73, 0x2e, 0x7a, 0x29, 0x3b, 0x0a, 0x20, 0x20,
	0x20, 0x20, 0x66, 0x6c, 0x6f, 0x61, 0x74, 0x20, 0x6e, 0x65, 0x61, 0x72,
	0x5a, 0x20, 0x3d, 0x20, 0x6d, 0x61, 0x78, 0x28, 0x70, 0x2e, 0x65, 0x79,
	0x65, 0x4e, 0x65, 0x61, 0x72, 0x2e, 0x77, 0x2c, 0x20, 0x30, 0x2e, 0x30,
	0x30, 0x39, 0x39, 0x39, 0x39, 0x39, 0x39, 0x39, 0x37, 0x37, 0x36, 0x34,
	0x38, 0x32, 0x35, 0x38, 0x32, 0x30, 0x39, 0x32, 0x32, 0x38, 0x35, 0x31,
	0x35, 0x36, 0x32, 0x35, 0x29, 0x3b, 0x0a, 0x20, 0x20, 0x20, 0x20, 0x66,
	0x6c, 0x6f, 0x61, 0x74, 0x20, 0x66, 0x61, 0x72, 0x5a, 0x20, 0x3d, 0x20,
	0x6d, 0x61, 0x78, 0x28, 0x70, 0x2e, 0x66, 0x61, 0x72, 0x50, 0x61, 0x64,
	0x2e, 0x78, 0x2c, 0x20, 0x6e, 0x65, 0x61, 0x72, 0x5a, 0x20, 0x2b, 0x20,
	0x30, 0x2e, 0x30, 0x30, 0x39, 0x39, 0x39, 0x39, 0x39, 0x39, 0x39, 0x37,
	0x37, 0x36, 0x34, 0x38, 0x32, 0x35, 0x38, 0x32, 0x30, 0x39, 0x32, 0x32,
	0x38, 0x35, 0x31, 0x35, 0x36, 0x32, 0x35, 0x29, 0x3b, 0x0a, 0x20, 0x20,
	0x20, 0x20, 0x66, 0x6c, 0x6f, 0x61, 0x74, 0x20, 0x64, 0x69, 0x73, 0x74,
	0x61, 0x6e, 0x63, 0x65, 0x5a, 0x20, 0x3d, 0x20, 0x6e, 0x65, 0x61, 0x72,
	0x5a, 0x20, 0x2a, 0x20, 0x70, 0x6f, 0x77, 0x28, 0x66, 0x61, 0x72, 0x5a,
	0x20, 0x2f, 0x20, 0x6e, 0x65, 0x61, 0x72, 0x5a, 0x2c, 0x20, 0x73, 0x6c,
	0x69, 0x63, 0x65, 0x29, 0x3b, 0x0a, 0x20, 0x20, 0x20, 0x20, 0x76, 0x65,
	0x63, 0x34, 0x20, 0x77, 0x6f, 0x72, 0x6c, 0x64, 0x48, 0x20, 0x3d, 0x20,
	0x70, 0x2e, 0x69, 0x6e, 0x76, 0x56, 0x69, 0x65, 0x77, 0x50, 0x72, 0x6f,
	0x6a, 0x65, 0x63, 0x74, 0x69, 0x6f, 0x6e, 0x20, 0x2a, 0x20, 0x76, 0x65,
	0x63, 0x34, 0x28, 0x28, 0x75, 0x76, 0x20, 0x2a, 0x20, 0x32, 0x2e, 0x30,
	0x29, 0x20, 0x2d, 0x20, 0x76, 0x65, 0x63, 0x32, 0x28, 0x31, 0x2e, 0x30,
	0x29, 0x2c, 0x20, 0x31, 0x2e, 0x30, 0x20, 0x2d, 0x20, 0x28, 0x6e, 0x65,
	0x61, 0x72, 0x5a, 0x20, 0x2f, 0x20, 0x64, 0x69, 0x73, 0x74, 0x61, 0x6e,
	0x63, 0x65, 0x5a, 0x29, 0x2c, 0x20, 0x31, 0x2e, 0x30, 0x29, 0x3b, 0x0a,
	0x20, 0x20, 0x20, 0x20, 0x76, 0x65, 0x63, 0x33, 0x20, 0x77, 0x6f, 0x72,
	0x6c, 0x64, 0x20, 0x3d, 0x20, 0x77, 0x6f, 0x72, 0x6c, 0x64, 0x48, 0x2e,
	0x78, 0x79, 0x7a, 0x20, 0x2f, 0x20, 0x76, 0x65, 0x63, 0x33, 0x28, 0x6d,
	0x61, 0x78, 0x28, 0x61, 0x62, 0x73, 0x28, 0x77, 0x6f, 0x72, 0x6c, 0x64,
	0x48, 0x2e, 0x77, 0x29, 0x2c, 0x20, 0x39, 0x2e, 0x39, 0x39, 0x39, 0x39,
	0x39, 0x39, 0x39, 0x37, 0x34, 0x37, 0x35, 0x32, 0x34, 0x32, 0x37, 0x30,
	0x37, 0x38, 0x37, 0x38, 0x33, 0x35, 0x31, 0x32, 0x31, 0x31, 0x35, 0x34,
	0x37, 0x38, 0x35, 0x65, 0x2d, 0x30, 0x37, 0x29, 0x29, 0x3b, 0x0a, 0x20,
	0x20, 0x20, 0x20, 0x76, 0x65, 0x63, 0x33, 0x20, 0x69, 0x6c, 0x6c, 0x75,
	0x6d, 0x69, 0x6e, 0x61, 0x74, 0x69, 0x6f, 0x6e, 0x20, 0x3d, 0x20, 0x70,
	0x2e, 0x61, 0x6d, 0x62, 0x69, 0x65, 0x6e, 0x74, 0x43, 0x6c, 0x6f, 0x75,
	0x64, 0x2e, 0x78, 0x79, 0x7a, 0x3b, 0x0a, 0x20, 0x20, 0x20, 0x20, 0x69,
	0x6c, 0x6c, 0x75, 0x6d, 0x69, 0x6e, 0x61, 0x74, 0x69, 0x6f, 0x6e, 0x20,
	0x2b, 0x3d, 0x20, 0x28, 0x28, 0x70, 0x2e, 0x73, 0x75, 0x6e, 0x43, 0x6f,
	0x6c, 0x6f, 0x72, 0x43, 0x6c, 0x6f, 0x75, 0x64, 0x53, 0x68, 0x61, 0x64,
	0x6f, 0x77, 0x2e, 0x78, 0x79, 0x7a, 0x20, 0x2a, 0x20, 0x70, 0x2e, 0x73,
	0x75, 0x6e, 0x44, 0x69, 0x72, 0x65, 0x63, 0x74, 0x69, 0x6f, 0x6e, 0x49,
	0x6e, 0x74, 0x65, 0x6e, 0x73, 0x69, 0x74, 0x79, 0x2e, 0x77, 0x29, 0x20,
	0x2a, 0x20, 0x28, 0x31, 0x2e, 0x30, 0x20, 0x2d, 0x20, 0x70, 0x2e, 0x73,
	0x75, 0x6e, 0x43, 0x6f, 0x6c, 0x6f, 0x72, 0x43, 0x6c, 0x6f, 0x75, 0x64,
	0x53, 0x68, 0x61, 0x64, 0x6f, 0x77, 0x2e, 0x77, 0x29, 0x29, 0x3b, 0x0a,
	0x20, 0x20, 0x20, 0x20, 0x69, 0x6c, 0x6c, 0x75, 0x6d, 0x69, 0x6e, 0x61,
	0x74, 0x69, 0x6f, 0x6e, 0x20, 0x2b, 0x3d, 0x20, 0x28, 0x70, 0x2e, 0x6d,
	0x6f, 0x6f, 0x6e, 0x43, 0x6f, 0x6c, 0x6f, 0x72, 0x4c, 0x69, 0x67, 0x68,
	0x74, 0x6e, 0x69, 0x6e, 0x67, 0x2e, 0x78, 0x79, 0x7a, 0x20, 0x2a, 0x20,
	0x70, 0x2e, 0x6d, 0x6f, 0x6f, 0x6e, 0x44, 0x69, 0x72, 0x65, 0x63, 0x74,
	0x69, 0x6f, 0x6e, 0x49, 0x6e, 0x74, 0x65, 0x6e, 0x73, 0x69, 0x74, 0x79,
	0x2e, 0x77, 0x29, 0x3b, 0x0a, 0x20, 0x20, 0x20, 0x20, 0x69, 0x6c, 0x6c,
	0x75, 0x6d, 0x69, 0x6e, 0x61, 0x74, 0x69, 0x6f, 0x6e, 0x20, 0x2b, 0x3d,
	0x20, 0x70, 0x2e, 0x6d, 0x6f, 0x6f, 0x6e, 0x43, 0x6f, 0x6c, 0x6f, 0x72,
	0x4c, 0x69, 0x67, 0x68, 0x74, 0x6e, 0x69, 0x6e, 0x67, 0x2e, 0x77, 0x77,
	0x77, 0x3b, 0x0a, 0x20, 0x20, 0x20, 0x20, 0x75, 0x69, 0x6e, 0x74, 0x20,
	0x74, 0x69, 0x6c, 0x65, 0x20, 0x3d, 0x20, 0x28, 0x63, 0x2e, 0x79, 0x20,
	0x2a, 0x20, 0x64, 0x69, 0x6d, 0x73, 0x2e, 0x78, 0x29, 0x20, 0x2b, 0x20,
	0x63, 0x2e, 0x78, 0x3b, 0x0a, 0x20, 0x20, 0x20, 0x20, 0x75, 0x69, 0x6e,
	0x74, 0x20, 0x62, 0x61, 0x73, 0x65, 0x20, 0x3d, 0x20, 0x74, 0x69, 0x6c,
	0x65, 0x20, 0x2a, 0x20, 0x33, 0x33, 0x75, 0x3b, 0x0a, 0x20, 0x20, 0x20,
	0x20, 0x75, 0x69, 0x6e, 0x74, 0x20, 0x63, 0x6f, 0x75, 0x6e, 0x74, 0x20,
	0x3d, 0x20, 0x6d, 0x69, 0x6e, 0x28, 0x6d, 0x69, 0x6e, 0x28, 0x5f, 0x31,
	0x39, 0x34, 0x2e, 0x74, 0x69, 0x6c, 0x65, 0x4c, 0x69, 0x67, 0x68, 0x74,
	0x5b, 0x62, 0x61, 0x73, 0x65, 0x5d, 0x2c, 0x20, 0x33, 0x32, 0x75, 0x29,
	0x2c, 0x20, 0x70, 0x2e, 0x67, 0x72, 0x69, 0x64, 0x4c, 0x69, 0x67, 0x68,
	0x74, 0x43, 0x6f, 0x75, 0x6e, 0x74, 0x2e, 0x77, 0x29, 0x3b, 0x0a, 0x20,
	0x20, 0x20, 0x20, 0x46, 0x6f, 0x72, 0x77, 0x61, 0x72, 0x64, 0x4c, 0x69,
	0x67, 0x68, 0x74, 0x20, 0x6c, 0x3b, 0x0a, 0x20, 0x20, 0x20, 0x20, 0x66,
	0x6f, 0x72, 0x20, 0x28, 0x75, 0x69, 0x6e, 0x74, 0x20, 0x69, 0x20, 0x3d,
	0x20, 0x30, 0x75, 0x3b, 0x20, 0x69, 0x20, 0x3c, 0x20, 0x63, 0x6f, 0x75,
	0x6e, 0x74, 0x3b, 0x20, 0x69, 0x2b, 0x2b, 0x29, 0x0a, 0x20, 0x20, 0x20,
	0x20, 0x7b, 0x0a, 0x20, 0x20, 0x20, 0x20, 0x20, 0x20, 0x20, 0x20, 0x75,
	0x69, 0x6e, 0x74, 0x20, 0x6c, 0x69, 0x67, 0x68, 0x74, 0x49, 0x6e, 0x64,
	0x65, 0x78, 0x20, 0x3d, 0x20, 0x5f, 0x31, 0x39, 0x34, 0x2e, 0x74, 0x69,
	0x6c, 0x65, 0x4c, 0x69, 0x67, 0x68, 0x74, 0x5b, 0x28, 0x62, 0x61, 0x73,
	0x65, 0x20, 0x2b, 0x20, 0x31, 0x75, 0x29, 0x20, 0x2b, 0x20, 0x69, 0x5d,
	0x3b, 0x0a, 0x20, 0x20, 0x20, 0x20, 0x20, 0x20, 0x20, 0x20, 0x69, 0x66,
	0x20, 0x28, 0x6c, 0x69, 0x67, 0x68, 0x74, 0x49, 0x6e, 0x64, 0x65, 0x78,
	0x20, 0x3e, 0x3d, 0x20, 0x70, 0x2e, 0x67, 0x72, 0x69, 0x64, 0x4c, 0x69,
	0x67, 0x68, 0x74, 0x43, 0x6f, 0x75, 0x6e, 0x74, 0x2e, 0x77, 0x29, 0x0a,
	0x20, 0x20, 0x20, 0x20, 0x20, 0x20, 0x20, 0x20, 0x7b, 0x0a, 0x20, 0x20,
	0x20, 0x20, 0x20, 0x20, 0x20, 0x20, 0x20, 0x20, 0x20, 0x20, 0x63, 0x6f,
	0x6e, 0x74, 0x69, 0x6e, 0x75, 0x65, 0x3b, 0x0a, 0x20, 0x20, 0x20, 0x20,
	0x20, 0x20, 0x20, 0x20, 0x7d, 0x0a, 0x20, 0x20, 0x20, 0x20, 0x20, 0x20,
	0x20, 0x20, 0x6c, 0x2e, 0x70, 0x6f, 0x73, 0x69, 0x74, 0x69, 0x6f, 0x6e,
	0x52, 0x61, 0x64, 0x69, 0x75, 0x73, 0x20, 0x3d, 0x20, 0x5f, 0x32, 0x33,
	0x34, 0x2e, 0x6c, 0x69, 0x67, 0x68, 0x74, 0x5b, 0x6c, 0x69, 0x67, 0x68,
	0x74, 0x49, 0x6e, 0x64, 0x65, 0x78, 0x5d, 0x2e, 0x70, 0x6f, 0x73, 0x69,
	0x74, 0x69, 0x6f, 0x6e, 0x52, 0x61, 0x64, 0x69, 0x75, 0x73, 0x3b, 0x0a,
	0x20, 0x20, 0x20, 0x20, 0x20, 0x20, 0x20, 0x20, 0x6c, 0x2e, 0x63, 0x6f,
	0x6c, 0x6f, 0x72, 0x49, 0x6e, 0x76, 0x52, 0x61, 0x64, 0x69, 0x75, 0x73,
	0x32, 0x20, 0x3d, 0x20, 0x5f, 0x32, 0x33, 0x34, 0x2e, 0x6c, 0x69, 0x67,
	0x68, 0x74, 0x5b, 0x6c, 0x69, 0x67, 0x68, 0x74, 0x49, 0x6e, 0x64, 0x65,
	0x78, 0x5d, 0x2e, 0x63, 0x6f, 0x6c, 0x6f, 0x72, 0x49, 0x6e, 0x76, 0x52,
	0x61, 0x64, 0x69, 0x75, 0x73, 0x32, 0x3b, 0x0a, 0x20, 0x20, 0x20, 0x20,
	0x20, 0x20, 0x20, 0x20, 0x6c, 0x2e, 0x65, 0x6e, 0x64, 0x70, 0x6f, 0x69,
	0x6e, 0x74, 0x4c, 0x69, 0x6e, 0x65, 0x61, 0x72, 0x20, 0x3d, 0x20, 0x5f,
	0x32, 0x33, 0x34, 0x2e, 0x6c, 0x69, 0x67, 0x68, 0x74, 0x5b, 0x6c, 0x69,
	0x67, 0x68, 0x74, 0x49, 0x6e, 0x64, 0x65, 0x78, 0x5d, 0x2e, 0x65, 0x6e,
	0x64, 0x70, 0x6f, 0x69, 0x6e, 0x74, 0x4c, 0x69, 0x6e, 0x65, 0x61, 0x72,
	0x3b, 0x0a, 0x20, 0x20, 0x20, 0x20, 0x20, 0x20, 0x20, 0x20, 0x76, 0x65,
	0x63, 0x33, 0x20, 0x64, 0x65, 0x6c, 0x74, 0x61, 0x20, 0x3d, 0x20, 0x6c,
	0x2e, 0x70, 0x6f, 0x73, 0x69, 0x74, 0x69, 0x6f, 0x6e, 0x52, 0x61, 0x64,
	0x69, 0x75, 0x73, 0x2e, 0x78, 0x79, 0x7a, 0x20, 0x2d, 0x20, 0x77, 0x6f,
	0x72, 0x6c, 0x64, 0x3b, 0x0a, 0x20, 0x20, 0x20, 0x20, 0x20, 0x20, 0x20,
	0x20, 0x66, 0x6c, 0x6f, 0x61, 0x74, 0x20, 0x72, 0x61, 0x64, 0x69, 0x75,
	0x73, 0x20, 0x3d, 0x20, 0x6d, 0x61, 0x78, 0x28, 0x6c, 0x2e, 0x70, 0x6f,
	0x73, 0x69, 0x74, 0x69, 0x6f, 0x6e, 0x52, 0x61, 0x64, 0x69, 0x75, 0x73,
	0x2e, 0x77, 0x2c, 0x20, 0x30, 0x2e, 0x30, 0x30, 0x31, 0x30, 0x30, 0x30,
	0x30, 0x30, 0x30, 0x30, 0x34, 0x37, 0x34, 0x39, 0x37, 0x34, 0x35, 0x31,
	0x33, 0x30, 0x35, 0x33, 0x38, 0x39, 0x34, 0x30, 0x34, 0x32, 0x39, 0x36,
	0x38, 0x37, 0x35, 0x29, 0x3b, 0x0a, 0x20, 0x20, 0x20, 0x20, 0x20, 0x20,
	0x20, 0x20, 0x66, 0x6c, 0x6f, 0x61, 0x74, 0x20, 0x61, 0x74, 0x74, 0x65,
	0x6e, 0x75, 0x61, 0x74, 0x69, 0x6f, 0x6e, 0x20, 0x3d, 0x20, 0x6d, 0x61,
	0x78, 0x28, 0x31, 0x2e, 0x30, 0x20, 0x2d, 0x20, 0x28, 0x6c, 0x65, 0x6e,
	0x67, 0x74, 0x68, 0x28, 0x64, 0x65, 0x6c, 0x74, 0x61, 0x29, 0x20, 0x2f,
	0x20, 0x72, 0x61, 0x64, 0x69, 0x75, 0x73, 0x29, 0x2c, 0x20, 0x30, 0x2e,
	0x30, 0x29, 0x3b, 0x0a, 0x20, 0x20, 0x20, 0x20, 0x20, 0x20, 0x20, 0x20,
	0x61, 0x74, 0x74, 0x65, 0x6e, 0x75, 0x61, 0x74, 0x69, 0x6f, 0x6e, 0x20,
	0x2a, 0x3d, 0x20, 0x61, 0x74, 0x74, 0x65, 0x6e, 0x75, 0x61, 0x74, 0x69,
	0x6f, 0x6e, 0x3b, 0x0a, 0x20, 0x20, 0x20, 0x20, 0x20, 0x20, 0x20, 0x20,
	0x69, 0x6c, 0x6c, 0x75, 0x6d, 0x69, 0x6e, 0x61, 0x74, 0x69, 0x6f, 0x6e,
	0x20, 0x2b, 0x3d, 0x20, 0x28, 0x6c, 0x2e, 0x63, 0x6f, 0x6c, 0x6f, 0x72,
	0x49, 0x6e, 0x76, 0x52, 0x61, 0x64, 0x69, 0x75, 0x73, 0x32, 0x2e, 0x78,
	0x79, 0x7a, 0x20, 0x2a, 0x20, 0x61, 0x74, 0x74, 0x65, 0x6e, 0x75, 0x61,
	0x74, 0x69, 0x6f, 0x6e, 0x29, 0x3b, 0x0a, 0x20, 0x20, 0x20, 0x20, 0x7d,
	0x0a, 0x20, 0x20, 0x20, 0x20, 0x5f, 0x32, 0x37, 0x39, 0x2e, 0x72, 0x61,
	0x64, 0x69, 0x61, 0x6e, 0x63, 0x65, 0x45, 0x78, 0x74, 0x69, 0x6e, 0x63,
	0x74, 0x69, 0x6f, 0x6e, 0x5b, 0x69, 0x6e, 0x64, 0x65, 0x78, 0x5d, 0x20,
	0x3d, 0x20, 0x76, 0x65, 0x63, 0x34, 0x28, 0x6d, 0x65, 0x64, 0x69, 0x75,
	0x6d, 0x2e, 0x78, 0x79, 0x7a, 0x20, 0x2a, 0x20, 0x69, 0x6c, 0x6c, 0x75,
	0x6d, 0x69, 0x6e, 0x61, 0x74, 0x69, 0x6f, 0x6e, 0x2c, 0x20, 0x6d, 0x65,
	0x64, 0x69, 0x75, 0x6d, 0x2e, 0x77, 0x29, 0x3b, 0x0a, 0x7d, 0x0a, 0x0a,
	0x00
};
static const unsigned int ralOpenGlProductAtmosphereLightByteCount = 2832u;
static const unsigned long long ralOpenGlProductAtmosphereLightDigestLane0 = 0xc77a078d84586a32ull;
static const unsigned long long ralOpenGlProductAtmosphereLightDigestLane1 = 0xc4c76f94f5c0f70bull;

static const unsigned char ralOpenGlProductAtmosphereCloudSource[] = {
	0x23, 0x76, 0x65, 0x72, 0x73, 0x69, 0x6f, 0x6e, 0x20, 0x34, 0x36, 0x30,
	0x0a, 0x6c, 0x61, 0x79, 0x6f, 0x75, 0x74, 0x28, 0x6c, 0x6f, 0x63, 0x61,
	0x6c, 0x5f, 0x73, 0x69, 0x7a, 0x65, 0x5f, 0x78, 0x20, 0x3d, 0x20, 0x34,
	0x2c, 0x20, 0x6c, 0x6f, 0x63, 0x61, 0x6c, 0x5f, 0x73, 0x69, 0x7a, 0x65,
	0x5f, 0x79, 0x20, 0x3d, 0x20, 0x34, 0x2c, 0x20, 0x6c, 0x6f, 0x63, 0x61,
	0x6c, 0x5f, 0x73, 0x69, 0x7a, 0x65, 0x5f, 0x7a, 0x20, 0x3d, 0x20, 0x34,
	0x29, 0x20, 0x69, 0x6e, 0x3b, 0x0a, 0x0a, 0x6c, 0x61, 0x79, 0x6f, 0x75,
	0x74, 0x28, 0x62, 0x69, 0x6e, 0x64, 0x69, 0x6e, 0x67, 0x20, 0x3d, 0x20,
	0x30, 0x2c, 0x20, 0x73, 0x74, 0x64, 0x31, 0x34, 0x30, 0x29, 0x20, 0x75,
	0x6e, 0x69, 0x66, 0x6f, 0x72, 0x6d, 0x20, 0x50, 0x61, 0x72, 0x61, 0x6d,
	0x73, 0x0a, 0x7b, 0x0a, 0x20, 0x20, 0x20, 0x20, 0x6d, 0x61, 0x74, 0x34,
	0x20, 0x69, 0x6e, 0x76, 0x56, 0x69, 0x65, 0x77, 0x50, 0x72, 0x6f, 0x6a,
	0x65, 0x63, 0x74, 0x69, 0x6f, 0x6e, 0x3b, 0x0a, 0x20, 0x20, 0x20, 0x20,
	0x76, 0x65, 0x63, 0x34, 0x20, 0x65, 0x79, 0x65, 0x4e, 0x65, 0x61, 0x72,
	0x3b, 0x0a, 0x20, 0x20, 0x20, 0x20, 0x76, 0x65, 0x63, 0x34, 0x20, 0x66,
	0x61, 0x72, 0x54, 0x69, 0x6d, 0x65, 0x43, 0x6f, 0x76, 0x65, 0x72, 0x61,
	0x67, 0x65, 0x53, 0x68, 0x61, 0x64, 0x6f, 0x77, 0x3b, 0x0a, 0x20, 0x20,
	0x20, 0x20, 0x76, 0x65, 0x63, 0x34, 0x20, 0x77, 0x69, 0x6e, 0x64, 0x44,
	0x65, 0x6e, 0x73, 0x69, 0x74, 0x79, 0x3b, 0x0a, 0x20, 0x20, 0x20, 0x20,
	0x76, 0x65, 0x63, 0x34, 0x20, 0x6c, 0x61, 0x79, 0x65, 0x72, 0x45, 0x72,
	0x6f, 0x73, 0x69, 0x6f, 0x6e, 0x3b, 0x0a, 0x20, 0x20, 0x20, 0x20, 0x76,
	0x65, 0x63, 0x34, 0x20, 0x73, 0x75, 0x6e, 0x44, 0x69, 0x72, 0x65, 0x63,
	0x74, 0x69, 0x6f, 0x6e, 0x49, 0x6e, 0x74, 0x65, 0x6e, 0x73, 0x69, 0x74,
	0x79, 0x3b, 0x0a, 0x20, 0x20, 0x20, 0x20, 0x76, 0x65, 0x63, 0x34, 0x20,
	0x73, 0x75, 0x6e, 0x43, 0x6f, 0x6c, 0x6f, 0x72, 0x4c, 0x69, 0x67, 0x68,
	0x74, 0x6e, 0x69, 0x6e, 0x67, 0x3b, 0x0a, 0x20, 0x20, 0x20, 0x20, 0x76,
	0x65, 0x63, 0x34, 0x20, 0x61, 0x6d, 0x62, 0x69, 0x65, 0x6e, 0x74, 0x43,
	0x6f, 0x6c, 0x6f, 0x72, 0x3b, 0x0a, 0x20, 0x20, 0x20, 0x20, 0x75, 0x76,
	0x65, 0x63, 0x34, 0x20, 0x67, 0x72, 0x69, 0x64, 0x3b, 0x0a, 0x7d, 0x20,
	0x70, 0x3b, 0x0a, 0x0a, 0x6c, 0x61, 0x79, 0x6f, 0x75, 0x74, 0x28, 0x62,
	0x69, 0x6e, 0x64, 0x69, 0x6e, 0x67, 0x20, 0x3d, 0x20, 0x30, 0x2c, 0x20,
	0x73, 0x74, 0x64, 0x34, 0x33, 0x30, 0x29, 0x20, 0x72, 0x65, 0x61, 0x64,
	0x6f, 0x6e, 0x6c, 0x79, 0x20, 0x62, 0x75, 0x66, 0x66, 0x65, 0x72, 0x20,
	0x4c, 0x69, 0x74, 0x4d, 0x65, 0x64, 0x69, 0x61, 0x0a, 0x7b, 0x0a, 0x20,
	0x20, 0x20, 0x20, 0x76, 0x65, 0x63, 0x34, 0x20, 0x73, 0x6f, 0x75, 0x72,
	0x63, 0x65, 0x52, 0x61, 0x64, 0x69, 0x61, 0x6e, 0x63, 0x65, 0x45, 0x78,
	0x74, 0x69, 0x6e, 0x63, 0x74, 0x69, 0x6f, 0x6e, 0x5b, 0x5d, 0x3b, 0x0a,
	0x7d, 0x20, 0x5f, 0x31, 0x39, 0x32, 0x3b, 0x0a, 0x0a, 0x6c, 0x61, 0x79,
	0x6f, 0x75, 0x74, 0x28, 0x62, 0x69, 0x6e, 0x64, 0x69, 0x6e, 0x67, 0x20,
	0x3d, 0x20, 0x31, 0x2c, 0x20, 0x73, 0x74, 0x64, 0x34, 0x33, 0x30, 0x29,
	0x20, 0x77, 0x72, 0x69, 0x74, 0x65, 0x6f, 0x6e, 0x6c, 0x79, 0x20, 0x62,
	0x75, 0x66, 0x66, 0x65, 0x72, 0x20, 0x43, 0x6c, 0x6f, 0x75, 0x64, 0x4d,
	0x65, 0x64, 0x69, 0x61, 0x0a, 0x7b, 0x0a, 0x20, 0x20, 0x20, 0x20, 0x76,
	0x65, 0x63, 0x34, 0x20, 0x63, 0x6c, 0x6f, 0x75, 0x64, 0x52, 0x61, 0x64,
	0x69, 0x61, 0x6e, 0x63, 0x65, 0x45, 0x78, 0x74, 0x69, 0x6e, 0x63, 0x74,
	0x69, 0x6f, 0x6e, 0x5b, 0x5d, 0x3b, 0x0a, 0x7d, 0x20, 0x5f, 0x32, 0x31,
	0x31, 0x3b, 0x0a, 0x0a, 0x66, 0x6c, 0x6f, 0x61, 0x74, 0x20, 0x68, 0x61,
	0x73, 0x68, 0x31, 0x33, 0x28, 0x69, 0x6e, 0x6f, 0x75, 0x74, 0x20, 0x76,
	0x65, 0x63, 0x33, 0x20, 0x71, 0x29, 0x0a, 0x7b, 0x0a, 0x20, 0x20, 0x20,
	0x20, 0x71, 0x20, 0x3d, 0x20, 0x66, 0x72, 0x61, 0x63, 0x74, 0x28, 0x71,
	0x20, 0x2a, 0x20, 0x30, 0x2e, 0x31, 0x30, 0x33, 0x31, 0x30, 0x30, 0x30,
	0x30, 0x31, 0x38, 0x31, 0x31, 0x39, 0x38, 0x31, 0x32, 0x30, 0x31, 0x31,
	0x37, 0x31, 0x38, 0x37, 0x35, 0x29, 0x3b, 0x0a, 0x20, 0x20, 0x20, 0x20,
	0x71, 0x20, 0x2b, 0x3d, 0x20, 0x76, 0x65, 0x63, 0x33, 0x28, 0x64, 0x6f,
	0x74, 0x28, 0x71, 0x2c, 0x20, 0x71, 0x2e, 0x79, 0x7a, 0x78, 0x20, 0x2b,
	0x20, 0x76, 0x65, 0x63, 0x33, 0x28, 0x33, 0x33, 0x2e, 0x33, 0x33, 0x30,
	0x30, 0x30, 0x31, 0x38, 0x33, 0x31, 0x30, 0x35, 0x34, 0x36, 0x38, 0x37,
	0x35, 0x29, 0x29, 0x29, 0x3b, 0x0a, 0x20, 0x20, 0x20, 0x20, 0x72, 0x65,
	0x74, 0x75, 0x72, 0x6e, 0x20, 0x66, 0x72, 0x61, 0x63, 0x74, 0x28, 0x28,
	0x71, 0x2e, 0x78, 0x20, 0x2b, 0x20, 0x71, 0x2e, 0x79, 0x29, 0x20, 0x2a,
	0x20, 0x71, 0x2e, 0x7a, 0x29, 0x3b, 0x0a, 0x7d, 0x0a, 0x0a, 0x66, 0x6c,
	0x6f, 0x61, 0x74, 0x20, 0x76, 0x61, 0x6c, 0x75, 0x65, 0x4e, 0x6f, 0x69,
	0x73, 0x65, 0x28, 0x76, 0x65, 0x63, 0x33, 0x20, 0x78, 0x29, 0x0a, 0x7b,
	0x0a, 0x20, 0x20, 0x20, 0x20, 0x76, 0x65, 0x63, 0x33, 0x20, 0x63, 0x65,
	0x6c, 0x6c, 0x20, 0x3d, 0x20, 0x66, 0x6c, 0x6f, 0x6f, 0x72, 0x28, 0x78,
	0x29, 0x3b, 0x0a, 0x20, 0x20, 0x20, 0x20, 0x76, 0x65, 0x63, 0x33, 0x20,
	0x66, 0x20, 0x3d, 0x20, 0x66, 0x72, 0x61, 0x63, 0x74, 0x28, 0x78, 0x29,
	0x3b, 0x0a, 0x20, 0x20, 0x20, 0x20, 0x66, 0x20, 0x3d, 0x20, 0x28, 0x66,
	0x20, 0x2a, 0x20, 0x66, 0x29, 0x20, 0x2a, 0x20, 0x28, 0x76, 0x65, 0x63,
	0x33, 0x28, 0x33, 0x2e, 0x30, 0x29, 0x20, 0x2d, 0x20, 0x28, 0x66, 0x20,
	0x2a, 0x20, 0x32, 0x2e, 0x30, 0x29, 0x29, 0x3b, 0x0a, 0x20, 0x20, 0x20,
	0x20, 0x76, 0x65, 0x63, 0x33, 0x20, 0x70, 0x61, 0x72, 0x61, 0x6d, 0x20,
	0x3d, 0x20, 0x63, 0x65, 0x6c, 0x6c, 0x20, 0x2b, 0x20, 0x76, 0x65, 0x63,
	0x33, 0x28, 0x30, 0x2e, 0x30, 0x29, 0x3b, 0x0a, 0x20, 0x20, 0x20, 0x20,
	0x66, 0x6c, 0x6f, 0x61, 0x74, 0x20, 0x5f, 0x36, 0x38, 0x20, 0x3d, 0x20,
	0x68, 0x61, 0x73, 0x68, 0x31, 0x33, 0x28, 0x70, 0x61, 0x72, 0x61, 0x6d,
	0x29, 0x3b, 0x0a, 0x20, 0x20, 0x20, 0x20, 0x66, 0x6c, 0x6f, 0x61, 0x74,
	0x20, 0x6e, 0x30, 0x30, 0x30, 0x20, 0x3d, 0x20, 0x5f, 0x36, 0x38, 0x3b,
	0x0a, 0x20, 0x20, 0x20, 0x20, 0x76, 0x65, 0x63, 0x33, 0x20, 0x70, 0x61,
	0x72, 0x61, 0x6d, 0x5f, 0x31, 0x20, 0x3d, 0x20, 0x63, 0x65, 0x6c, 0x6c,
	0x20, 0x2b, 0x20, 0x76, 0x65, 0x63, 0x33, 0x28, 0x31, 0x2e, 0x30, 0x2c,
	0x20, 0x30, 0x2e, 0x30, 0x2c, 0x20, 0x30, 0x2e, 0x30, 0x29, 0x3b, 0x0a,
	0x20, 0x20, 0x20, 0x20, 0x66, 0x6c, 0x6f, 0x61, 0x74, 0x20, 0x5f, 0x37,
	0x35, 0x20, 0x3d, 0x20, 0x68, 0x61, 0x73, 0x68, 0x31, 0x33, 0x28, 0x70,
	0x61, 0x72, 0x61, 0x6d, 0x5f, 0x31, 0x29, 0x3b, 0x0a, 0x20, 0x20, 0x20,
	0x20, 0x66, 0x6c, 0x6f, 0x61, 0x74, 0x20, 0x6e, 0x31, 0x30, 0x30, 0x20,
	0x3d, 0x20, 0x5f, 0x37, 0x35, 0x3b, 0x0a, 0x20, 0x20, 0x20, 0x20, 0x76,
	0x65, 0x63, 0x33, 0x20, 0x70, 0x61, 0x72, 0x61, 0x6d, 0x5f, 0x32, 0x20,
	0x3d, 0x20, 0x63, 0x65, 0x6c, 0x6c, 0x20, 0x2b, 0x20, 0x76, 0x65, 0x63,
	0x33, 0x28, 0x30, 0x2e, 0x30, 0x2c, 0x20, 0x31, 0x2e, 0x30, 0x2c, 0x20,
	0x30, 0x2e, 0x30, 0x29, 0x3b, 0x0a, 0x20, 0x20, 0x20, 0x20, 0x66, 0x6c,
	0x6f, 0x61, 0x74, 0x20, 0x5f, 0x38, 0x31, 0x20, 0x3d, 0x20, 0x68, 0x61,
	0x73, 0x68, 0x31, 0x33, 0x28, 0x70, 0x61, 0x72, 0x61, 0x6d, 0x5f, 0x32,
	0x29, 0x3b, 0x0a, 0x20, 0x20, 0x20, 0x20, 0x66, 0x6c, 0x6f, 0x61, 0x74,
	0x20, 0x6e, 0x30, 0x31, 0x30, 0x20, 0x3d, 0x20, 0x5f, 0x38, 0x31, 0x3b,
	0x0a, 0x20, 0x20, 0x20, 0x20, 0x76, 0x65, 0x63, 0x33, 0x20, 0x70, 0x61,
	0x72, 0x61, 0x6d, 0x5f, 0x33, 0x20, 0x3d, 0x20, 0x63, 0x65, 0x6c, 0x6c,
	0x20, 0x2b, 0x20, 0x76, 0x65, 0x63, 0x33, 0x28, 0x31, 0x2e, 0x30, 0x2c,
	0x20, 0x31, 0x2e, 0x30, 0x2c, 0x20, 0x30, 0x2e, 0x30, 0x29, 0x3b, 0x0a,
	0x20, 0x20, 0x20, 0x20, 0x66, 0x6c, 0x6f, 0x61, 0x74, 0x20, 0x5f, 0x38,
	0x37, 0x20, 0x3d, 0x20, 0x68, 0x61, 0x73, 0x68, 0x31, 0x33, 0x28, 0x70,
	0x61, 0x72, 0x61, 0x6d, 0x5f, 0x33, 0x29, 0x3b, 0x0a, 0x20, 0x20, 0x20,
	0x20, 0x66, 0x6c, 0x6f, 0x61, 0x74, 0x20, 0x6e, 0x31, 0x31, 0x30, 0x20,
	0x3d, 0x20, 0x5f, 0x38, 0x37, 0x3b, 0x0a, 0x20, 0x20, 0x20, 0x20, 0x76,
	0x65, 0x63, 0x33, 0x20, 0x70, 0x61, 0x72, 0x61, 0x6d, 0x5f, 0x34, 0x20,
	0x3d, 0x20, 0x63, 0x65, 0x6c, 0x6c, 0x20, 0x2b, 0x20, 0x76, 0x65, 0x63,
	0x33, 0x28, 0x30, 0x2e, 0x30, 0x2c, 0x20, 0x30, 0x2e, 0x30, 0x2c, 0x20,
	0x31, 0x2e, 0x30, 0x29, 0x3b, 0x0a, 0x20, 0x20, 0x20, 0x20, 0x66, 0x6c,
	0x6f, 0x61, 0x74, 0x20, 0x5f, 0x39, 0x33, 0x20, 0x3d, 0x20, 0x68, 0x61,
	0x73, 0x68, 0x31, 0x33, 0x28, 0x70, 0x61, 0x72, 0x61, 0x6d, 0x5f, 0x34,
	0x29, 0x3b, 0x0a, 0x20, 0x20, 0x20, 0x20, 0x66, 0x6c, 0x6f, 0x61, 0x74,
	0x20, 0x6e, 0x30, 0x30, 0x31, 0x20, 0x3d, 0x20, 0x5f, 0x39, 0x33, 0x3b,
	0x0a, 0x20, 0x20, 0x20, 0x20, 0x76, 0x65, 0x63, 0x33, 0x20, 0x70, 0x61,
	0x72, 0x61, 0x6d, 0x5f, 0x35, 0x20, 0x3d, 0x20, 0x63, 0x65, 0x6c, 0x6c,
	0x20, 0x2b, 0x20, 0x76, 0x65, 0x63, 0x33, 0x28, 0x31, 0x2e, 0x30, 0x2c,
	0x20, 0x30, 0x2e, 0x30, 0x2c, 0x20, 0x31, 0x2e, 0x30, 0x29, 0x3b, 0x0a,
	0x20, 0x20, 0x20, 0x20, 0x66, 0x6c, 0x6f, 0x61, 0x74, 0x20, 0x5f, 0x39,
	0x39, 0x20, 0x3d, 0x20, 0x68, 0x61, 0x73, 0x68, 0x31, 0x33, 0x28, 0x70,
	0x61, 0x72, 0x61, 0x6d, 0x5f, 0x35, 0x29, 0x3b, 0x0a, 0x20, 0x20, 0x20,
	0x20, 0x66, 0x6c, 0x6f, 0x61, 0x74, 0x20, 0x6e, 0x31, 0x30, 0x31, 0x20,
	0x3d, 0x20, 0x5f, 0x39, 0x39, 0x3b, 0x0a, 0x20, 0x20, 0x20, 0x20, 0x76,
	0x65, 0x63, 0x33, 0x20, 0x70, 0x61, 0x72, 0x61, 0x6d, 0x5f, 0x36, 0x20,
	0x3d, 0x20, 0x63, 0x65, 0x6c, 0x6c, 0x20, 0x2b, 0x20, 0x76, 0x65, 0x63,
	0x33, 0x28, 0x30, 0x2e, 0x30, 0x2c, 0x20, 0x31, 0x2e, 0x30, 0x2c, 0x20,
	0x31, 0x2e, 0x30, 0x29, 0x3b, 0x0a, 0x20, 0x20, 0x20, 0x20, 0x66, 0x6c,
	0x6f, 0x61, 0x74, 0x20, 0x5f, 0x31, 0x30, 0x35, 0x20, 0x3d, 0x20, 0x68,
	0x61, 0x73, 0x68, 0x31, 0x33, 0x28, 0x70, 0x61, 0x72, 0x61, 0x6d, 0x5f,
	0x36, 0x29, 0x3b, 0x0a, 0x20, 0x20, 0x20, 0x20, 0x66, 0x6c, 0x6f, 0x61,
	0x74, 0x20, 0x6e, 0x30, 0x31, 0x31, 0x20, 0x3d, 0x20, 0x5f, 0x31, 0x30,
	0x35, 0x3b, 0x0a, 0x20, 0x20, 0x20, 0x20, 0x76, 0x65, 0x63, 0x33, 0x20,
	0x70, 0x61, 0x72, 0x61, 0x6d, 0x5f, 0x37, 0x20, 0x3d, 0x20, 0x63, 0x65,
	0x6c, 0x6c, 0x20, 0x2b, 0x20, 0x76, 0x65, 0x63, 0x33, 0x28, 0x31, 0x2e,
	0x30, 0x29, 0x3b, 0x0a, 0x20, 0x20, 0x20, 0x20, 0x66, 0x6c, 0x6f, 0x61,
	0x74, 0x20, 0x5f, 0x31, 0x31, 0x31, 0x20, 0x3d, 0x20, 0x68, 0x61, 0x73,
	0x68, 0x31, 0x33, 0x28, 0x70, 0x61, 0x72, 0x61, 0x6d, 0x5f, 0x37, 0x29,
	0x3b, 0x0a, 0x20, 0x20, 0x20, 0x20, 0x66, 0x6c, 0x6f, 0x61, 0x74, 0x20,
	0x6e, 0x31, 0x31, 0x31, 0x20, 0x3d, 0x20, 0x5f, 0x31, 0x31, 0x31, 0x3b,
	0x0a, 0x20, 0x20, 0x20, 0x20, 0x72, 0x65, 0x74, 0x75, 0x72, 0x6e, 0x20,
	0x6d, 0x69, 0x78, 0x28, 0x6d, 0x69, 0x78, 0x28, 0x6d, 0x69, 0x78, 0x28,
	0x6e, 0x30, 0x30, 0x30, 0x2c, 0x20, 0x6e, 0x31, 0x30, 0x30, 0x2c, 0x20,
	0x66, 0x2e, 0x78, 0x29, 0x2c, 0x20, 0x6d, 0x69, 0x78, 0x28, 0x6e, 0x30,
	0x31, 0x30, 0x2c, 0x20, 0x6e, 0x31, 0x31, 0x30, 0x2c, 0x20, 0x66, 0x2e,
	0x78, 0x29, 0x2c, 0x20, 0x66, 0x2e, 0x79, 0x29, 0x2c, 0x20, 0x6d, 0x69,
	0x78, 0x28, 0x6d, 0x69, 0x78, 0x28, 0x6e, 0x30, 0x30, 0x31, 0x2c, 0x20,
	0x6e, 0x31, 0x30, 0x31, 0x2c, 0x20, 0x66, 0x2e, 0x78, 0x29, 0x2c, 0x20,
	0x6d, 0x69, 0x78, 0x28, 0x6e, 0x30, 0x31, 0x31, 0x2c, 0x20, 0x6e, 0x31,
	0x31, 0x31, 0x2c, 0x20, 0x66, 0x2e, 0x78, 0x29, 0x2c, 0x20, 0x66, 0x2e,
	0x79, 0x29, 0x2c, 0x20, 0x66, 0x2e, 0x7a, 0x29, 0x3b, 0x0a, 0x7d, 0x0a,
	0x0a, 0x76, 0x6f, 0x69, 0x64, 0x20, 0x6d, 0x61, 0x69, 0x6e, 0x28, 0x29,
	0x0a, 0x7b, 0x0a, 0x20, 0x20, 0x20, 0x20, 0x75, 0x76, 0x65, 0x63, 0x33,
	0x20, 0x63, 0x20, 0x3d, 0x20, 0x67, 0x6c, 0x5f, 0x47, 0x6c, 0x6f, 0x62,
	0x61, 0x6c, 0x49, 0x6e, 0x76, 0x6f, 0x63, 0x61, 0x74, 0x69, 0x6f, 0x6e,
	0x49, 0x44, 0x3b, 0x0a, 0x20, 0x20, 0x20, 0x20, 0x75, 0x76, 0x65, 0x63,
	0x33, 0x20, 0x64, 0x69, 0x6d, 0x73, 0x20, 0x3d, 0x20, 0x70, 0x2e, 0x67,
	0x72, 0x69, 0x64, 0x2e, 0x78, 0x79, 0x7a, 0x3b, 0x0a, 0x20, 0x20, 0x20,
	0x20, 0x69, 0x66, 0x20, 0x28, 0x61, 0x6e, 0x79, 0x28, 0x67, 0x72, 0x65,
	0x61, 0x74, 0x65, 0x72, 0x54, 0x68, 0x61, 0x6e, 0x45, 0x71, 0x75, 0x61,
	0x6c, 0x28, 0x63, 0x2c, 0x20, 0x64, 0x69, 0x6d, 0x73, 0x29, 0x29, 0x29,
	0x0a, 0x20, 0x20, 0x20, 0x20, 0x7b, 0x0a, 0x20, 0x20, 0x20, 0x20, 0x20,
	0x20, 0x20, 0x20, 0x72, 0x65, 0x74, 0x75, 0x72, 0x6e, 0x3b, 0x0a, 0x20,
	0x20, 0x20, 0x20, 0x7d, 0x0a, 0x20, 0x20, 0x20, 0x20, 0x75, 0x69, 0x6e,
	0x74, 0x20, 0x69, 0x6e, 0x64, 0x65, 0x78, 0x20, 0x3d, 0x20, 0x28, 0x28,
	0x28, 0x63, 0x2e, 0x7a, 0x20, 0x2a, 0x20, 0x64, 0x69, 0x6d, 0x73, 0x2e,
	0x79, 0x29, 0x20, 0x2b, 0x20, 0x63, 0x2e, 0x79, 0x29, 0x20, 0x2a, 0x20,
	0x64, 0x69, 0x6d, 0x73, 0x2e, 0x78, 0x29, 0x20, 0x2b, 0x20, 0x63, 0x2e,
	0x78, 0x3b, 0x0a, 0x20, 0x20, 0x20, 0x20, 0x76, 0x65, 0x63, 0x34, 0x20,
	0x73, 0x6f, 0x75, 0x72, 0x63, 0x65, 0x20, 0x3d, 0x20, 0x5f, 0x31, 0x39,
	0x32, 0x2e, 0x73, 0x6f, 0x75, 0x72, 0x63, 0x65, 0x52, 0x61, 0x64, 0x69,
	0x61, 0x6e, 0x63, 0x65, 0x45, 0x78, 0x74, 0x69, 0x6e, 0x63, 0x74, 0x69,
	0x6f, 0x6e, 0x5b, 0x69, 0x6e, 0x64, 0x65, 0x78, 0x5d, 0x3b, 0x0a, 0x20,
	0x20, 0x20, 0x20, 0x66, 0x6c, 0x6f, 0x61, 0x74, 0x20, 0x63, 0x6f, 0x76,
	0x65, 0x72, 0x20, 0x3d, 0x20, 0x63, 0x6c, 0x61, 0x6d, 0x70, 0x28, 0x70,
	0x2e, 0x66, 0x61, 0x72, 0x54, 0x69, 0x6d, 0x65, 0x43, 0x6f, 0x76, 0x65,
	0x72, 0x61, 0x67, 0x65, 0x53, 0x68, 0x61, 0x64, 0x6f, 0x77, 0x2e, 0x7a,
	0x2c, 0x20, 0x30, 0x2e, 0x30, 0x2c, 0x20, 0x31, 0x2e, 0x30, 0x29, 0x3b,
	0x0a, 0x20, 0x20, 0x20, 0x20, 0x69, 0x66, 0x20, 0x28, 0x63, 0x6f, 0x76,
	0x65, 0x72, 0x20, 0x3c, 0x3d, 0x20, 0x30, 0x2e, 0x30, 0x29, 0x0a, 0x20,
	0x20, 0x20, 0x20, 0x7b, 0x0a, 0x20, 0x20, 0x20, 0x20, 0x20, 0x20, 0x20,
	0x20, 0x5f, 0x32, 0x31, 0x31, 0x2e, 0x63, 0x6c, 0x6f, 0x75, 0x64, 0x52,
	0x61, 0x64, 0x69, 0x61, 0x6e, 0x63, 0x65, 0x45, 0x78, 0x74, 0x69, 0x6e,
	0x63, 0x74, 0x69, 0x6f, 0x6e, 0x5b, 0x69, 0x6e, 0x64, 0x65, 0x78, 0x5d,
	0x20, 0x3d, 0x20, 0x73, 0x6f, 0x75, 0x72, 0x63, 0x65, 0x3b, 0x0a, 0x20,
	0x20, 0x20, 0x20, 0x20, 0x20, 0x20, 0x20, 0x72, 0x65, 0x74, 0x75, 0x72,
	0x6e, 0x3b, 0x0a, 0x20, 0x20, 0x20, 0x20, 0x7d, 0x0a, 0x20, 0x20, 0x20,
	0x20, 0x76, 0x65, 0x63, 0x32, 0x20, 0x75, 0x76, 0x20, 0x3d, 0x20, 0x28,
	0x76, 0x65, 0x63, 0x32, 0x28, 0x63, 0x2e, 0x78, 0x79, 0x29, 0x20, 0x2b,
	0x20, 0x76, 0x65, 0x63, 0x32, 0x28, 0x30, 0x2e, 0x35, 0x29, 0x29, 0x20,
	0x2f, 0x20, 0x76, 0x65, 0x63, 0x32, 0x28, 0x64, 0x69, 0x6d, 0x73, 0x2e,
	0x78, 0x79, 0x29, 0x3b, 0x0a, 0x20, 0x20, 0x20, 0x20, 0x66, 0x6c, 0x6f,
	0x61, 0x74, 0x20, 0x73, 0x6c, 0x69, 0x63, 0x65, 0x20, 0x3d, 0x20, 0x28,
	0x66, 0x6c, 0x6f, 0x61, 0x74, 0x28, 0x63, 0x2e, 0x7a, 0x29, 0x20, 0x2b,
	0x20, 0x30, 0x2e, 0x35, 0x29, 0x20, 0x2f, 0x20, 0x66, 0x6c, 0x6f, 0x61,
	0x74, 0x28, 0x64, 0x69, 0x6d, 0x73, 0x2e, 0x7a, 0x29, 0x3b, 0x0a, 0x20,
	0x20, 0x20, 0x20, 0x66, 0x6c, 0x6f, 0x61, 0x74, 0x20, 0x6e, 0x65, 0x61,
	0x72, 0x5a, 0x20, 0x3d, 0x20, 0x6d, 0x61, 0x78, 0x28, 0x70, 0x2e, 0x65,
	0x79, 0x65, 0x4e, 0x65, 0x61, 0x72, 0x2e, 0x77, 0x2c, 0x20, 0x30, 0x2e,
	0x30, 0x30, 0x39, 0x39, 0x39, 0x39, 0x39, 0x39, 0x39, 0x37, 0x37, 0x36,
	0x34, 0x38, 0x32, 0x35, 0x38, 0x32, 0x30, 0x39, 0x32, 0x32, 0x38, 0x35,
	0x31, 0x35, 0x36, 0x32, 0x35, 0x29, 0x3b, 0x0a, 0x20, 0x20, 0x20, 0x20,
	0x66, 0x6c, 0x6f, 0x61, 0x74, 0x20, 0x66, 0x61, 0x72, 0x5a, 0x20, 0x3d,
	0x20, 0x6d, 0x61, 0x78, 0x28, 0x70, 0x2e, 0x66, 0x61, 0x72, 0x54, 0x69,
	0x6d, 0x65, 0x43, 0x6f, 0x76, 0x65, 0x72, 0x61, 0x67, 0x65, 0x53, 0x68,
	0x61, 0x64, 0x6f, 0x77, 0x2e, 0x78, 0x2c, 0x20, 0x6e, 0x65, 0x61, 0x72,
	0x5a, 0x20, 0x2b, 0x20, 0x30, 0x2e, 0x30, 0x30, 0x39, 0x39, 0x39, 0x39,
	0x39, 0x39, 0x39, 0x37, 0x37, 0x36, 0x34, 0x38, 0x32, 0x35, 0x38, 0x32,
	0x30, 0x39, 0x32, 0x32, 0x38, 0x35, 0x31, 0x35, 0x36, 0x32, 0x35, 0x29,
	0x3b, 0x0a, 0x20, 0x20, 0x20, 0x20, 0x66, 0x6c, 0x6f, 0x61, 0x74, 0x20,
	0x64, 0x69, 0x73, 0x74, 0x61, 0x6e, 0x63, 0x65, 0x5a, 0x20, 0x3d, 0x20,
	0x6e, 0x65, 0x61, 0x72, 0x5a, 0x20, 0x2a, 0x20, 0x70, 0x6f, 0x77, 0x28,
	0x66, 0x61, 0x72, 0x5a, 0x20, 0x2f, 0x20, 0x6e, 0x65, 0x61, 0x72, 0x5a,
	0x2c, 0x20, 0x73, 0x6c, 0x69, 0x63, 0x65, 0x29, 0x3b, 0x0a, 0x20, 0x20,
	0x20, 0x20, 0x76, 0x65, 0x63, 0x34, 0x20, 0x77, 0x6f, 0x72, 0x6c, 0x64,
	0x48, 0x20, 0x3d, 0x20, 0x70, 0x2e, 0x69, 0x6e, 0x76, 0x56, 0x69, 0x65,
	0x77, 0x50, 0x72, 0x6f, 0x6a, 0x65, 0x63, 0x74, 0x69, 0x6f, 0x6e, 0x20,
	0x2a, 0x20, 0x76, 0x65, 0x63, 0x34, 0x28, 0x28, 0x75, 0x76, 0x20, 0x2a,
	0x20, 0x32, 0x2e, 0x30, 0x29, 0x20, 0x2d, 0x20, 0x76, 0x65, 0x63, 0x32,
	0x28, 0x31, 0x2e, 0x30, 0x29, 0x2c, 0x20, 0x31, 0x2e, 0x30, 0x20, 0x2d,
	0x20, 0x28, 0x6e, 0x65, 0x61, 0x72, 0x5a, 0x20, 0x2f, 0x20, 0x64, 0x69,
	0x73, 0x74, 0x61, 0x6e, 0x63, 0x65, 0x5a, 0x29, 0x2c, 0x20, 0x31, 0x2e,
	0x30, 0x29, 0x3b, 0x0a, 0x20, 0x20, 0x20, 0x20, 0x76, 0x65, 0x63, 0x33,
	0x20, 0x77, 0x6f, 0x72, 0x6c, 0x64, 0x20, 0x3d, 0x20, 0x77, 0x6f, 0x72,
	0x6c, 0x64, 0x48, 0x2e, 0x78, 0x79, 0x7a, 0x20, 0x2f, 0x20, 0x76, 0x65,
	0x63, 0x33, 0x28, 0x6d, 0x61, 0x78, 0x28, 0x61, 0x62, 0x73, 0x28, 0x77,
	0x6f, 0x72, 0x6c, 0x64, 0x48, 0x2e, 0x77, 0x29, 0x2c, 0x20, 0x39, 0x2e,
	0x39, 0x39, 0x39, 0x39, 0x39, 0x39, 0x39, 0x37, 0x34, 0x37, 0x35, 0x32,
	0x34, 0x32, 0x37, 0x30, 0x37, 0x38, 0x37, 0x38, 0x33, 0x35, 0x31, 0x32,
	0x31, 0x31, 0x35, 0x34, 0x37, 0x38, 0x35, 0x65, 0x2d, 0x30, 0x37, 0x29,
	0x29, 0x3b, 0x0a, 0x20, 0x20, 0x20, 0x20, 0x66, 0x6c, 0x6f, 0x61, 0x74,
	0x20, 0x62, 0x61, 0x73, 0x65, 0x20, 0x3d, 0x20, 0x70, 0x2e, 0x6c, 0x61,
	0x79, 0x65, 0x72, 0x45, 0x72, 0x6f, 0x73, 0x69, 0x6f, 0x6e, 0x2e, 0x78,
	0x3b, 0x0a, 0x20, 0x20, 0x20, 0x20, 0x66, 0x6c, 0x6f, 0x61, 0x74, 0x20,
	0x74, 0x6f, 0x70, 0x20, 0x3d, 0x20, 0x6d, 0x61, 0x78, 0x28, 0x70, 0x2e,
	0x6c, 0x61, 0x79, 0x65, 0x72, 0x45, 0x72, 0x6f, 0x73, 0x69, 0x6f, 0x6e,
	0x2e, 0x79, 0x2c, 0x20, 0x62, 0x61, 0x73, 0x65, 0x20, 0x2b, 0x20, 0x31,
	0x2e, 0x30, 0x29, 0x3b, 0x0a, 0x20, 0x20, 0x20, 0x20, 0x66, 0x6c, 0x6f,
	0x61, 0x74, 0x20, 0x65, 0x64, 0x67, 0x65, 0x20, 0x3d, 0x20, 0x6d, 0x61,
	0x78, 0x28, 0x28, 0x74, 0x6f, 0x70, 0x20, 0x2d, 0x20, 0x62, 0x61, 0x73,
	0x65, 0x29, 0x20, 0x2a, 0x20, 0x63, 0x6c, 0x61, 0x6d, 0x70, 0x28, 0x70,
	0x2e, 0x6c, 0x61, 0x79, 0x65, 0x72, 0x45, 0x72, 0x6f, 0x73, 0x69, 0x6f,
	0x6e, 0x2e, 0x7a, 0x2c, 0x20, 0x30, 0x2e, 0x30, 0x31, 0x39, 0x39, 0x39,
	0x39, 0x39, 0x39, 0x39, 0x35, 0x35, 0x32, 0x39, 0x36, 0x35, 0x31, 0x36,
	0x34, 0x31, 0x38, 0x34, 0x35, 0x37, 0x30, 0x33, 0x31, 0x32, 0x35, 0x2c,
	0x20, 0x30, 0x2e, 0x34, 0x34, 0x39, 0x39, 0x39, 0x39, 0x39, 0x38, 0x38,
	0x30, 0x37, 0x39, 0x30, 0x37, 0x31, 0x30, 0x34, 0x34, 0x39, 0x32, 0x31,
	0x38, 0x37, 0x35, 0x29, 0x2c, 0x20, 0x31, 0x2e, 0x30, 0x29, 0x3b, 0x0a,
	0x20, 0x20, 0x20, 0x20, 0x66, 0x6c, 0x6f, 0x61, 0x74, 0x20, 0x65, 0x6e,
	0x76, 0x65, 0x6c, 0x6f, 0x70, 0x65, 0x20, 0x3d, 0x20, 0x73, 0x6d, 0x6f,
	0x6f, 0x74, 0x68, 0x73, 0x74, 0x65, 0x70, 0x28, 0x62, 0x61, 0x73, 0x65,
	0x2c, 0x20, 0x62, 0x61, 0x73, 0x65, 0x20, 0x2b, 0x20, 0x65, 0x64, 0x67,
	0x65, 0x2c, 0x20, 0x77, 0x6f, 0x72, 0x6c, 0x64, 0x2e, 0x7a, 0x29, 0x20,
	0x2a, 0x20, 0x28, 0x31, 0x2e, 0x30, 0x20, 0x2d, 0x20, 0x73, 0x6d, 0x6f,
	0x6f, 0x74, 0x68, 0x73, 0x74, 0x65, 0x70, 0x28, 0x74, 0x6f, 0x70, 0x20,
	0x2d, 0x20, 0x65, 0x64, 0x67, 0x65, 0x2c, 0x20, 0x74, 0x6f, 0x70, 0x2c,
	0x20, 0x77, 0x6f, 0x72, 0x6c, 0x64, 0x2e, 0x7a, 0x29, 0x29, 0x3b, 0x0a,
	0x20, 0x20, 0x20, 0x20, 0x69, 0x66, 0x20, 0x28, 0x65, 0x6e, 0x76, 0x65,
	0x6c, 0x6f, 0x70, 0x65, 0x20, 0x3c, 0x3d, 0x20, 0x30, 0x2e, 0x30, 0x29,
	0x0a, 0x20, 0x20, 0x20, 0x20, 0x7b, 0x0a, 0x20, 0x20, 0x20, 0x20, 0x20,
	0x20, 0x20, 0x20, 0x5f, 0x32, 0x31, 0x31, 0x2e, 0x63, 0x6c, 0x6f, 0x75,
	0x64, 0x52, 0x61, 0x64, 0x69, 0x61, 0x6e, 0x63, 0x65, 0x45, 0x78, 0x74,
	0x69, 0x6e, 0x63, 0x74, 0x69, 0x6f, 0x6e, 0x5b, 0x69, 0x6e, 0x64, 0x65,
	0x78, 0x5d, 0x20, 0x3d, 0x20, 0x73, 0x6f, 0x75, 0x72, 0x63, 0x65, 0x3b,
	0x0a, 0x20, 0x20, 0x20, 0x20, 0x20, 0x20, 0x20, 0x20, 0x72, 0x65, 0x74,
	0x75, 0x72, 0x6e, 0x3b, 0x0a, 0x20, 0x20, 0x20, 0x20, 0x7d, 0x0a, 0x20,
	0x20, 0x20, 0x20, 0x76, 0x65, 0x63, 0x33, 0x20, 0x61, 0x64, 0x76, 0x65,
	0x63, 0x74, 0x65, 0x64, 0x20, 0x3d, 0x20, 0x77, 0x6f, 0x72, 0x6c, 0x64,
	0x20, 0x2b, 0x20, 0x28, 0x70, 0x2e, 0x77, 0x69, 0x6e, 0x64, 0x44, 0x65,
	0x6e, 0x73, 0x69, 0x74, 0x79, 0x2e, 0x78, 0x79, 0x7a, 0x20, 0x2a, 0x20,
	0x70, 0x2e, 0x66, 0x61, 0x72, 0x54, 0x69, 0x6d, 0x65, 0x43, 0x6f, 0x76,
	0x65, 0x72, 0x61, 0x67, 0x65, 0x53, 0x68, 0x61, 0x64, 0x6f, 0x77, 0x2e,
	0x79, 0x29, 0x3b, 0x0a, 0x20, 0x20, 0x20, 0x20, 0x66, 0x6c, 0x6f, 0x61,
	0x74, 0x20, 0x73, 0x63, 0x61, 0x6c, 0x65, 0x20, 0x3d, 0x20, 0x6d, 0x61,
	0x78, 0x28, 0x28, 0x74, 0x6f, 0x70, 0x20, 0x2d, 0x20, 0x62, 0x61, 0x73,
	0x65, 0x29, 0x20, 0x2a, 0x20, 0x30, 0x2e, 0x33, 0x31, 0x39, 0x39, 0x39,
	0x39, 0x39, 0x39, 0x32, 0x38, 0x34, 0x37, 0x34, 0x34, 0x32, 0x36, 0x32,
	0x36, 0x39, 0x35, 0x33, 0x31, 0x32, 0x35, 0x2c, 0x20, 0x34, 0x38, 0x2e,
	0x30, 0x29, 0x3b, 0x0a, 0x20, 0x20, 0x20, 0x20, 0x76, 0x65, 0x63, 0x33,
	0x20, 0x70, 0x61, 0x72, 0x61, 0x6d, 0x20, 0x3d, 0x20, 0x61, 0x64, 0x76,
	0x65, 0x63, 0x74, 0x65, 0x64, 0x20, 0x2f, 0x20, 0x76, 0x65, 0x63, 0x33,
	0x28, 0x73, 0x63, 0x61, 0x6c, 0x65, 0x29, 0x3b, 0x0a, 0x20, 0x20, 0x20,
	0x20, 0x66, 0x6c, 0x6f, 0x61, 0x74, 0x20, 0x73, 0x68, 0x61, 0x70, 0x65,
	0x20, 0x3d, 0x20, 0x76, 0x61, 0x6c, 0x75, 0x65, 0x4e, 0x6f, 0x69, 0x73,
	0x65, 0x28, 0x70, 0x61, 0x72, 0x61, 0x6d, 0x29, 0x3b, 0x0a, 0x20, 0x20,
	0x20, 0x20, 0x66, 0x6c, 0x6f, 0x61, 0x74, 0x20, 0x74, 0x68, 0x72, 0x65,
	0x73, 0x68, 0x6f, 0x6c, 0x64, 0x20, 0x3d, 0x20, 0x6d, 0x69, 0x78, 0x28,
	0x30, 0x2e, 0x38, 0x31, 0x39, 0x39, 0x39, 0x39, 0x39, 0x39, 0x32, 0x38,
	0x34, 0x37, 0x34, 0x34, 0x32, 0x36, 0x32, 0x36, 0x39, 0x35, 0x33, 0x31,
	0x32, 0x35, 0x2c, 0x20, 0x30, 0x2e, 0x33, 0x30, 0x30, 0x30, 0x30, 0x30,
	0x30, 0x31, 0x31, 0x39, 0x32, 0x30, 0x39, 0x32, 0x38, 0x39, 0x35, 0x35,
	0x30, 0x37, 0x38, 0x31, 0x32, 0x35, 0x2c, 0x20, 0x63, 0x6f, 0x76, 0x65,
	0x72, 0x29, 0x3b, 0x0a, 0x20, 0x20, 0x20, 0x20, 0x66, 0x6c, 0x6f, 0x61,
	0x74, 0x20, 0x64, 0x65, 0x6e, 0x73, 0x69, 0x74, 0x79, 0x20, 0x3d, 0x20,
	0x73, 0x6d, 0x6f, 0x6f, 0x74, 0x68, 0x73, 0x74, 0x65, 0x70, 0x28, 0x74,
	0x68, 0x72, 0x65, 0x73, 0x68, 0x6f, 0x6c, 0x64, 0x2c, 0x20, 0x6d, 0x69,
	0x6e, 0x28, 0x74, 0x68, 0x72, 0x65, 0x73, 0x68, 0x6f, 0x6c, 0x64, 0x20,
	0x2b, 0x20, 0x6d, 0x61, 0x78, 0x28, 0x70, 0x2e, 0x6c, 0x61, 0x79, 0x65,
	0x72, 0x45, 0x72, 0x6f, 0x73, 0x69, 0x6f, 0x6e, 0x2e, 0x77, 0x2c, 0x20,
	0x30, 0x2e, 0x30, 0x37, 0x39, 0x39, 0x39, 0x39, 0x39, 0x39, 0x38, 0x32,
	0x31, 0x31, 0x38, 0x36, 0x30, 0x36, 0x35, 0x36, 0x37, 0x33, 0x38, 0x32,
	0x38, 0x31, 0x32, 0x35, 0x29, 0x2c, 0x20, 0x31, 0x2e, 0x30, 0x29, 0x2c,
	0x20, 0x73, 0x68, 0x61, 0x70, 0x65, 0x29, 0x20, 0x2a, 0x20, 0x65, 0x6e,
	0x76, 0x65, 0x6c, 0x6f, 0x70, 0x65, 0x3b, 0x0a, 0x20, 0x20, 0x20, 0x20,
	0x66, 0x6c, 0x6f, 0x61, 0x74, 0x20, 0x65, 0x78, 0x74, 0x69, 0x6e, 0x63,
	0x74, 0x69, 0x6f, 0x6e, 0x20, 0x3d, 0x20, 0x64, 0x65, 0x6e, 0x73, 0x69,
	0x74, 0x79, 0x20, 0x2a, 0x20, 0x6d, 0x61, 0x78, 0x28, 0x70, 0x2e, 0x77,
	0x69, 0x6e, 0x64, 0x44, 0x65, 0x6e, 0x73, 0x69, 0x74, 0x79, 0x2e, 0x77,
	0x2c, 0x20, 0x30, 0x2e, 0x30, 0x29, 0x3b, 0x0a, 0x20, 0x20, 0x20, 0x20,
	0x76, 0x65, 0x63, 0x33, 0x20, 0x76, 0x69, 0x65, 0x77, 0x56, 0x65, 0x63,
	0x74, 0x6f, 0x72, 0x20, 0x3d, 0x20, 0x77, 0x6f, 0x72, 0x6c, 0x64, 0x20,
	0x2d, 0x20, 0x70, 0x2e, 0x65, 0x79, 0x65, 0x4e, 0x65, 0x61, 0x72, 0x2e,
	0x78, 0x79, 0x7a, 0x3b, 0x0a, 0x20, 0x20, 0x20, 0x20, 0x66, 0x6c, 0x6f,
	0x61, 0x74, 0x20, 0x76, 0x69, 0x65, 0x77, 0x4c, 0x65, 0x6e, 0x67, 0x74,
	0x68, 0x20, 0x3d, 0x20, 0x6c, 0x65, 0x6e, 0x67, 0x74, 0x68, 0x28, 0x76,
	0x69, 0x65, 0x77, 0x56, 0x65, 0x63, 0x74, 0x6f, 0x72, 0x29, 0x3b, 0x0a,
	0x20, 0x20, 0x20, 0x20, 0x76, 0x65, 0x63, 0x33, 0x20, 0x5f, 0x33, 0x39,
	0x34, 0x3b, 0x0a, 0x20, 0x20, 0x20, 0x20, 0x69, 0x66, 0x20, 0x28, 0x76,
	0x69, 0x65, 0x77, 0x4c, 0x65, 0x6e, 0x67, 0x74, 0x68, 0x20, 0x3e, 0x20,
	0x39, 0x2e, 0x39, 0x39, 0x39, 0x39, 0x39, 0x39, 0x37, 0x34, 0x37, 0x33,
	0x37, 0x38, 0x37, 0x35, 0x31, 0x36, 0x33, 0x35, 0x35, 0x35, 0x31, 0x34,
	0x35, 0x32, 0x36, 0x33, 0x36, 0x37, 0x31, 0x38, 0x38, 0x65, 0x2d, 0x30,
	0x36, 0x29, 0x0a, 0x20, 0x20, 0x20, 0x20, 0x7b, 0x0a, 0x20, 0x20, 0x20,
	0x20, 0x20, 0x20, 0x20, 0x20, 0x5f, 0x33, 0x39, 0x34, 0x20, 0x3d, 0x20,
	0x76, 0x69, 0x65, 0x77, 0x56, 0x65, 0x63, 0x74, 0x6f, 0x72, 0x20, 0x2f,
	0x20, 0x76, 0x65, 0x63, 0x33, 0x28, 0x76, 0x69, 0x65, 0x77, 0x4c, 0x65,
	0x6e, 0x67, 0x74, 0x68, 0x29, 0x3b, 0x0a, 0x20, 0x20, 0x20, 0x20, 0x7d,
	0x0a, 0x20, 0x20, 0x20, 0x20, 0x65, 0x6c, 0x73, 0x65, 0x0a, 0x20, 0x20,
	0x20, 0x20, 0x7b, 0x0a, 0x20, 0x20, 0x20, 0x20, 0x20, 0x20, 0x20, 0x20,
	0x5f, 0x33, 0x39, 0x34, 0x20, 0x3d, 0x20, 0x76, 0x65, 0x63, 0x33, 0x28,
	0x30, 0x2e, 0x30, 0x2c, 0x20, 0x30, 0x2e, 0x30, 0x2c, 0x20, 0x31, 0x2e,
	0x30, 0x29, 0x3b, 0x0a, 0x20, 0x20, 0x20, 0x20, 0x7d, 0x0a, 0x20, 0x20,
	0x20, 0x20, 0x76, 0x65, 0x63, 0x33, 0x20, 0x76, 0x69, 0x65, 0x77, 0x44,
	0x69, 0x72, 0x20, 0x3d, 0x20, 0x5f, 0x33, 0x39, 0x34, 0x3b, 0x0a, 0x20,
	0x20, 0x20, 0x20, 0x76, 0x65, 0x63, 0x33, 0x20, 0x73, 0x75, 0x6e, 0x56,
	0x65, 0x63, 0x74, 0x6f, 0x72, 0x20, 0x3d, 0x20, 0x70, 0x2e, 0x73, 0x75,
	0x6e, 0x44, 0x69, 0x72, 0x65, 0x63, 0x74, 0x69, 0x6f, 0x6e, 0x49, 0x6e,
	0x74, 0x65, 0x6e, 0x73, 0x69, 0x74, 0x79, 0x2e, 0x78, 0x79, 0x7a, 0x3b,
	0x0a, 0x20, 0x20, 0x20, 0x20, 0x66, 0x6c, 0x6f, 0x61, 0x74, 0x20, 0x73,
	0x75, 0x6e, 0x4c, 0x65, 0x6e, 0x67, 0x74, 0x68, 0x20, 0x3d, 0x20, 0x6c,
	0x65, 0x6e, 0x67, 0x74, 0x68, 0x28, 0x73, 0x75, 0x6e, 0x56, 0x65, 0x63,
	0x74, 0x6f, 0x72, 0x29, 0x3b, 0x0a, 0x20, 0x20, 0x20, 0x20, 0x76, 0x65,
	0x63, 0x33, 0x20, 0x5f, 0x34, 0x31, 0x34, 0x3b, 0x0a, 0x20, 0x20, 0x20,
	0x20, 0x69, 0x66, 0x20, 0x28, 0x73, 0x75, 0x6e, 0x4c, 0x65, 0x6e, 0x67,
	0x74, 0x68, 0x20, 0x3e, 0x20, 0x39, 0x2e, 0x39, 0x39, 0x39, 0x39, 0x39,
	0x39, 0x37, 0x34, 0x37, 0x33, 0x37, 0x38, 0x37, 0x35, 0x31, 0x36, 0x33,
	0x35, 0x35, 0x35, 0x31, 0x34, 0x35, 0x32, 0x36, 0x33, 0x36, 0x37, 0x31,
	0x38, 0x38, 0x65, 0x2d, 0x30, 0x36, 0x29, 0x0a, 0x20, 0x20, 0x20, 0x20,
	0x7b, 0x0a, 0x20, 0x20, 0x20, 0x20, 0x20, 0x20, 0x20, 0x20, 0x5f, 0x34,
	0x31, 0x34, 0x20, 0x3d, 0x20, 0x73, 0x75, 0x6e, 0x56, 0x65, 0x63, 0x74,
	0x6f, 0x72, 0x20, 0x2f, 0x20, 0x76, 0x65, 0x63, 0x33, 0x28, 0x73, 0x75,
	0x6e, 0x4c, 0x65, 0x6e, 0x67, 0x74, 0x68, 0x29, 0x3b, 0x0a, 0x20, 0x20,
	0x20, 0x20, 0x7d, 0x0a, 0x20, 0x20, 0x20, 0x20, 0x65, 0x6c, 0x73, 0x65,
	0x0a, 0x20, 0x20, 0x20, 0x20, 0x7b, 0x0a, 0x20, 0x20, 0x20, 0x20, 0x20,
	0x20, 0x20, 0x20, 0x5f, 0x34, 0x31, 0x34, 0x20, 0x3d, 0x20, 0x76, 0x65,
	0x63, 0x33, 0x28, 0x30, 0x2e, 0x30, 0x2c, 0x20, 0x30, 0x2e, 0x30, 0x2c,
	0x20, 0x31, 0x2e, 0x30, 0x29, 0x3b, 0x0a, 0x20, 0x20, 0x20, 0x20, 0x7d,
	0x0a, 0x20, 0x20, 0x20, 0x20, 0x76, 0x65, 0x63, 0x33, 0x20, 0x73, 0x75,
	0x6e, 0x44, 0x69, 0x72, 0x20, 0x3d, 0x20, 0x5f, 0x34, 0x31, 0x34, 0x3b,
	0x0a, 0x20, 0x20, 0x20, 0x20, 0x66, 0x6c, 0x6f, 0x61, 0x74, 0x20, 0x66,
	0x6f, 0x72, 0x77, 0x61, 0x72, 0x64, 0x20, 0x3d, 0x20, 0x70, 0x6f, 0x77,
	0x28, 0x6d, 0x61, 0x78, 0x28, 0x64, 0x6f, 0x74, 0x28, 0x76, 0x69, 0x65,
	0x77, 0x44, 0x69, 0x72, 0x2c, 0x20, 0x73, 0x75, 0x6e, 0x44, 0x69, 0x72,
	0x29, 0x2c, 0x20, 0x30, 0x2e, 0x30, 0x29, 0x2c, 0x20, 0x34, 0x2e, 0x30,
	0x29, 0x3b, 0x0a, 0x20, 0x20, 0x20, 0x20, 0x66, 0x6c, 0x6f, 0x61, 0x74,
	0x20, 0x73, 0x65, 0x6c, 0x66, 0x53, 0x68, 0x61, 0x64, 0x6f, 0x77, 0x20,
	0x3d, 0x20, 0x65, 0x78, 0x70, 0x28, 0x28, 0x28, 0x2d, 0x65, 0x78, 0x74,
	0x69, 0x6e, 0x63, 0x74, 0x69, 0x6f, 0x6e, 0x29, 0x20, 0x2a, 0x20, 0x28,
	0x74, 0x6f, 0x70, 0x20, 0x2d, 0x20, 0x62, 0x61, 0x73, 0x65, 0x29, 0x29,
	0x20, 0x2a, 0x20, 0x30, 0x2e, 0x31, 0x38, 0x30, 0x30, 0x30, 0x30, 0x30,
	0x30, 0x37, 0x31, 0x35, 0x32, 0x35, 0x35, 0x37, 0x33, 0x37, 0x33, 0x30,
	0x34, 0x36, 0x38, 0x37, 0x35, 0x29, 0x3b, 0x0a, 0x20, 0x20, 0x20, 0x20,
	0x76, 0x65, 0x63, 0x33, 0x20, 0x69, 0x6c, 0x6c, 0x75, 0x6d, 0x69, 0x6e,
	0x61, 0x74, 0x69, 0x6f, 0x6e, 0x20, 0x3d, 0x20, 0x70, 0x2e, 0x61, 0x6d,
	0x62, 0x69, 0x65, 0x6e, 0x74, 0x43, 0x6f, 0x6c, 0x6f, 0x72, 0x2e, 0x78,
	0x79, 0x7a, 0x20, 0x2b, 0x20, 0x28, 0x28, 0x28, 0x28, 0x70, 0x2e, 0x73,
	0x75, 0x6e, 0x43, 0x6f, 0x6c, 0x6f, 0x72, 0x4c, 0x69, 0x67, 0x68, 0x74,
	0x6e, 0x69, 0x6e, 0x67, 0x2e, 0x78, 0x79, 0x7a, 0x20, 0x2a, 0x20, 0x70,
	0x2e, 0x73, 0x75, 0x6e, 0x44, 0x69, 0x72, 0x65, 0x63, 0x74, 0x69, 0x6f,
	0x6e, 0x49, 0x6e, 0x74, 0x65, 0x6e, 0x73, 0x69, 0x74, 0x79, 0x2e, 0x77,
	0x29, 0x20, 0x2a, 0x20, 0x73, 0x65, 0x6c, 0x66, 0x53, 0x68, 0x61, 0x64,
	0x6f, 0x77, 0x29, 0x20, 0x2a, 0x20, 0x6d, 0x69, 0x78, 0x28, 0x30, 0x2e,
	0x33, 0x34, 0x39, 0x39, 0x39, 0x39, 0x39, 0x39, 0x34, 0x30, 0x33, 0x39,
	0x35, 0x33, 0x35, 0x35, 0x32, 0x32, 0x34, 0x36, 0x30, 0x39, 0x33, 0x37,
	0x35, 0x2c, 0x20, 0x31, 0x2e, 0x30, 0x2c, 0x20, 0x66, 0x6f, 0x72, 0x77,
	0x61, 0x72, 0x64, 0x29, 0x29, 0x20, 0x2a, 0x20, 0x28, 0x31, 0x2e, 0x30,
	0x20, 0x2d, 0x20, 0x63, 0x6c, 0x61, 0x6d, 0x70, 0x28, 0x70, 0x2e, 0x66,
	0x61, 0x72, 0x54, 0x69, 0x6d, 0x65, 0x43, 0x6f, 0x76, 0x65, 0x72, 0x61,
	0x67, 0x65, 0x53, 0x68, 0x61, 0x64, 0x6f, 0x77, 0x2e, 0x77, 0x2c, 0x20,
	0x30, 0x2e, 0x30, 0x2c, 0x20, 0x31, 0x2e, 0x30, 0x29, 0x29, 0x29, 0x3b,
	0x0a, 0x20, 0x20, 0x20, 0x20, 0x69, 0x6c, 0x6c, 0x75, 0x6d, 0x69, 0x6e,
	0x61, 0x74, 0x69, 0x6f, 0x6e, 0x20, 0x2b, 0x3d, 0x20, 0x70, 0x2e, 0x73,
	0x75, 0x6e, 0x43, 0x6f, 0x6c, 0x6f, 0x72, 0x4c, 0x69, 0x67, 0x68, 0x74,
	0x6e, 0x69, 0x6e, 0x67, 0x2e, 0x77, 0x77, 0x77, 0x3b, 0x0a, 0x20, 0x20,
	0x20, 0x20, 0x76, 0x65, 0x63, 0x33, 0x20, 0x63, 0x6c, 0x6f, 0x75, 0x64,
	0x52, 0x61, 0x64, 0x69, 0x61, 0x6e, 0x63, 0x65, 0x20, 0x3d, 0x20, 0x28,
	0x76, 0x65, 0x63, 0x33, 0x28, 0x30, 0x2e, 0x39, 0x32, 0x30, 0x30, 0x30,
	0x30, 0x30, 0x31, 0x36, 0x36, 0x38, 0x39, 0x33, 0x30, 0x30, 0x35, 0x33,
	0x37, 0x31, 0x30, 0x39, 0x33, 0x37, 0x35, 0x2c, 0x20, 0x30, 0x2e, 0x39,
	0x34, 0x39, 0x39, 0x39, 0x39, 0x39, 0x38, 0x38, 0x30, 0x37, 0x39, 0x30,
	0x37, 0x31, 0x30, 0x34, 0x34, 0x39, 0x32, 0x31, 0x38, 0x37, 0x35, 0x2c,
	0x20, 0x31, 0x2e, 0x30, 0x29, 0x20, 0x2a, 0x20, 0x65, 0x78, 0x74, 0x69,
	0x6e, 0x63, 0x74, 0x69, 0x6f, 0x6e, 0x29, 0x20, 0x2a, 0x20, 0x69, 0x6c,
	0x6c, 0x75, 0x6d, 0x69, 0x6e, 0x61, 0x74, 0x69, 0x6f, 0x6e, 0x3b, 0x0a,
	0x20, 0x20, 0x20, 0x20, 0x5f, 0x32, 0x31, 0x31, 0x2e, 0x63, 0x6c, 0x6f,
	0x75, 0x64, 0x52, 0x61, 0x64, 0x69, 0x61, 0x6e, 0x63, 0x65, 0x45, 0x78,
	0x74, 0x69, 0x6e, 0x63, 0x74, 0x69, 0x6f, 0x6e, 0x5b, 0x69, 0x6e, 0x64,
	0x65, 0x78, 0x5d, 0x20, 0x3d, 0x20, 0x73, 0x6f, 0x75, 0x72, 0x63, 0x65,
	0x20, 0x2b, 0x20, 0x76, 0x65, 0x63, 0x34, 0x28, 0x63, 0x6c, 0x6f, 0x75,
	0x64, 0x52, 0x61, 0x64, 0x69, 0x61, 0x6e, 0x63, 0x65, 0x2c, 0x20, 0x65,
	0x78, 0x74, 0x69, 0x6e, 0x63, 0x74, 0x69, 0x6f, 0x6e, 0x29, 0x3b, 0x0a,
	0x7d, 0x0a, 0x0a, 0x00
};
static const unsigned int ralOpenGlProductAtmosphereCloudByteCount = 4899u;
static const unsigned long long ralOpenGlProductAtmosphereCloudDigestLane0 = 0x8b48050a3e921159ull;
static const unsigned long long ralOpenGlProductAtmosphereCloudDigestLane1 = 0xa7863560348dac5dull;

static const unsigned char ralOpenGlProductAtmosphereIntegrateSource[] = {
	0x23, 0x76, 0x65, 0x72, 0x73, 0x69, 0x6f, 0x6e, 0x20, 0x34, 0x36, 0x30,
	0x0a, 0x6c, 0x61, 0x79, 0x6f, 0x75, 0x74, 0x28, 0x6c, 0x6f, 0x63, 0x61,
	0x6c, 0x5f, 0x73, 0x69, 0x7a, 0x65, 0x5f, 0x78, 0x20, 0x3d, 0x20, 0x38,
	0x2c, 0x20, 0x6c, 0x6f, 0x63, 0x61, 0x6c, 0x5f, 0x73, 0x69, 0x7a, 0x65,
	0x5f, 0x79, 0x20, 0x3d, 0x20, 0x38, 0x2c, 0x20, 0x6c, 0x6f, 0x63, 0x61,
	0x6c, 0x5f, 0x73, 0x69, 0x7a, 0x65, 0x5f, 0x7a, 0x20, 0x3d, 0x20, 0x31,
	0x29, 0x20, 0x69, 0x6e, 0x3b, 0x0a, 0x0a, 0x6c, 0x61, 0x79, 0x6f, 0x75,
	0x74, 0x28, 0x62, 0x69, 0x6e, 0x64, 0x69, 0x6e, 0x67, 0x20, 0x3d, 0x20,
	0x30, 0x2c, 0x20, 0x73, 0x74, 0x64, 0x31, 0x34, 0x30, 0x29, 0x20, 0x75,
	0x6e, 0x69, 0x66, 0x6f, 0x72, 0x6d, 0x20, 0x50, 0x61, 0x72, 0x61, 0x6d,
	0x73, 0x0a, 0x7b, 0x0a, 0x20, 0x20, 0x20, 0x20, 0x75, 0x76, 0x65, 0x63,
	0x34, 0x20, 0x67, 0x72, 0x69, 0x64, 0x48, 0x69, 0x73, 0x74, 0x6f, 0x72,
	0x79, 0x3b, 0x0a, 0x20, 0x20, 0x20, 0x20, 0x76, 0x65, 0x63, 0x34, 0x20,
	0x64, 0x65, 0x70, 0x74, 0x68, 0x52, 0x61, 0x6e, 0x67, 0x65, 0x54, 0x65,
	0x6d, 0x70, 0x6f, 0x72, 0x61, 0x6c, 0x3b, 0x0a, 0x7d, 0x20, 0x70, 0x3b,
	0x0a, 0x0a, 0x6c, 0x61, 0x79, 0x6f, 0x75, 0x74, 0x28, 0x62, 0x69, 0x6e,
	0x64, 0x69, 0x6e, 0x67, 0x20, 0x3d, 0x20, 0x30, 0x2c, 0x20, 0x73, 0x74,
	0x64, 0x34, 0x33, 0x30, 0x29, 0x20, 0x72, 0x65, 0x61, 0x64, 0x6f, 0x6e,
	0x6c, 0x79, 0x20, 0x62, 0x75, 0x66, 0x66, 0x65, 0x72, 0x20, 0x4c, 0x69,
	0x74, 0x4d, 0x65, 0x64, 0x69, 0x61, 0x0a, 0x7b, 0x0a, 0x20, 0x20, 0x20,
	0x20, 0x76, 0x65, 0x63, 0x34, 0x20, 0x73, 0x6f, 0x75, 0x72, 0x63, 0x65,
	0x5b, 0x5d, 0x3b, 0x0a, 0x7d, 0x20, 0x5f, 0x31, 0x31, 0x37, 0x3b, 0x0a,
	0x0a, 0x6c, 0x61, 0x79, 0x6f, 0x75, 0x74, 0x28, 0x62, 0x69, 0x6e, 0x64,
	0x69, 0x6e, 0x67, 0x20, 0x3d, 0x20, 0x31, 0x2c, 0x20, 0x73, 0x74, 0x64,
	0x34, 0x33, 0x30, 0x29, 0x20, 0x72, 0x65, 0x61, 0x64, 0x6f, 0x6e, 0x6c,
	0x79, 0x20, 0x62, 0x75, 0x66, 0x66, 0x65, 0x72, 0x20, 0x48, 0x69, 0x73,
	0x74, 0x6f, 0x72, 0x79, 0x0a, 0x7b, 0x0a, 0x20, 0x20, 0x20, 0x20, 0x76,
	0x65, 0x63, 0x34, 0x20, 0x70, 0x72, 0x65, 0x76, 0x69, 0x6f, 0x75, 0x73,
	0x5b, 0x5d, 0x3b, 0x0a, 0x7d, 0x20, 0x5f, 0x31, 0x37, 0x35, 0x3b, 0x0a,
	0x0a, 0x6c, 0x61, 0x79, 0x6f, 0x75, 0x74, 0x28, 0x62, 0x69, 0x6e, 0x64,
	0x69, 0x6e, 0x67, 0x20, 0x3d, 0x20, 0x32, 0x2c, 0x20, 0x73, 0x74, 0x64,
	0x34, 0x33, 0x30, 0x29, 0x20, 0x77, 0x72, 0x69, 0x74, 0x65, 0x6f, 0x6e,
	0x6c, 0x79, 0x20, 0x62, 0x75, 0x66, 0x66, 0x65, 0x72, 0x20, 0x49, 0x6e,
	0x74, 0x65, 0x67, 0x72, 0x61, 0x74, 0x65, 0x64, 0x0a, 0x7b, 0x0a, 0x20,
	0x20, 0x20, 0x20, 0x76, 0x65, 0x63, 0x34, 0x20, 0x69, 0x6e, 0x74, 0x65,
	0x67, 0x72, 0x61, 0x74, 0x65, 0x64, 0x5b, 0x5d, 0x3b, 0x0a, 0x7d, 0x20,
	0x5f, 0x31, 0x38, 0x35, 0x3b, 0x0a, 0x0a, 0x6c, 0x61, 0x79, 0x6f, 0x75,
	0x74, 0x28, 0x62, 0x69, 0x6e, 0x64, 0x69, 0x6e, 0x67, 0x20, 0x3d, 0x20,
	0x33, 0x2c, 0x20, 0x73, 0x74, 0x64, 0x34, 0x33, 0x30, 0x29, 0x20, 0x77,
	0x72, 0x69, 0x74, 0x65, 0x6f, 0x6e, 0x6c, 0x79, 0x20, 0x62, 0x75, 0x66,
	0x66, 0x65, 0x72, 0x20, 0x4e, 0x65, 0x78, 0x74, 0x48, 0x69, 0x73, 0x74,
	0x6f, 0x72, 0x79, 0x0a, 0x7b, 0x0a, 0x20, 0x20, 0x20, 0x20, 0x76, 0x65,
	0x63, 0x34, 0x20, 0x6e, 0x65, 0x78, 0x74, 0x48, 0x69, 0x73, 0x74, 0x6f,
	0x72, 0x79, 0x5b, 0x5d, 0x3b, 0x0a, 0x7d, 0x20, 0x5f, 0x31, 0x39, 0x32,
	0x3b, 0x0a, 0x0a, 0x76, 0x6f, 0x69, 0x64, 0x20, 0x6d, 0x61, 0x69, 0x6e,
	0x28, 0x29, 0x0a, 0x7b, 0x0a, 0x20, 0x20, 0x20, 0x20, 0x75, 0x76, 0x65,
	0x63, 0x32, 0x20, 0x63, 0x20, 0x3d, 0x20, 0x67, 0x6c, 0x5f, 0x47, 0x6c,
	0x6f, 0x62, 0x61, 0x6c, 0x49, 0x6e, 0x76, 0x6f, 0x63, 0x61, 0x74, 0x69,
	0x6f, 0x6e, 0x49, 0x44, 0x2e, 0x78, 0x79, 0x3b, 0x0a, 0x20, 0x20, 0x20,
	0x20, 0x69, 0x66, 0x20, 0x28, 0x61, 0x6e, 0x79, 0x28, 0x67, 0x72, 0x65,
	0x61, 0x74, 0x65, 0x72, 0x54, 0x68, 0x61, 0x6e, 0x45, 0x71, 0x75, 0x61,
	0x6c, 0x28, 0x63, 0x2c, 0x20, 0x70, 0x2e, 0x67, 0x72, 0x69, 0x64, 0x48,
	0x69, 0x73, 0x74, 0x6f, 0x72, 0x79, 0x2e, 0x78, 0x79, 0x29, 0x29, 0x29,
	0x0a, 0x20, 0x20, 0x20, 0x20, 0x7b, 0x0a, 0x20, 0x20, 0x20, 0x20, 0x20,
	0x20, 0x20, 0x20, 0x72, 0x65, 0x74, 0x75, 0x72, 0x6e, 0x3b, 0x0a, 0x20,
	0x20, 0x20, 0x20, 0x7d, 0x0a, 0x20, 0x20, 0x20, 0x20, 0x75, 0x69, 0x6e,
	0x74, 0x20, 0x73, 0x6c, 0x69, 0x63, 0x65, 0x53, 0x74, 0x72, 0x69, 0x64,
	0x65, 0x20, 0x3d, 0x20, 0x70, 0x2e, 0x67, 0x72, 0x69, 0x64, 0x48, 0x69,
	0x73, 0x74, 0x6f, 0x72, 0x79, 0x2e, 0x78, 0x20, 0x2a, 0x20, 0x70, 0x2e,
	0x67, 0x72, 0x69, 0x64, 0x48, 0x69, 0x73, 0x74, 0x6f, 0x72, 0x79, 0x2e,
	0x79, 0x3b, 0x0a, 0x20, 0x20, 0x20, 0x20, 0x66, 0x6c, 0x6f, 0x61, 0x74,
	0x20, 0x74, 0x72, 0x61, 0x6e, 0x73, 0x6d, 0x69, 0x74, 0x74, 0x61, 0x6e,
	0x63, 0x65, 0x20, 0x3d, 0x20, 0x31, 0x2e, 0x30, 0x3b, 0x0a, 0x20, 0x20,
	0x20, 0x20, 0x76, 0x65, 0x63, 0x33, 0x20, 0x72, 0x61, 0x64, 0x69, 0x61,
	0x6e, 0x63, 0x65, 0x20, 0x3d, 0x20, 0x76, 0x65, 0x63, 0x33, 0x28, 0x30,
	0x2e, 0x30, 0x29, 0x3b, 0x0a, 0x20, 0x20, 0x20, 0x20, 0x66, 0x6c, 0x6f,
	0x61, 0x74, 0x20, 0x6e, 0x65, 0x61, 0x72, 0x5a, 0x20, 0x3d, 0x20, 0x6d,
	0x61, 0x78, 0x28, 0x70, 0x2e, 0x64, 0x65, 0x70, 0x74, 0x68, 0x52, 0x61,
	0x6e, 0x67, 0x65, 0x54, 0x65, 0x6d, 0x70, 0x6f, 0x72, 0x61, 0x6c, 0x2e,
	0x78, 0x2c, 0x20, 0x30, 0x2e, 0x30, 0x30, 0x39, 0x39, 0x39, 0x39, 0x39,
	0x39, 0x39, 0x37, 0x37, 0x36, 0x34, 0x38, 0x32, 0x35, 0x38, 0x32, 0x30,
	0x39, 0x32, 0x32, 0x38, 0x35, 0x31, 0x35, 0x36, 0x32, 0x35, 0x29, 0x3b,
	0x0a, 0x20, 0x20, 0x20, 0x20, 0x66, 0x6c, 0x6f, 0x61, 0x74, 0x20, 0x66,
	0x61, 0x72, 0x5a, 0x20, 0x3d, 0x20, 0x6d, 0x61, 0x78, 0x28, 0x70, 0x2e,
	0x64, 0x65, 0x70, 0x74, 0x68, 0x52, 0x61, 0x6e, 0x67, 0x65, 0x54, 0x65,
	0x6d, 0x70, 0x6f, 0x72, 0x61, 0x6c, 0x2e, 0x79, 0x2c, 0x20, 0x6e, 0x65,
	0x61, 0x72, 0x5a, 0x20, 0x2b, 0x20, 0x30, 0x2e, 0x30, 0x30, 0x39, 0x39,
	0x39, 0x39, 0x39, 0x39, 0x39, 0x37, 0x37, 0x36, 0x34, 0x38, 0x32, 0x35,
	0x38, 0x32, 0x30, 0x39, 0x32, 0x32, 0x38, 0x35, 0x31, 0x35, 0x36, 0x32,
	0x35, 0x29, 0x3b, 0x0a, 0x20, 0x20, 0x20, 0x20, 0x66, 0x6c, 0x6f, 0x61,
	0x74, 0x20, 0x70, 0x72, 0x65, 0x76, 0x69, 0x6f, 0x75, 0x73, 0x5a, 0x20,
	0x3d, 0x20, 0x6e, 0x65, 0x61, 0x72, 0x5a, 0x3b, 0x0a, 0x20, 0x20, 0x20,
	0x20, 0x66, 0x6f, 0x72, 0x20, 0x28, 0x75, 0x69, 0x6e, 0x74, 0x20, 0x7a,
	0x20, 0x3d, 0x20, 0x30, 0x75, 0x3b, 0x20, 0x7a, 0x20, 0x3c, 0x20, 0x70,
	0x2e, 0x67, 0x72, 0x69, 0x64, 0x48, 0x69, 0x73, 0x74, 0x6f, 0x72, 0x79,
	0x2e, 0x7a, 0x3b, 0x20, 0x7a, 0x2b, 0x2b, 0x29, 0x0a, 0x20, 0x20, 0x20,
	0x20, 0x7b, 0x0a, 0x20, 0x20, 0x20, 0x20, 0x20, 0x20, 0x20, 0x20, 0x75,
	0x69, 0x6e, 0x74, 0x20, 0x69, 0x6e, 0x64, 0x65, 0x78, 0x20, 0x3d, 0x20,
	0x28, 0x28, 0x7a, 0x20, 0x2a, 0x20, 0x73, 0x6c, 0x69, 0x63, 0x65, 0x53,
	0x74, 0x72, 0x69, 0x64, 0x65, 0x29, 0x20, 0x2b, 0x20, 0x28, 0x63, 0x2e,
	0x79, 0x20, 0x2a, 0x20, 0x70, 0x2e, 0x67, 0x72, 0x69, 0x64, 0x48, 0x69,
	0x73, 0x74, 0x6f, 0x72, 0x79, 0x2e, 0x78, 0x29, 0x29, 0x20, 0x2b, 0x20,
	0x63, 0x2e, 0x78, 0x3b, 0x0a, 0x20, 0x20, 0x20, 0x20, 0x20, 0x20, 0x20,
	0x20, 0x66, 0x6c, 0x6f, 0x61, 0x74, 0x20, 0x73, 0x6c, 0x69, 0x63, 0x65,
	0x20, 0x3d, 0x20, 0x28, 0x66, 0x6c, 0x6f, 0x61, 0x74, 0x28, 0x7a, 0x29,
	0x20, 0x2b, 0x20, 0x31, 0x2e, 0x30, 0x29, 0x20, 0x2f, 0x20, 0x66, 0x6c,
	0x6f, 0x61, 0x74, 0x28, 0x70, 0x2e, 0x67, 0x72, 0x69, 0x64, 0x48, 0x69,
	0x73, 0x74, 0x6f, 0x72, 0x79, 0x2e, 0x7a, 0x29, 0x3b, 0x0a, 0x20, 0x20,
	0x20, 0x20, 0x20, 0x20, 0x20, 0x20, 0x66, 0x6c, 0x6f, 0x61, 0x74, 0x20,
	0x63, 0x75, 0x72, 0x72, 0x65, 0x6e, 0x74, 0x5a, 0x20, 0x3d, 0x20, 0x6e,
	0x65, 0x61, 0x72, 0x5a, 0x20, 0x2a, 0x20, 0x70, 0x6f, 0x77, 0x28, 0x66,
	0x61, 0x72, 0x5a, 0x20, 0x2f, 0x20, 0x6e, 0x65, 0x61, 0x72, 0x5a, 0x2c,
	0x20, 0x73, 0x6c, 0x69, 0x63, 0x65, 0x29, 0x3b, 0x0a, 0x20, 0x20, 0x20,
	0x20, 0x20, 0x20, 0x20, 0x20, 0x66, 0x6c, 0x6f, 0x61, 0x74, 0x20, 0x73,
	0x74, 0x65, 0x70, 0x4c, 0x65, 0x6e, 0x67, 0x74, 0x68, 0x20, 0x3d, 0x20,
	0x63, 0x75, 0x72, 0x72, 0x65, 0x6e, 0x74, 0x5a, 0x20, 0x2d, 0x20, 0x70,
	0x72, 0x65, 0x76, 0x69, 0x6f, 0x75, 0x73, 0x5a, 0x3b, 0x0a, 0x20, 0x20,
	0x20, 0x20, 0x20, 0x20, 0x20, 0x20, 0x76, 0x65, 0x63, 0x34, 0x20, 0x6d,
	0x20, 0x3d, 0x20, 0x5f, 0x31, 0x31, 0x37, 0x2e, 0x73, 0x6f, 0x75, 0x72,
	0x63, 0x65, 0x5b, 0x69, 0x6e, 0x64, 0x65, 0x78, 0x5d, 0x3b, 0x0a, 0x20,
	0x20, 0x20, 0x20, 0x20, 0x20, 0x20, 0x20, 0x66, 0x6c, 0x6f, 0x61, 0x74,
	0x20, 0x73, 0x74, 0x65, 0x70, 0x54, 0x20, 0x3d, 0x20, 0x65, 0x78, 0x70,
	0x28, 0x28, 0x2d, 0x6d, 0x61, 0x78, 0x28, 0x6d, 0x2e, 0x77, 0x2c, 0x20,
	0x30, 0x2e, 0x30, 0x29, 0x29, 0x20, 0x2a, 0x20, 0x73, 0x74, 0x65, 0x70,
	0x4c, 0x65, 0x6e, 0x67, 0x74, 0x68, 0x29, 0x3b, 0x0a, 0x20, 0x20, 0x20,
	0x20, 0x20, 0x20, 0x20, 0x20, 0x72, 0x61, 0x64, 0x69, 0x61, 0x6e, 0x63,
	0x65, 0x20, 0x2b, 0x3d, 0x20, 0x28, 0x28, 0x28, 0x6d, 0x2e, 0x78, 0x79,
	0x7a, 0x20, 0x2a, 0x20, 0x74, 0x72, 0x61, 0x6e, 0x73, 0x6d, 0x69, 0x74,
	0x74, 0x61, 0x6e, 0x63, 0x65, 0x29, 0x20, 0x2a, 0x20, 0x28, 0x31, 0x2e,
	0x30, 0x20, 0x2d, 0x20, 0x73, 0x74, 0x65, 0x70, 0x54, 0x29, 0x29, 0x20,
	0x2f, 0x20, 0x76, 0x65, 0x63, 0x33, 0x28, 0x6d, 0x61, 0x78, 0x28, 0x6d,
	0x2e, 0x77, 0x2c, 0x20, 0x39, 0x2e, 0x39, 0x39, 0x39, 0x39, 0x39, 0x39,
	0x37, 0x34, 0x37, 0x33, 0x37, 0x38, 0x37, 0x35, 0x31, 0x36, 0x33, 0x35,
	0x35, 0x35, 0x31, 0x34, 0x35, 0x32, 0x36, 0x33, 0x36, 0x37, 0x31, 0x38,
	0x38, 0x65, 0x2d, 0x30, 0x36, 0x29, 0x29, 0x29, 0x3b, 0x0a, 0x20, 0x20,
	0x20, 0x20, 0x20, 0x20, 0x20, 0x20, 0x74, 0x72, 0x61, 0x6e, 0x73, 0x6d,
	0x69, 0x74, 0x74, 0x61, 0x6e, 0x63, 0x65, 0x20, 0x2a, 0x3d, 0x20, 0x73,
	0x74, 0x65, 0x70, 0x54, 0x3b, 0x0a, 0x20, 0x20, 0x20, 0x20, 0x20, 0x20,
	0x20, 0x20, 0x76, 0x65, 0x63, 0x34, 0x20, 0x63, 0x75, 0x72, 0x72, 0x65,
	0x6e, 0x74, 0x20, 0x3d, 0x20, 0x76, 0x65, 0x63, 0x34, 0x28, 0x72, 0x61,
	0x64, 0x69, 0x61, 0x6e, 0x63, 0x65, 0x2c, 0x20, 0x74, 0x72, 0x61, 0x6e,
	0x73, 0x6d, 0x69, 0x74, 0x74, 0x61, 0x6e, 0x63, 0x65, 0x29, 0x3b, 0x0a,
	0x20, 0x20, 0x20, 0x20, 0x20, 0x20, 0x20, 0x20, 0x69, 0x66, 0x20, 0x28,
	0x70, 0x2e, 0x67, 0x72, 0x69, 0x64, 0x48, 0x69, 0x73, 0x74, 0x6f, 0x72,
	0x79, 0x2e, 0x77, 0x20, 0x21, 0x3d, 0x20, 0x30, 0x75, 0x29, 0x0a, 0x20,
	0x20, 0x20, 0x20, 0x20, 0x20, 0x20, 0x20, 0x7b, 0x0a, 0x20, 0x20, 0x20,
	0x20, 0x20, 0x20, 0x20, 0x20, 0x20, 0x20, 0x20, 0x20, 0x66, 0x6c, 0x6f,
	0x61, 0x74, 0x20, 0x77, 0x65, 0x69, 0x67, 0x68, 0x74, 0x20, 0x3d, 0x20,
	0x63, 0x6c, 0x61, 0x6d, 0x70, 0x28, 0x70, 0x2e, 0x64, 0x65, 0x70, 0x74,
	0x68, 0x52, 0x61, 0x6e, 0x67, 0x65, 0x54, 0x65, 0x6d, 0x70, 0x6f, 0x72,
	0x61, 0x6c, 0x2e, 0x7a, 0x2c, 0x20, 0x30, 0x2e, 0x30, 0x2c, 0x20, 0x30,
	0x2e, 0x39, 0x38, 0x30, 0x30, 0x30, 0x30, 0x30, 0x31, 0x39, 0x30, 0x37,
	0x33, 0x34, 0x38, 0x36, 0x33, 0x32, 0x38, 0x31, 0x32, 0x35, 0x29, 0x20,
	0x2a, 0x20, 0x28, 0x31, 0x2e, 0x30, 0x20, 0x2d, 0x20, 0x63, 0x6c, 0x61,
	0x6d, 0x70, 0x28, 0x70, 0x2e, 0x64, 0x65, 0x70, 0x74, 0x68, 0x52, 0x61,
	0x6e, 0x67, 0x65, 0x54, 0x65, 0x6d, 0x70, 0x6f, 0x72, 0x61, 0x6c, 0x2e,
	0x77, 0x2c, 0x20, 0x30, 0x2e, 0x30, 0x2c, 0x20, 0x31, 0x2e, 0x30, 0x29,
	0x29, 0x3b, 0x0a, 0x20, 0x20, 0x20, 0x20, 0x20, 0x20, 0x20, 0x20, 0x20,
	0x20, 0x20, 0x20, 0x63, 0x75, 0x72, 0x72, 0x65, 0x6e, 0x74, 0x20, 0x3d,
	0x20, 0x6d, 0x69, 0x78, 0x28, 0x63, 0x75, 0x72, 0x72, 0x65, 0x6e, 0x74,
	0x2c, 0x20, 0x5f, 0x31, 0x37, 0x35, 0x2e, 0x70, 0x72, 0x65, 0x76, 0x69,
	0x6f, 0x75, 0x73, 0x5b, 0x69, 0x6e, 0x64, 0x65, 0x78, 0x5d, 0x2c, 0x20,
	0x76, 0x65, 0x63, 0x34, 0x28, 0x77, 0x65, 0x69, 0x67, 0x68, 0x74, 0x29,
	0x29, 0x3b, 0x0a, 0x20, 0x20, 0x20, 0x20, 0x20, 0x20, 0x20, 0x20, 0x7d,
	0x0a, 0x20, 0x20, 0x20, 0x20, 0x20, 0x20, 0x20, 0x20, 0x5f, 0x31, 0x38,
	0x35, 0x2e, 0x69, 0x6e, 0x74, 0x65, 0x67, 0x72, 0x61, 0x74, 0x65, 0x64,
	0x5b, 0x69, 0x6e, 0x64, 0x65, 0x78, 0x5d, 0x20, 0x3d, 0x20, 0x63, 0x75,
	0x72, 0x72, 0x65, 0x6e, 0x74, 0x3b, 0x0a, 0x20, 0x20, 0x20, 0x20, 0x20,
	0x20, 0x20, 0x20, 0x5f, 0x31, 0x39, 0x32, 0x2e, 0x6e, 0x65, 0x78, 0x74,
	0x48, 0x69, 0x73, 0x74, 0x6f, 0x72, 0x79, 0x5b, 0x69, 0x6e, 0x64, 0x65,
	0x78, 0x5d, 0x20, 0x3d, 0x20, 0x63, 0x75, 0x72, 0x72, 0x65, 0x6e, 0x74,
	0x3b, 0x0a, 0x20, 0x20, 0x20, 0x20, 0x20, 0x20, 0x20, 0x20, 0x70, 0x72,
	0x65, 0x76, 0x69, 0x6f, 0x75, 0x73, 0x5a, 0x20, 0x3d, 0x20, 0x63, 0x75,
	0x72, 0x72, 0x65, 0x6e, 0x74, 0x5a, 0x3b, 0x0a, 0x20, 0x20, 0x20, 0x20,
	0x7d, 0x0a, 0x7d, 0x0a, 0x0a, 0x00
};
static const unsigned int ralOpenGlProductAtmosphereIntegrateByteCount = 1973u;
static const unsigned long long ralOpenGlProductAtmosphereIntegrateDigestLane0 = 0x2a331d09eda62697ull;
static const unsigned long long ralOpenGlProductAtmosphereIntegrateDigestLane1 = 0xe7d4a83cc1fc4784ull;

static const unsigned char ralOpenGlProductWeatherIntegrateSource[] = {
	0x23, 0x76, 0x65, 0x72, 0x73, 0x69, 0x6f, 0x6e, 0x20, 0x34, 0x36, 0x30,
	0x0a, 0x6c, 0x61, 0x79, 0x6f, 0x75, 0x74, 0x28, 0x6c, 0x6f, 0x63, 0x61,
	0x6c, 0x5f, 0x73, 0x69, 0x7a, 0x65, 0x5f, 0x78, 0x20, 0x3d, 0x20, 0x36,
	0x34, 0x2c, 0x20, 0x6c, 0x6f, 0x63, 0x61, 0x6c, 0x5f, 0x73, 0x69, 0x7a,
	0x65, 0x5f, 0x79, 0x20, 0x3d, 0x20, 0x31, 0x2c, 0x20, 0x6c, 0x6f, 0x63,
	0x61, 0x6c, 0x5f, 0x73, 0x69, 0x7a, 0x65, 0x5f, 0x7a, 0x20, 0x3d, 0x20,
	0x31, 0x29, 0x20, 0x69, 0x6e, 0x3b, 0x0a, 0x0a, 0x73, 0x74, 0x72, 0x75,
	0x63, 0x74, 0x20, 0x41, 0x74, 0x6d, 0x50, 0x61, 0x72, 0x74, 0x69, 0x63,
	0x6c, 0x65, 0x0a, 0x7b, 0x0a, 0x20, 0x20, 0x20, 0x20, 0x76, 0x65, 0x63,
	0x33, 0x20, 0x70, 0x6f, 0x73, 0x3b, 0x0a, 0x20, 0x20, 0x20, 0x20, 0x66,
	0x6c, 0x6f, 0x61, 0x74, 0x20, 0x73, 0x65, 0x65, 0x64, 0x3b, 0x0a, 0x20,
	0x20, 0x20, 0x20, 0x76, 0x65, 0x63, 0x33, 0x20, 0x76, 0x65, 0x6c, 0x3b,
	0x0a, 0x20, 0x20, 0x20, 0x20, 0x66, 0x6c, 0x6f, 0x61, 0x74, 0x20, 0x66,
	0x6c, 0x61, 0x67, 0x73, 0x3b, 0x0a, 0x7d, 0x3b, 0x0a, 0x0a, 0x6c, 0x61,
	0x79, 0x6f, 0x75, 0x74, 0x28, 0x62, 0x69, 0x6e, 0x64, 0x69, 0x6e, 0x67,
	0x20, 0x3d, 0x20, 0x30, 0x2c, 0x20, 0x73, 0x74, 0x64, 0x31, 0x34, 0x30,
	0x29, 0x20, 0x75, 0x6e, 0x69, 0x66, 0x6f, 0x72, 0x6d, 0x20, 0x41, 0x74,
	0x6d, 0x46, 0x72, 0x61, 0x6d, 0x65, 0x0a, 0x7b, 0x0a, 0x20, 0x20, 0x20,
	0x20, 0x6d, 0x61, 0x74, 0x34, 0x20, 0x6d, 0x76, 0x70, 0x3b, 0x0a, 0x20,
	0x20, 0x20, 0x20, 0x76, 0x65, 0x63, 0x34, 0x20, 0x76, 0x69, 0x65, 0x77,
	0x4c, 0x65, 0x66, 0x74, 0x3b, 0x0a, 0x20, 0x20, 0x20, 0x20, 0x76, 0x65,
	0x63, 0x34, 0x20, 0x76, 0x69, 0x65, 0x77, 0x55, 0x70, 0x3b, 0x0a, 0x20,
	0x20, 0x20, 0x20, 0x76, 0x65, 0x63, 0x34, 0x20, 0x65, 0x79, 0x65, 0x57,
	0x6f, 0x72, 0x6c, 0x64, 0x3b, 0x0a, 0x20, 0x20, 0x20, 0x20, 0x66, 0x6c,
	0x6f, 0x61, 0x74, 0x20, 0x64, 0x74, 0x3b, 0x0a, 0x20, 0x20, 0x20, 0x20,
	0x66, 0x6c, 0x6f, 0x61, 0x74, 0x20, 0x74, 0x69, 0x6d, 0x65, 0x3b, 0x0a,
	0x20, 0x20, 0x20, 0x20, 0x75, 0x69, 0x6e, 0x74, 0x20, 0x70, 0x6f, 0x6f,
	0x6c, 0x53, 0x69, 0x7a, 0x65, 0x3b, 0x0a, 0x20, 0x20, 0x20, 0x20, 0x75,
	0x69, 0x6e, 0x74, 0x20, 0x70, 0x69, 0x6e, 0x67, 0x50, 0x6f, 0x6e, 0x67,
	0x52, 0x65, 0x61, 0x64, 0x3b, 0x0a, 0x20, 0x20, 0x20, 0x20, 0x76, 0x65,
	0x63, 0x34, 0x20, 0x62, 0x6f, 0x75, 0x6e, 0x64, 0x73, 0x4d, 0x69, 0x6e,
	0x3b, 0x0a, 0x20, 0x20, 0x20, 0x20, 0x76, 0x65, 0x63, 0x34, 0x20, 0x62,
	0x6f, 0x75, 0x6e, 0x64, 0x73, 0x4d, 0x61, 0x78, 0x3b, 0x0a, 0x20, 0x20,
	0x20, 0x20, 0x76, 0x65, 0x63, 0x32, 0x20, 0x77, 0x6f, 0x72, 0x6c, 0x64,
	0x4d, 0x69, 0x6e, 0x73, 0x3b, 0x0a, 0x20, 0x20, 0x20, 0x20, 0x76, 0x65,
	0x63, 0x32, 0x20, 0x77, 0x6f, 0x72, 0x6c, 0x64, 0x4d, 0x61, 0x78, 0x73,
	0x3b, 0x0a, 0x20, 0x20, 0x20, 0x20, 0x76, 0x65, 0x63, 0x32, 0x20, 0x69,
	0x6e, 0x76, 0x47, 0x72, 0x69, 0x64, 0x53, 0x74, 0x65, 0x70, 0x3b, 0x0a,
	0x20, 0x20, 0x20, 0x20, 0x75, 0x69, 0x6e, 0x74, 0x20, 0x67, 0x72, 0x69,
	0x64, 0x53, 0x69, 0x7a, 0x65, 0x3b, 0x0a, 0x20, 0x20, 0x20, 0x20, 0x75,
	0x69, 0x6e, 0x74, 0x20, 0x61, 0x74, 0x6d, 0x54, 0x79, 0x70, 0x65, 0x3b,
	0x0a, 0x20, 0x20, 0x20, 0x20, 0x66, 0x6c, 0x6f, 0x61, 0x74, 0x20, 0x5f,
	0x64, 0x69, 0x73, 0x74, 0x61, 0x6e, 0x63, 0x65, 0x3b, 0x0a, 0x20, 0x20,
	0x20, 0x20, 0x66, 0x6c, 0x6f, 0x61, 0x74, 0x20, 0x63, 0x6f, 0x6d, 0x70,
	0x75, 0x74, 0x65, 0x50, 0x61, 0x64, 0x30, 0x3b, 0x0a, 0x20, 0x20, 0x20,
	0x20, 0x66, 0x6c, 0x6f, 0x61, 0x74, 0x20, 0x63, 0x6f, 0x6d, 0x70, 0x75,
	0x74, 0x65, 0x50, 0x61, 0x64, 0x31, 0x3b, 0x0a, 0x20, 0x20, 0x20, 0x20,
	0x66, 0x6c, 0x6f, 0x61, 0x74, 0x20, 0x63, 0x6f, 0x6d, 0x70, 0x75, 0x74,
	0x65, 0x50, 0x61, 0x64, 0x32, 0x3b, 0x0a, 0x20, 0x20, 0x20, 0x20, 0x76,
	0x65, 0x63, 0x34, 0x20, 0x77, 0x69, 0x6e, 0x64, 0x47, 0x75, 0x73, 0x74,
	0x3b, 0x0a, 0x20, 0x20, 0x20, 0x20, 0x76, 0x65, 0x63, 0x34, 0x20, 0x70,
	0x72, 0x65, 0x63, 0x69, 0x70, 0x69, 0x74, 0x61, 0x74, 0x69, 0x6f, 0x6e,
	0x3b, 0x0a, 0x20, 0x20, 0x20, 0x20, 0x66, 0x6c, 0x6f, 0x61, 0x74, 0x20,
	0x64, 0x75, 0x73, 0x74, 0x41, 0x73, 0x68, 0x3b, 0x0a, 0x20, 0x20, 0x20,
	0x20, 0x66, 0x6c, 0x6f, 0x61, 0x74, 0x20, 0x69, 0x6e, 0x64, 0x6f, 0x6f,
	0x72, 0x45, 0x78, 0x70, 0x6f, 0x73, 0x75, 0x72, 0x65, 0x3b, 0x0a, 0x20,
	0x20, 0x20, 0x20, 0x75, 0x69, 0x6e, 0x74, 0x20, 0x63, 0x6c, 0x69, 0x6d,
	0x61, 0x74, 0x65, 0x53, 0x65, 0x65, 0x64, 0x3b, 0x0a, 0x20, 0x20, 0x20,
	0x20, 0x75, 0x69, 0x6e, 0x74, 0x20, 0x63, 0x6c, 0x69, 0x6d, 0x61, 0x74,
	0x65, 0x50, 0x61, 0x64, 0x3b, 0x0a, 0x20, 0x20, 0x20, 0x20, 0x76, 0x65,
	0x63, 0x34, 0x20, 0x63, 0x6c, 0x69, 0x6d, 0x61, 0x74, 0x65, 0x3b, 0x0a,
	0x20, 0x20, 0x20, 0x20, 0x76, 0x65, 0x63, 0x34, 0x20, 0x73, 0x75, 0x72,
	0x66, 0x61, 0x63, 0x65, 0x43, 0x6c, 0x69, 0x6d, 0x61, 0x74, 0x65, 0x3b,
	0x0a, 0x20, 0x20, 0x20, 0x20, 0x76, 0x65, 0x63, 0x34, 0x20, 0x73, 0x75,
	0x6e, 0x3b, 0x0a, 0x20, 0x20, 0x20, 0x20, 0x76, 0x65, 0x63, 0x34, 0x20,
	0x6d, 0x6f, 0x6f, 0x6e, 0x3b, 0x0a, 0x20, 0x20, 0x20, 0x20, 0x76, 0x65,
	0x63, 0x34, 0x20, 0x61, 0x6d, 0x62, 0x69, 0x65, 0x6e, 0x74, 0x43, 0x6c,
	0x6f, 0x75, 0x64, 0x3b, 0x0a, 0x20, 0x20, 0x20, 0x20, 0x76, 0x65, 0x63,
	0x34, 0x20, 0x63, 0x6c, 0x6f, 0x75, 0x64, 0x4d, 0x65, 0x64, 0x69, 0x61,
	0x3b, 0x0a, 0x20, 0x20, 0x20, 0x20, 0x76, 0x65, 0x63, 0x34, 0x20, 0x65,
	0x66, 0x66, 0x65, 0x63, 0x74, 0x4d, 0x65, 0x74, 0x61, 0x3b, 0x0a, 0x20,
	0x20, 0x20, 0x20, 0x76, 0x65, 0x63, 0x34, 0x20, 0x65, 0x66, 0x66, 0x65,
	0x63, 0x74, 0x57, 0x6f, 0x72, 0x6b, 0x6c, 0x6f, 0x61, 0x64, 0x73, 0x5b,
	0x34, 0x38, 0x5d, 0x3b, 0x0a, 0x20, 0x20, 0x20, 0x20, 0x76, 0x65, 0x63,
	0x34, 0x20, 0x72, 0x65, 0x6e, 0x64, 0x65, 0x72, 0x50, 0x61, 0x72, 0x61,
	0x6d, 0x73, 0x3b, 0x0a, 0x7d, 0x20, 0x5f, 0x37, 0x37, 0x3b, 0x0a, 0x0a,
	0x6c, 0x61, 0x79, 0x6f, 0x75, 0x74, 0x28, 0x62, 0x69, 0x6e, 0x64, 0x69,
	0x6e, 0x67, 0x20, 0x3d, 0x20, 0x31, 0x2c, 0x20, 0x73, 0x74, 0x64, 0x34,
	0x33, 0x30, 0x29, 0x20, 0x77, 0x72, 0x69, 0x74, 0x65, 0x6f, 0x6e, 0x6c,
	0x79, 0x20, 0x62, 0x75, 0x66, 0x66, 0x65, 0x72, 0x20, 0x57, 0x72, 0x69,
	0x74, 0x65, 0x50, 0x6f, 0x6f, 0x6c, 0x0a, 0x7b, 0x0a, 0x20, 0x20, 0x20,
	0x20, 0x41, 0x74, 0x6d, 0x50, 0x61, 0x72, 0x74, 0x69, 0x63, 0x6c, 0x65,
	0x20, 0x77, 0x72, 0x69, 0x74, 0x65, 0x50, 0x61, 0x72, 0x74, 0x69, 0x63,
	0x6c, 0x65, 0x73, 0x5b, 0x5d, 0x3b, 0x0a, 0x7d, 0x20, 0x5f, 0x33, 0x37,
	0x38, 0x3b, 0x0a, 0x0a, 0x6c, 0x61, 0x79, 0x6f, 0x75, 0x74, 0x28, 0x62,
	0x69, 0x6e, 0x64, 0x69, 0x6e, 0x67, 0x20, 0x3d, 0x20, 0x30, 0x2c, 0x20,
	0x73, 0x74, 0x64, 0x34, 0x33, 0x30, 0x29, 0x20, 0x72, 0x65, 0x61, 0x64,
	0x6f, 0x6e, 0x6c, 0x79, 0x20, 0x62, 0x75, 0x66, 0x66, 0x65, 0x72, 0x20,
	0x52, 0x65, 0x61, 0x64, 0x50, 0x6f, 0x6f, 0x6c, 0x0a, 0x7b, 0x0a, 0x20,
	0x20, 0x20, 0x20, 0x41, 0x74, 0x6d, 0x50, 0x61, 0x72, 0x74, 0x69, 0x63,
	0x6c, 0x65, 0x20, 0x72, 0x65, 0x61, 0x64, 0x50, 0x61, 0x72, 0x74, 0x69,
	0x63, 0x6c, 0x65, 0x73, 0x5b, 0x5d, 0x3b, 0x0a, 0x7d, 0x20, 0x5f, 0x34,
	0x34, 0x32, 0x3b, 0x0a, 0x0a, 0x6c, 0x61, 0x79, 0x6f, 0x75, 0x74, 0x28,
	0x62, 0x69, 0x6e, 0x64, 0x69, 0x6e, 0x67, 0x20, 0x3d, 0x20, 0x30, 0x29,
	0x20, 0x75, 0x6e, 0x69, 0x66, 0x6f, 0x72, 0x6d, 0x20, 0x73, 0x61, 0x6d,
	0x70, 0x6c, 0x65, 0x72, 0x32, 0x44, 0x20, 0x68, 0x65, 0x69, 0x67, 0x68,
	0x74, 0x67, 0x72, 0x69, 0x64, 0x3b, 0x0a, 0x0a, 0x75, 0x69, 0x6e, 0x74,
	0x20, 0x65, 0x66, 0x66, 0x65, 0x63, 0x74, 0x46, 0x6f, 0x72, 0x49, 0x6e,
	0x64, 0x65, 0x78, 0x28, 0x75, 0x69, 0x6e, 0x74, 0x20, 0x69, 0x64, 0x78,
	0x29, 0x0a, 0x7b, 0x0a, 0x20, 0x20, 0x20, 0x20, 0x75, 0x69, 0x6e, 0x74,
	0x20, 0x63, 0x6f, 0x75, 0x6e, 0x74, 0x20, 0x3d, 0x20, 0x6d, 0x69, 0x6e,
	0x28, 0x75, 0x69, 0x6e, 0x74, 0x28, 0x5f, 0x37, 0x37, 0x2e, 0x65, 0x66,
	0x66, 0x65, 0x63, 0x74, 0x4d, 0x65, 0x74, 0x61, 0x2e, 0x79, 0x29, 0x2c,
	0x20, 0x38, 0x75, 0x29, 0x3b, 0x0a, 0x20, 0x20, 0x20, 0x20, 0x66, 0x6f,
	0x72, 0x20, 0x28, 0x75, 0x69, 0x6e, 0x74, 0x20, 0x65, 0x66, 0x66, 0x65,
	0x63, 0x74, 0x20, 0x3d, 0x20, 0x30, 0x75, 0x3b, 0x20, 0x65, 0x66, 0x66,
	0x65, 0x63, 0x74, 0x20, 0x3c, 0x20, 0x63, 0x6f, 0x75, 0x6e, 0x74, 0x3b,
	0x20, 0x65, 0x66, 0x66, 0x65, 0x63, 0x74, 0x2b, 0x2b, 0x29, 0x0a, 0x20,
	0x20, 0x20, 0x20, 0x7b, 0x0a, 0x20, 0x20, 0x20, 0x20, 0x20, 0x20, 0x20,
	0x20, 0x75, 0x69, 0x6e, 0x74, 0x20, 0x62, 0x61, 0x73, 0x65, 0x20, 0x3d,
	0x20, 0x65, 0x66, 0x66, 0x65, 0x63, 0x74, 0x20, 0x2a, 0x20, 0x36, 0x75,
	0x3b, 0x0a, 0x20, 0x20, 0x20, 0x20, 0x20, 0x20, 0x20, 0x20, 0x62, 0x6f,
	0x6f, 0x6c, 0x20, 0x5f, 0x33, 0x32, 0x30, 0x20, 0x3d, 0x20, 0x66, 0x6c,
	0x6f, 0x61, 0x74, 0x28, 0x69, 0x64, 0x78, 0x29, 0x20, 0x3e, 0x3d, 0x20,
	0x5f, 0x37, 0x37, 0x2e, 0x65, 0x66, 0x66, 0x65, 0x63, 0x74, 0x57, 0x6f,
	0x72, 0x6b, 0x6c, 0x6f, 0x61, 0x64, 0x73, 0x5b, 0x62, 0x61, 0x73, 0x65,
	0x20, 0x2b, 0x20, 0x34, 0x75, 0x5d, 0x2e, 0x78, 0x3b, 0x0a, 0x20, 0x20,
	0x20, 0x20, 0x20, 0x20, 0x20, 0x20, 0x62, 0x6f, 0x6f, 0x6c, 0x20, 0x5f,
	0x33, 0x33, 0x30, 0x3b, 0x0a, 0x20, 0x20, 0x20, 0x20, 0x20, 0x20, 0x20,
	0x20, 0x69, 0x66, 0x20, 0x28, 0x5f, 0x33, 0x32, 0x30, 0x29, 0x0a, 0x20,
	0x20, 0x20, 0x20, 0x20, 0x20, 0x20, 0x20, 0x7b, 0x0a, 0x20, 0x20, 0x20,
	0x20, 0x20, 0x20, 0x20, 0x20, 0x20, 0x20, 0x20, 0x20, 0x5f, 0x33, 0x33,
	0x30, 0x20, 0x3d, 0x20, 0x66, 0x6c, 0x6f, 0x61, 0x74, 0x28, 0x69, 0x64,
	0x78, 0x29, 0x20, 0x3c, 0x20, 0x5f, 0x37, 0x37, 0x2e, 0x65, 0x66, 0x66,
	0x65, 0x63, 0x74, 0x57, 0x6f, 0x72, 0x6b, 0x6c, 0x6f, 0x61, 0x64, 0x73,
	0x5b, 0x62, 0x61, 0x73, 0x65, 0x20, 0x2b, 0x20, 0x34, 0x75, 0x5d, 0x2e,
	0x79, 0x3b, 0x0a, 0x20, 0x20, 0x20, 0x20, 0x20, 0x20, 0x20, 0x20, 0x7d,
	0x0a, 0x20, 0x20, 0x20, 0x20, 0x20, 0x20, 0x20, 0x20, 0x65, 0x6c, 0x73,
	0x65, 0x0a, 0x20, 0x20, 0x20, 0x20, 0x20, 0x20, 0x20, 0x20, 0x7b, 0x0a,
	0x20, 0x20, 0x20, 0x20, 0x20, 0x20, 0x20, 0x20, 0x20, 0x20, 0x20, 0x20,
	0x5f, 0x33, 0x33, 0x30, 0x20, 0x3d, 0x20, 0x5f, 0x33, 0x32, 0x30, 0x3b,
	0x0a, 0x20, 0x20, 0x20, 0x20, 0x20, 0x20, 0x20, 0x20, 0x7d, 0x0a, 0x20,
	0x20, 0x20, 0x20, 0x20, 0x20, 0x20, 0x20, 0x69, 0x66, 0x20, 0x28, 0x5f,
	0x33, 0x33, 0x30, 0x29, 0x0a, 0x20, 0x20, 0x20, 0x20, 0x20, 0x20, 0x20,
	0x20, 0x7b, 0x0a, 0x20, 0x20, 0x20, 0x20, 0x20, 0x20, 0x20, 0x20, 0x20,
	0x20, 0x20, 0x20, 0x72, 0x65, 0x74, 0x75, 0x72, 0x6e, 0x20, 0x65, 0x66,
	0x66, 0x65, 0x63, 0x74, 0x3b, 0x0a, 0x20, 0x20, 0x20, 0x20, 0x20, 0x20,
	0x20, 0x20, 0x7d, 0x0a, 0x20, 0x20, 0x20, 0x20, 0x7d, 0x0a, 0x20, 0x20,
	0x20, 0x20, 0x72, 0x65, 0x74, 0x75, 0x72, 0x6e, 0x20, 0x34, 0x32, 0x39,
	0x34, 0x39, 0x36, 0x37, 0x32, 0x39, 0x35, 0x75, 0x3b, 0x0a, 0x7d, 0x0a,
	0x0a, 0x41, 0x74, 0x6d, 0x50, 0x61, 0x72, 0x74, 0x69, 0x63, 0x6c, 0x65,
	0x20, 0x64, 0x65, 0x61, 0x64, 0x50, 0x61, 0x72, 0x74, 0x69, 0x63, 0x6c,
	0x65, 0x28, 0x29, 0x0a, 0x7b, 0x0a, 0x20, 0x20, 0x20, 0x20, 0x41, 0x74,
	0x6d, 0x50, 0x61, 0x72, 0x74, 0x69, 0x63, 0x6c, 0x65, 0x20, 0x70, 0x3b,
	0x0a, 0x20, 0x20, 0x20, 0x20, 0x70, 0x2e, 0x70, 0x6f, 0x73, 0x20, 0x3d,
	0x20, 0x76, 0x65, 0x63, 0x33, 0x28, 0x30, 0x2e, 0x30, 0x29, 0x3b, 0x0a,
	0x20, 0x20, 0x20, 0x20, 0x70, 0x2e, 0x73, 0x65, 0x65, 0x64, 0x20, 0x3d,
	0x20, 0x30, 0x2e, 0x30, 0x3b, 0x0a, 0x20, 0x20, 0x20, 0x20, 0x70, 0x2e,
	0x76, 0x65, 0x6c, 0x20, 0x3d, 0x20, 0x76, 0x65, 0x63, 0x33, 0x28, 0x30,
	0x2e, 0x30, 0x29, 0x3b, 0x0a, 0x20, 0x20, 0x20, 0x20, 0x70, 0x2e, 0x66,
	0x6c, 0x61, 0x67, 0x73, 0x20, 0x3d, 0x20, 0x30, 0x2e, 0x30, 0x3b, 0x0a,
	0x20, 0x20, 0x20, 0x20, 0x72, 0x65, 0x74, 0x75, 0x72, 0x6e, 0x20, 0x70,
	0x3b, 0x0a, 0x7d, 0x0a, 0x0a, 0x66, 0x6c, 0x6f, 0x61, 0x74, 0x20, 0x68,
	0x61, 0x73, 0x68, 0x31, 0x31, 0x28, 0x69, 0x6e, 0x6f, 0x75, 0x74, 0x20,
	0x75, 0x69, 0x6e, 0x74, 0x20, 0x78, 0x29, 0x0a, 0x7b, 0x0a, 0x20, 0x20,
	0x20, 0x20, 0x78, 0x20, 0x5e, 0x3d, 0x20, 0x28, 0x78, 0x20, 0x3e, 0x3e,
	0x20, 0x75, 0x69, 0x6e, 0x74, 0x28, 0x31, 0x36, 0x29, 0x29, 0x3b, 0x0a,
	0x20, 0x20, 0x20, 0x20, 0x78, 0x20, 0x2a, 0x3d, 0x20, 0x32, 0x31, 0x34,
	0x36, 0x31, 0x32, 0x31, 0x30, 0x30, 0x35, 0x75, 0x3b, 0x0a, 0x20, 0x20,
	0x20, 0x20, 0x78, 0x20, 0x5e, 0x3d, 0x20, 0x28, 0x78, 0x20, 0x3e, 0x3e,
	0x20, 0x75, 0x69, 0x6e, 0x74, 0x28, 0x31, 0x35, 0x29, 0x29, 0x3b, 0x0a,
	0x20, 0x20, 0x20, 0x20, 0x78, 0x20, 0x2a, 0x3d, 0x20, 0x32, 0x32, 0x32,
	0x31, 0x37, 0x31, 0x33, 0x30, 0x33, 0x35, 0x75, 0x3b, 0x0a, 0x20, 0x20,
	0x20, 0x20, 0x78, 0x20, 0x5e, 0x3d, 0x20, 0x28, 0x78, 0x20, 0x3e, 0x3e,
	0x20, 0x75, 0x69, 0x6e, 0x74, 0x28, 0x31, 0x36, 0x29, 0x29, 0x3b, 0x0a,
	0x20, 0x20, 0x20, 0x20, 0x72, 0x65, 0x74, 0x75, 0x72, 0x6e, 0x20, 0x66,
	0x6c, 0x6f, 0x61, 0x74, 0x28, 0x78, 0x29, 0x20, 0x2a, 0x20, 0x32, 0x2e,
	0x33, 0x32, 0x38, 0x33, 0x30, 0x36, 0x34, 0x33, 0x36, 0x35, 0x33, 0x38,
	0x36, 0x39, 0x36, 0x32, 0x38, 0x39, 0x30, 0x36, 0x32, 0x35, 0x65, 0x2d,
	0x31, 0x30, 0x3b, 0x0a, 0x7d, 0x0a, 0x0a, 0x66, 0x6c, 0x6f, 0x61, 0x74,
	0x20, 0x70, 0x72, 0x65, 0x63, 0x69, 0x70, 0x69, 0x74, 0x61, 0x74, 0x69,
	0x6f, 0x6e, 0x43, 0x6f, 0x76, 0x65, 0x72, 0x61, 0x67, 0x65, 0x28, 0x75,
	0x69, 0x6e, 0x74, 0x20, 0x69, 0x64, 0x78, 0x29, 0x0a, 0x7b, 0x0a, 0x20,
	0x20, 0x20, 0x20, 0x66, 0x6c, 0x6f, 0x61, 0x74, 0x20, 0x61, 0x75, 0x74,
	0x68, 0x6f, 0x72, 0x65, 0x64, 0x20, 0x3d, 0x20, 0x28, 0x28, 0x28, 0x5f,
	0x37, 0x37, 0x2e, 0x70, 0x72, 0x65, 0x63, 0x69, 0x70, 0x69, 0x74, 0x61,
	0x74, 0x69, 0x6f, 0x6e, 0x2e, 0x78, 0x20, 0x2b, 0x20, 0x5f, 0x37, 0x37,
	0x2e, 0x70, 0x72, 0x65, 0x63, 0x69, 0x70, 0x69, 0x74, 0x61, 0x74, 0x69,
	0x6f, 0x6e, 0x2e, 0x79, 0x29, 0x20, 0x2b, 0x20, 0x5f, 0x37, 0x37, 0x2e,
	0x70, 0x72, 0x65, 0x63, 0x69, 0x70, 0x69, 0x74, 0x61, 0x74, 0x69, 0x6f,
	0x6e, 0x2e, 0x7a, 0x29, 0x20, 0x2b, 0x20, 0x5f, 0x37, 0x37, 0x2e, 0x70,
	0x72, 0x65, 0x63, 0x69, 0x70, 0x69, 0x74, 0x61, 0x74, 0x69, 0x6f, 0x6e,
	0x2e, 0x77, 0x29, 0x20, 0x2b, 0x20, 0x5f, 0x37, 0x37, 0x2e, 0x64, 0x75,
	0x73, 0x74, 0x41, 0x73, 0x68, 0x3b, 0x0a, 0x20, 0x20, 0x20, 0x20, 0x66,
	0x6c, 0x6f, 0x61, 0x74, 0x20, 0x5f, 0x32, 0x31, 0x33, 0x3b, 0x0a, 0x20,
	0x20, 0x20, 0x20, 0x69, 0x66, 0x20, 0x28, 0x61, 0x75, 0x74, 0x68, 0x6f,
	0x72, 0x65, 0x64, 0x20, 0x3e, 0x20, 0x30, 0x2e, 0x30, 0x29, 0x0a, 0x20,
	0x20, 0x20, 0x20, 0x7b, 0x0a, 0x20, 0x20, 0x20, 0x20, 0x20, 0x20, 0x20,
	0x20, 0x5f, 0x32, 0x31, 0x33, 0x20, 0x3d, 0x20, 0x63, 0x6c, 0x61, 0x6d,
	0x70, 0x28, 0x61, 0x75, 0x74, 0x68, 0x6f, 0x72, 0x65, 0x64, 0x2c, 0x20,
	0x30, 0x2e, 0x30, 0x2c, 0x20, 0x31, 0x2e, 0x30, 0x29, 0x3b, 0x0a, 0x20,
	0x20, 0x20, 0x20, 0x7d, 0x0a, 0x20, 0x20, 0x20, 0x20, 0x65, 0x6c, 0x73,
	0x65, 0x0a, 0x20, 0x20, 0x20, 0x20, 0x7b, 0x0a, 0x20, 0x20, 0x20, 0x20,
	0x20, 0x20, 0x20, 0x20, 0x5f, 0x32, 0x31, 0x33, 0x20, 0x3d, 0x20, 0x31,
	0x2e, 0x30, 0x3b, 0x0a, 0x20, 0x20, 0x20, 0x20, 0x7d, 0x0a, 0x20, 0x20,
	0x20, 0x20, 0x66, 0x6c, 0x6f, 0x61, 0x74, 0x20, 0x69, 0x6e, 0x74, 0x65,
	0x6e, 0x73, 0x69, 0x74, 0x79, 0x20, 0x3d, 0x20, 0x5f, 0x32, 0x31, 0x33,
	0x3b, 0x0a, 0x20, 0x20, 0x20, 0x20, 0x66, 0x6c, 0x6f, 0x61, 0x74, 0x20,
	0x63, 0x6f, 0x76, 0x65, 0x72, 0x61, 0x67, 0x65, 0x20, 0x3d, 0x20, 0x69,
	0x6e, 0x74, 0x65, 0x6e, 0x73, 0x69, 0x74, 0x79, 0x20, 0x2a, 0x20, 0x63,
	0x6c, 0x61, 0x6d, 0x70, 0x28, 0x5f, 0x37, 0x37, 0x2e, 0x69, 0x6e, 0x64,
	0x6f, 0x6f, 0x72, 0x45, 0x78, 0x70, 0x6f, 0x73, 0x75, 0x72, 0x65, 0x2c,
	0x20, 0x30, 0x2e, 0x30, 0x2c, 0x20, 0x31, 0x2e, 0x30, 0x29, 0x3b, 0x0a,
	0x20, 0x20, 0x20, 0x20, 0x75, 0x69, 0x6e, 0x74, 0x20, 0x70, 0x61, 0x72,
	0x61, 0x6d, 0x20, 0x3d, 0x20, 0x28, 0x69, 0x64, 0x78, 0x20, 0x2a, 0x20,
	0x31, 0x35, 0x39, 0x37, 0x33, 0x33, 0x34, 0x36, 0x37, 0x37, 0x75, 0x29,
	0x20, 0x2b, 0x20, 0x28, 0x5f, 0x37, 0x37, 0x2e, 0x63, 0x6c, 0x69, 0x6d,
	0x61, 0x74, 0x65, 0x53, 0x65, 0x65, 0x64, 0x20, 0x2a, 0x20, 0x33, 0x38,
	0x31, 0x32, 0x30, 0x31, 0x35, 0x38, 0x30, 0x31, 0x75, 0x29, 0x3b, 0x0a,
	0x20, 0x20, 0x20, 0x20, 0x66, 0x6c, 0x6f, 0x61, 0x74, 0x20, 0x5f, 0x32,
	0x33, 0x38, 0x20, 0x3d, 0x20, 0x68, 0x61, 0x73, 0x68, 0x31, 0x31, 0x28,
	0x70, 0x61, 0x72, 0x61, 0x6d, 0x29, 0x3b, 0x0a, 0x20, 0x20, 0x20, 0x20,
	0x66, 0x6c, 0x6f, 0x61, 0x74, 0x20, 0x73, 0x6c, 0x6f, 0x74, 0x20, 0x3d,
	0x20, 0x5f, 0x32, 0x33, 0x38, 0x3b, 0x0a, 0x20, 0x20, 0x20, 0x20, 0x72,
	0x65, 0x74, 0x75, 0x72, 0x6e, 0x20, 0x28, 0x73, 0x6c, 0x6f, 0x74, 0x20,
	0x3c, 0x3d, 0x20, 0x63, 0x6f, 0x76, 0x65, 0x72, 0x61, 0x67, 0x65, 0x29,
	0x20, 0x3f, 0x20, 0x63, 0x6f, 0x76, 0x65, 0x72, 0x61, 0x67, 0x65, 0x20,
	0x3a, 0x20, 0x30, 0x2e, 0x30, 0x3b, 0x0a, 0x7d, 0x0a, 0x0a, 0x66, 0x6c,
	0x6f, 0x61, 0x74, 0x20, 0x72, 0x61, 0x6e, 0x64, 0x30, 0x31, 0x28, 0x75,
	0x69, 0x6e, 0x74, 0x20, 0x69, 0x64, 0x78, 0x2c, 0x20, 0x75, 0x69, 0x6e,
	0x74, 0x20, 0x73, 0x61, 0x6c, 0x74, 0x2c, 0x20, 0x66, 0x6c, 0x6f, 0x61,
	0x74, 0x20, 0x73, 0x65, 0x65, 0x64, 0x29, 0x0a, 0x7b, 0x0a, 0x20, 0x20,
	0x20, 0x20, 0x75, 0x69, 0x6e, 0x74, 0x20, 0x74, 0x20, 0x3d, 0x20, 0x28,
	0x75, 0x69, 0x6e, 0x74, 0x28, 0x5f, 0x37, 0x37, 0x2e, 0x74, 0x69, 0x6d,
	0x65, 0x20, 0x2a, 0x20, 0x31, 0x30, 0x30, 0x30, 0x2e, 0x30, 0x29, 0x20,
	0x2b, 0x20, 0x75, 0x69, 0x6e, 0x74, 0x28, 0x73, 0x65, 0x65, 0x64, 0x20,
	0x2a, 0x20, 0x34, 0x30, 0x39, 0x36, 0x2e, 0x30, 0x29, 0x29, 0x20, 0x2b,
	0x20, 0x28, 0x5f, 0x37, 0x37, 0x2e, 0x63, 0x6c, 0x69, 0x6d, 0x61, 0x74,
	0x65, 0x53, 0x65, 0x65, 0x64, 0x20, 0x2a, 0x20, 0x32, 0x32, 0x34, 0x36,
	0x38, 0x32, 0x32, 0x35, 0x31, 0x39, 0x75, 0x29, 0x3b, 0x0a, 0x20, 0x20,
	0x20, 0x20, 0x75, 0x69, 0x6e, 0x74, 0x20, 0x70, 0x61, 0x72, 0x61, 0x6d,
	0x20, 0x3d, 0x20, 0x28, 0x28, 0x69, 0x64, 0x78, 0x20, 0x2a, 0x20, 0x37,
	0x34, 0x37, 0x37, 0x39, 0x36, 0x34, 0x30, 0x35, 0x75, 0x29, 0x20, 0x2b,
	0x20, 0x28, 0x73, 0x61, 0x6c, 0x74, 0x20, 0x2a, 0x20, 0x32, 0x38, 0x39,
	0x31, 0x33, 0x33, 0x36, 0x34, 0x35, 0x33, 0x75, 0x29, 0x29, 0x20, 0x2b,
	0x20, 0x74, 0x3b, 0x0a, 0x20, 0x20, 0x20, 0x20, 0x66, 0x6c, 0x6f, 0x61,
	0x74, 0x20, 0x5f, 0x31, 0x30, 0x37, 0x20, 0x3d, 0x20, 0x68, 0x61, 0x73,
	0x68, 0x31, 0x31, 0x28, 0x70, 0x61, 0x72, 0x61, 0x6d, 0x29, 0x3b, 0x0a,
	0x20, 0x20, 0x20, 0x20, 0x72, 0x65, 0x74, 0x75, 0x72, 0x6e, 0x20, 0x5f,
	0x31, 0x30, 0x37, 0x3b, 0x0a, 0x7d, 0x0a, 0x0a, 0x66, 0x6c, 0x6f, 0x61,
	0x74, 0x20, 0x67, 0x72, 0x6f, 0x75, 0x6e, 0x64, 0x48, 0x65, 0x69, 0x67,
	0x68, 0x74, 0x41, 0x74, 0x28, 0x76, 0x65, 0x63, 0x32, 0x20, 0x77, 0x6f,
	0x72, 0x6c, 0x64, 0x58, 0x59, 0x29, 0x0a, 0x7b, 0x0a, 0x20, 0x20, 0x20,
	0x20, 0x76, 0x65, 0x63, 0x32, 0x20, 0x63, 0x65, 0x6c, 0x6c, 0x20, 0x3d,
	0x20, 0x28, 0x77, 0x6f, 0x72, 0x6c, 0x64, 0x58, 0x59, 0x20, 0x2d, 0x20,
	0x5f, 0x37, 0x37, 0x2e, 0x77, 0x6f, 0x72, 0x6c, 0x64, 0x4d, 0x69, 0x6e,
	0x73, 0x29, 0x20, 0x2a, 0x20, 0x5f, 0x37, 0x37, 0x2e, 0x69, 0x6e, 0x76,
	0x47, 0x72, 0x69, 0x64, 0x53, 0x74, 0x65, 0x70, 0x3b, 0x0a, 0x20, 0x20,
	0x20, 0x20, 0x76, 0x65, 0x63, 0x32, 0x20, 0x75, 0x76, 0x20, 0x3d, 0x20,
	0x28, 0x63, 0x65, 0x6c, 0x6c, 0x20, 0x2b, 0x20, 0x76, 0x65, 0x63, 0x32,
	0x28, 0x30, 0x2e, 0x35, 0x29, 0x29, 0x20, 0x2f, 0x20, 0x76, 0x65, 0x63,
	0x32, 0x28, 0x66, 0x6c, 0x6f, 0x61, 0x74, 0x28, 0x5f, 0x37, 0x37, 0x2e,
	0x67, 0x72, 0x69, 0x64, 0x53, 0x69, 0x7a, 0x65, 0x29, 0x29, 0x3b, 0x0a,
	0x20, 0x20, 0x20, 0x20, 0x72, 0x65, 0x74, 0x75, 0x72, 0x6e, 0x20, 0x74,
	0x65, 0x78, 0x74, 0x75, 0x72, 0x65, 0x4c, 0x6f, 0x64, 0x28, 0x68, 0x65,
	0x69, 0x67, 0x68, 0x74, 0x67, 0x72, 0x69, 0x64, 0x2c, 0x20, 0x75, 0x76,
	0x2c, 0x20, 0x30, 0x2e, 0x30, 0x29, 0x2e, 0x78, 0x3b, 0x0a, 0x7d, 0x0a,
	0x0a, 0x75, 0x69, 0x6e, 0x74, 0x20, 0x63, 0x68, 0x6f, 0x6f, 0x73, 0x65,
	0x46, 0x61, 0x6d, 0x69, 0x6c, 0x79, 0x28, 0x75, 0x69, 0x6e, 0x74, 0x20,
	0x69, 0x64, 0x78, 0x2c, 0x20, 0x66, 0x6c, 0x6f, 0x61, 0x74, 0x20, 0x73,
	0x65, 0x65, 0x64, 0x29, 0x0a, 0x7b, 0x0a, 0x20, 0x20, 0x20, 0x20, 0x66,
	0x6c, 0x6f, 0x61, 0x74, 0x20, 0x74, 0x6f, 0x74, 0x61, 0x6c, 0x20, 0x3d,
	0x20, 0x28, 0x28, 0x28, 0x5f, 0x37, 0x37, 0x2e, 0x70, 0x72, 0x65, 0x63,
	0x69, 0x70, 0x69, 0x74, 0x61, 0x74, 0x69, 0x6f, 0x6e, 0x2e, 0x78, 0x20,
	0x2b, 0x20, 0x5f, 0x37, 0x37, 0x2e, 0x70, 0x72, 0x65, 0x63, 0x69, 0x70,
	0x69, 0x74, 0x61, 0x74, 0x69, 0x6f, 0x6e, 0x2e, 0x79, 0x29, 0x20, 0x2b,
	0x20, 0x5f, 0x37, 0x37, 0x2e, 0x70, 0x72, 0x65, 0x63, 0x69, 0x70, 0x69,
	0x74, 0x61, 0x74, 0x69, 0x6f, 0x6e, 0x2e, 0x7a, 0x29, 0x20, 0x2b, 0x20,
	0x5f, 0x37, 0x37, 0x2e, 0x70, 0x72, 0x65, 0x63, 0x69, 0x70, 0x69, 0x74,
	0x61, 0x74, 0x69, 0x6f, 0x6e, 0x2e, 0x77, 0x29, 0x20, 0x2b, 0x20, 0x5f,
	0x37, 0x37, 0x2e, 0x64, 0x75, 0x73, 0x74, 0x41, 0x73, 0x68, 0x3b, 0x0a,
	0x20, 0x20, 0x20, 0x20, 0x69, 0x66, 0x20, 0x28, 0x74, 0x6f, 0x74, 0x61,
	0x6c, 0x20, 0x3c, 0x3d, 0x20, 0x30, 0x2e, 0x30, 0x29, 0x0a, 0x20, 0x20,
	0x20, 0x20, 0x7b, 0x0a, 0x20, 0x20, 0x20, 0x20, 0x20, 0x20, 0x20, 0x20,
	0x72, 0x65, 0x74, 0x75, 0x72, 0x6e, 0x20, 0x5f, 0x37, 0x37, 0x2e, 0x61,
	0x74, 0x6d, 0x54, 0x79, 0x70, 0x65, 0x3b, 0x0a, 0x20, 0x20, 0x20, 0x20,
	0x7d, 0x0a, 0x20, 0x20, 0x20, 0x20, 0x75, 0x69, 0x6e, 0x74, 0x20, 0x70,
	0x61, 0x72, 0x61, 0x6d, 0x20, 0x3d, 0x20, 0x69, 0x64, 0x78, 0x3b, 0x0a,
	0x20, 0x20, 0x20, 0x20, 0x75, 0x69, 0x6e, 0x74, 0x20, 0x70, 0x61, 0x72,
	0x61, 0x6d, 0x5f, 0x31, 0x20, 0x3d, 0x20, 0x36, 0x37, 0x75, 0x3b, 0x0a,
	0x20, 0x20, 0x20, 0x20, 0x66, 0x6c, 0x6f, 0x61, 0x74, 0x20, 0x70, 0x61,
	0x72, 0x61, 0x6d, 0x5f, 0x32, 0x20, 0x3d, 0x20, 0x73, 0x65, 0x65, 0x64,
	0x3b, 0x0a, 0x20, 0x20, 0x20, 0x20, 0x66, 0x6c, 0x6f, 0x61, 0x74, 0x20,
	0x70, 0x69, 0x63, 0x6b, 0x20, 0x3d, 0x20, 0x72, 0x61, 0x6e, 0x64, 0x30,
	0x31, 0x28, 0x70, 0x61, 0x72, 0x61, 0x6d, 0x2c, 0x20, 0x70, 0x61, 0x72,
	0x61, 0x6d, 0x5f, 0x31, 0x2c, 0x20, 0x70, 0x61, 0x72, 0x61, 0x6d, 0x5f,
	0x32, 0x29, 0x20, 0x2a, 0x20, 0x74, 0x6f, 0x74, 0x61, 0x6c, 0x3b, 0x0a,
	0x20, 0x20, 0x20, 0x20, 0x69, 0x66, 0x20, 0x28, 0x70, 0x69, 0x63, 0x6b,
	0x20, 0x3c, 0x3d, 0x20, 0x5f, 0x37, 0x37, 0x2e, 0x70, 0x72, 0x65, 0x63,
	0x69, 0x70, 0x69, 0x74, 0x61, 0x74, 0x69, 0x6f, 0x6e, 0x2e, 0x78, 0x29,
	0x0a, 0x20, 0x20, 0x20, 0x20, 0x7b, 0x0a, 0x20, 0x20, 0x20, 0x20, 0x20,
	0x20, 0x20, 0x20, 0x72, 0x65, 0x74, 0x75, 0x72, 0x6e, 0x20, 0x31, 0x75,
	0x3b, 0x0a, 0x20, 0x20, 0x20, 0x20, 0x7d, 0x0a, 0x20, 0x20, 0x20, 0x20,
	0x70, 0x69, 0x63, 0x6b, 0x20, 0x2d, 0x3d, 0x20, 0x5f, 0x37, 0x37, 0x2e,
	0x70, 0x72, 0x65, 0x63, 0x69, 0x70, 0x69, 0x74, 0x61, 0x74, 0x69, 0x6f,
	0x6e, 0x2e, 0x78, 0x3b, 0x0a, 0x20, 0x20, 0x20, 0x20, 0x69, 0x66, 0x20,
	0x28, 0x70, 0x69, 0x63, 0x6b, 0x20, 0x3c, 0x3d, 0x20, 0x5f, 0x37, 0x37,
	0x2e, 0x70, 0x72, 0x65, 0x63, 0x69, 0x70, 0x69, 0x74, 0x61, 0x74, 0x69,
	0x6f, 0x6e, 0x2e, 0x79, 0x29, 0x0a, 0x20, 0x20, 0x20, 0x20, 0x7b, 0x0a,
	0x20, 0x20, 0x20, 0x20, 0x20, 0x20, 0x20, 0x20, 0x72, 0x65, 0x74, 0x75,
	0x72, 0x6e, 0x20, 0x32, 0x75, 0x3b, 0x0a, 0x20, 0x20, 0x20, 0x20, 0x7d,
	0x0a, 0x20, 0x20, 0x20, 0x20, 0x70, 0x69, 0x63, 0x6b, 0x20, 0x2d, 0x3d,
	0x20, 0x5f, 0x37, 0x37, 0x2e, 0x70, 0x72, 0x65, 0x63, 0x69, 0x70, 0x69,
	0x74, 0x61, 0x74, 0x69, 0x6f, 0x6e, 0x2e, 0x79, 0x3b, 0x0a, 0x20, 0x20,
	0x20, 0x20, 0x69, 0x66, 0x20, 0x28, 0x70, 0x69, 0x63, 0x6b, 0x20, 0x3c,
	0x3d, 0x20, 0x5f, 0x37, 0x37, 0x2e, 0x70, 0x72, 0x65, 0x63, 0x69, 0x70,
	0x69, 0x74, 0x61, 0x74, 0x69, 0x6f, 0x6e, 0x2e, 0x7a, 0x29, 0x0a, 0x20,
	0x20, 0x20, 0x20, 0x7b, 0x0a, 0x20, 0x20, 0x20, 0x20, 0x20, 0x20, 0x20,
	0x20, 0x72, 0x65, 0x74, 0x75, 0x72, 0x6e, 0x20, 0x33, 0x75, 0x3b, 0x0a,
	0x20, 0x20, 0x20, 0x20, 0x7d, 0x0a, 0x20, 0x20, 0x20, 0x20, 0x70, 0x69,
	0x63, 0x6b, 0x20, 0x2d, 0x3d, 0x20, 0x5f, 0x37, 0x37, 0x2e, 0x70, 0x72,
	0x65, 0x63, 0x69, 0x70, 0x69, 0x74, 0x61, 0x74, 0x69, 0x6f, 0x6e, 0x2e,
	0x7a, 0x3b, 0x0a, 0x20, 0x20, 0x20, 0x20, 0x69, 0x66, 0x20, 0x28, 0x70,
	0x69, 0x63, 0x6b, 0x20, 0x3c, 0x3d, 0x20, 0x5f, 0x37, 0x37, 0x2e, 0x70,
	0x72, 0x65, 0x63, 0x69, 0x70, 0x69, 0x74, 0x61, 0x74, 0x69, 0x6f, 0x6e,
	0x2e, 0x77, 0x29, 0x0a, 0x20, 0x20, 0x20, 0x20, 0x7b, 0x0a, 0x20, 0x20,
	0x20, 0x20, 0x20, 0x20, 0x20, 0x20, 0x72, 0x65, 0x74, 0x75, 0x72, 0x6e,
	0x20, 0x34, 0x75, 0x3b, 0x0a, 0x20, 0x20, 0x20, 0x20, 0x7d, 0x0a, 0x20,
	0x20, 0x20, 0x20, 0x72, 0x65, 0x74, 0x75, 0x72, 0x6e, 0x20, 0x35, 0x75,
	0x3b, 0x0a, 0x7d, 0x0a, 0x0a, 0x76, 0x6f, 0x69, 0x64, 0x20, 0x6d, 0x61,
	0x69, 0x6e, 0x28, 0x29, 0x0a, 0x7b, 0x0a, 0x20, 0x20, 0x20, 0x20, 0x75,
	0x69, 0x6e, 0x74, 0x20, 0x69, 0x64, 0x78, 0x20, 0x3d, 0x20, 0x67, 0x6c,
	0x5f, 0x47, 0x6c, 0x6f, 0x62, 0x61, 0x6c, 0x49, 0x6e, 0x76, 0x6f, 0x63,
	0x61, 0x74, 0x69, 0x6f, 0x6e, 0x49, 0x44, 0x2e, 0x78, 0x3b, 0x0a, 0x20,
	0x20, 0x20, 0x20, 0x69, 0x66, 0x20, 0x28, 0x69, 0x64, 0x78, 0x20, 0x3e,
	0x3d, 0x20, 0x5f, 0x37, 0x37, 0x2e, 0x70, 0x6f, 0x6f, 0x6c, 0x53, 0x69,
	0x7a, 0x65, 0x29, 0x0a, 0x20, 0x20, 0x20, 0x20, 0x7b, 0x0a, 0x20, 0x20,
	0x20, 0x20, 0x20, 0x20, 0x20, 0x20, 0x72, 0x65, 0x74, 0x75, 0x72, 0x6e,
	0x3b, 0x0a, 0x20, 0x20, 0x20, 0x20, 0x7d, 0x0a, 0x20, 0x20, 0x20, 0x20,
	0x75, 0x69, 0x6e, 0x74, 0x20, 0x70, 0x72, 0x65, 0x63, 0x69, 0x70, 0x69,
	0x74, 0x61, 0x74, 0x69, 0x6f, 0x6e, 0x43, 0x6f, 0x75, 0x6e, 0x74, 0x20,
	0x3d, 0x20, 0x75, 0x69, 0x6e, 0x74, 0x28, 0x5f, 0x37, 0x37, 0x2e, 0x65,
	0x66, 0x66, 0x65, 0x63, 0x74, 0x4d, 0x65, 0x74, 0x61, 0x2e, 0x78, 0x29,
	0x3b, 0x0a, 0x20, 0x20, 0x20, 0x20, 0x62, 0x6f, 0x6f, 0x6c, 0x20, 0x73,
	0x65, 0x6d, 0x61, 0x6e, 0x74, 0x69, 0x63, 0x20, 0x3d, 0x20, 0x69, 0x64,
	0x78, 0x20, 0x3e, 0x3d, 0x20, 0x70, 0x72, 0x65, 0x63, 0x69, 0x70, 0x69,
	0x74, 0x61, 0x74, 0x69, 0x6f, 0x6e, 0x43, 0x6f, 0x75, 0x6e, 0x74, 0x3b,
	0x0a, 0x20, 0x20, 0x20, 0x20, 0x75, 0x69, 0x6e, 0x74, 0x20, 0x70, 0x61,
	0x72, 0x61, 0x6d, 0x20, 0x3d, 0x20, 0x69, 0x64, 0x78, 0x3b, 0x0a, 0x20,
	0x20, 0x20, 0x20, 0x75, 0x69, 0x6e, 0x74, 0x20, 0x65, 0x66, 0x66, 0x65,
	0x63, 0x74, 0x20, 0x3d, 0x20, 0x65, 0x66, 0x66, 0x65, 0x63, 0x74, 0x46,
	0x6f, 0x72, 0x49, 0x6e, 0x64, 0x65, 0x78, 0x28, 0x70, 0x61, 0x72, 0x61,
	0x6d, 0x29, 0x3b, 0x0a, 0x20, 0x20, 0x20, 0x20, 0x69, 0x66, 0x20, 0x28,
	0x73, 0x65, 0x6d, 0x61, 0x6e, 0x74, 0x69, 0x63, 0x20, 0x26, 0x26, 0x20,
	0x28, 0x65, 0x66, 0x66, 0x65, 0x63, 0x74, 0x20, 0x3d, 0x3d, 0x20, 0x34,
	0x32, 0x39, 0x34, 0x39, 0x36, 0x37, 0x32, 0x39, 0x35, 0x75, 0x29, 0x29,
	0x0a, 0x20, 0x20, 0x20, 0x20, 0x7b, 0x0a, 0x20, 0x20, 0x20, 0x20, 0x20,
	0x20, 0x20, 0x20, 0x41, 0x74, 0x6d, 0x50, 0x61, 0x72, 0x74, 0x69, 0x63,
	0x6c, 0x65, 0x20, 0x5f, 0x33, 0x38, 0x30, 0x20, 0x3d, 0x20, 0x64, 0x65,
	0x61, 0x64, 0x50, 0x61, 0x72, 0x74, 0x69, 0x63, 0x6c, 0x65, 0x28, 0x29,
	0x3b, 0x0a, 0x20, 0x20, 0x20, 0x20, 0x20, 0x20, 0x20, 0x20, 0x5f, 0x33,
	0x37, 0x38, 0x2e, 0x77, 0x72, 0x69, 0x74, 0x65, 0x50, 0x61, 0x72, 0x74,
	0x69, 0x63, 0x6c, 0x65, 0x73, 0x5b, 0x69, 0x64, 0x78, 0x5d, 0x2e, 0x70,
	0x6f, 0x73, 0x20, 0x3d, 0x20, 0x5f, 0x33, 0x38, 0x30, 0x2e, 0x70, 0x6f,
	0x73, 0x3b, 0x0a, 0x20, 0x20, 0x20, 0x20, 0x20, 0x20, 0x20, 0x20, 0x5f,
	0x33, 0x37, 0x38, 0x2e, 0x77, 0x72, 0x69, 0x74, 0x65, 0x50, 0x61, 0x72,
	0x74, 0x69, 0x63, 0x6c, 0x65, 0x73, 0x5b, 0x69, 0x64, 0x78, 0x5d, 0x2e,
	0x73, 0x65, 0x65, 0x64, 0x20, 0x3d, 0x20, 0x5f, 0x33, 0x38, 0x30, 0x2e,
	0x73, 0x65, 0x65, 0x64, 0x3b, 0x0a, 0x20, 0x20, 0x20, 0x20, 0x20, 0x20,
	0x20, 0x20, 0x5f, 0x33, 0x37, 0x38, 0x2e, 0x77, 0x72, 0x69, 0x74, 0x65,
	0x50, 0x61, 0x72, 0x74, 0x69, 0x63, 0x6c, 0x65, 0x73, 0x5b, 0x69, 0x64,
	0x78, 0x5d, 0x2e, 0x76, 0x65, 0x6c, 0x20, 0x3d, 0x20, 0x5f, 0x33, 0x38,
	0x30, 0x2e, 0x76, 0x65, 0x6c, 0x3b, 0x0a, 0x20, 0x20, 0x20, 0x20, 0x20,
	0x20, 0x20, 0x20, 0x5f, 0x33, 0x37, 0x38, 0x2e, 0x77, 0x72, 0x69, 0x74,
	0x65, 0x50, 0x61, 0x72, 0x74, 0x69, 0x63, 0x6c, 0x65, 0x73, 0x5b, 0x69,
	0x64, 0x78, 0x5d, 0x2e, 0x66, 0x6c, 0x61, 0x67, 0x73, 0x20, 0x3d, 0x20,
	0x5f, 0x33, 0x38, 0x30, 0x2e, 0x66, 0x6c, 0x61, 0x67, 0x73, 0x3b, 0x0a,
	0x20, 0x20, 0x20, 0x20, 0x20, 0x20, 0x20, 0x20, 0x72, 0x65, 0x74, 0x75,
	0x72, 0x6e, 0x3b, 0x0a, 0x20, 0x20, 0x20, 0x20, 0x7d, 0x0a, 0x20, 0x20,
	0x20, 0x20, 0x62, 0x6f, 0x6f, 0x6c, 0x20, 0x5f, 0x33, 0x39, 0x34, 0x20,
	0x3d, 0x20, 0x21, 0x73, 0x65, 0x6d, 0x61, 0x6e, 0x74, 0x69, 0x63, 0x3b,
	0x0a, 0x20, 0x20, 0x20, 0x20, 0x62, 0x6f, 0x6f, 0x6c, 0x20, 0x5f, 0x34,
	0x30, 0x30, 0x3b, 0x0a, 0x20, 0x20, 0x20, 0x20, 0x69, 0x66, 0x20, 0x28,
	0x5f, 0x33, 0x39, 0x34, 0x29, 0x0a, 0x20, 0x20, 0x20, 0x20, 0x7b, 0x0a,
	0x20, 0x20, 0x20, 0x20, 0x20, 0x20, 0x20, 0x20, 0x5f, 0x34, 0x30, 0x30,
	0x20, 0x3d, 0x20, 0x5f, 0x37, 0x37, 0x2e, 0x61, 0x74, 0x6d, 0x54, 0x79,
	0x70, 0x65, 0x20, 0x3d, 0x3d, 0x20, 0x30, 0x75, 0x3b, 0x0a, 0x20, 0x20,
	0x20, 0x20, 0x7d, 0x0a, 0x20, 0x20, 0x20, 0x20, 0x65, 0x6c, 0x73, 0x65,
	0x0a, 0x20, 0x20, 0x20, 0x20, 0x7b, 0x0a, 0x20, 0x20, 0x20, 0x20, 0x20,
	0x20, 0x20, 0x20, 0x5f, 0x34, 0x30, 0x30, 0x20, 0x3d, 0x20, 0x5f, 0x33,
	0x39, 0x34, 0x3b, 0x0a, 0x20, 0x20, 0x20, 0x20, 0x7d, 0x0a, 0x20, 0x20,
	0x20, 0x20, 0x69, 0x66, 0x20, 0x28, 0x5f, 0x34, 0x30, 0x30, 0x29, 0x0a,
	0x20, 0x20, 0x20, 0x20, 0x7b, 0x0a, 0x20, 0x20, 0x20, 0x20, 0x20, 0x20,
	0x20, 0x20, 0x41, 0x74, 0x6d, 0x50, 0x61, 0x72, 0x74, 0x69, 0x63, 0x6c,
	0x65, 0x20, 0x5f, 0x34, 0x30, 0x34, 0x20, 0x3d, 0x20, 0x64, 0x65, 0x61,
	0x64, 0x50, 0x61, 0x72, 0x74, 0x69, 0x63, 0x6c, 0x65, 0x28, 0x29, 0x3b,
	0x0a, 0x20, 0x20, 0x20, 0x20, 0x20, 0x20, 0x20, 0x20, 0x5f, 0x33, 0x37,
	0x38, 0x2e, 0x77, 0x72, 0x69, 0x74, 0x65, 0x50, 0x61, 0x72, 0x74, 0x69,
	0x63, 0x6c, 0x65, 0x73, 0x5b, 0x69, 0x64, 0x78, 0x5d, 0x2e, 0x70, 0x6f,
	0x73, 0x20, 0x3d, 0x20, 0x5f, 0x34, 0x30, 0x34, 0x2e, 0x70, 0x6f, 0x73,
	0x3b, 0x0a, 0x20, 0x20, 0x20, 0x20, 0x20, 0x20, 0x20, 0x20, 0x5f, 0x33,
	0x37, 0x38, 0x2e, 0x77, 0x72, 0x69, 0x74, 0x65, 0x50, 0x61, 0x72, 0x74,
	0x69, 0x63, 0x6c, 0x65, 0x73, 0x5b, 0x69, 0x64, 0x78, 0x5d, 0x2e, 0x73,
	0x65, 0x65, 0x64, 0x20, 0x3d, 0x20, 0x5f, 0x34, 0x30, 0x34, 0x2e, 0x73,
	0x65, 0x65, 0x64, 0x3b, 0x0a, 0x20, 0x20, 0x20, 0x20, 0x20, 0x20, 0x20,
	0x20, 0x5f, 0x33, 0x37, 0x38, 0x2e, 0x77, 0x72, 0x69, 0x74, 0x65, 0x50,
	0x61, 0x72, 0x74, 0x69, 0x63, 0x6c, 0x65, 0x73, 0x5b, 0x69, 0x64, 0x78,
	0x5d, 0x2e, 0x76, 0x65, 0x6c, 0x20, 0x3d, 0x20, 0x5f, 0x34, 0x30, 0x34,
	0x2e, 0x76, 0x65, 0x6c, 0x3b, 0x0a, 0x20, 0x20, 0x20, 0x20, 0x20, 0x20,
	0x20, 0x20, 0x5f, 0x33, 0x37, 0x38, 0x2e, 0x77, 0x72, 0x69, 0x74, 0x65,
	0x50, 0x61, 0x72, 0x74, 0x69, 0x63, 0x6c, 0x65, 0x73, 0x5b, 0x69, 0x64,
	0x78, 0x5d, 0x2e, 0x66, 0x6c, 0x61, 0x67, 0x73, 0x20, 0x3d, 0x20, 0x5f,
	0x34, 0x30, 0x34, 0x2e, 0x66, 0x6c, 0x61, 0x67, 0x73, 0x3b, 0x0a, 0x20,
	0x20, 0x20, 0x20, 0x20, 0x20, 0x20, 0x20, 0x72, 0x65, 0x74, 0x75, 0x72,
	0x6e, 0x3b, 0x0a, 0x20, 0x20, 0x20, 0x20, 0x7d, 0x0a, 0x20, 0x20, 0x20,
	0x20, 0x62, 0x6f, 0x6f, 0x6c, 0x20, 0x5f, 0x34, 0x31, 0x36, 0x20, 0x3d,
	0x20, 0x21, 0x73, 0x65, 0x6d, 0x61, 0x6e, 0x74, 0x69, 0x63, 0x3b, 0x0a,
	0x20, 0x20, 0x20, 0x20, 0x62, 0x6f, 0x6f, 0x6c, 0x20, 0x5f, 0x34, 0x32,
	0x33, 0x3b, 0x0a, 0x20, 0x20, 0x20, 0x20, 0x69, 0x66, 0x20, 0x28, 0x5f,
	0x34, 0x31, 0x36, 0x29, 0x0a, 0x20, 0x20, 0x20, 0x20, 0x7b, 0x0a, 0x20,
	0x20, 0x20, 0x20, 0x20, 0x20, 0x20, 0x20, 0x75, 0x69, 0x6e, 0x74, 0x20,
	0x70, 0x61, 0x72, 0x61, 0x6d, 0x5f, 0x31, 0x20, 0x3d, 0x20, 0x69, 0x64,
	0x78, 0x3b, 0x0a, 0x20, 0x20, 0x20, 0x20, 0x20, 0x20, 0x20, 0x20, 0x5f,
	0x34, 0x32, 0x33, 0x20, 0x3d, 0x20, 0x70, 0x72, 0x65, 0x63, 0x69, 0x70,
	0x69, 0x74, 0x61, 0x74, 0x69, 0x6f, 0x6e, 0x43, 0x6f, 0x76, 0x65, 0x72,
	0x61, 0x67, 0x65, 0x28, 0x70, 0x61, 0x72, 0x61, 0x6d, 0x5f, 0x31, 0x29,
	0x20, 0x3c, 0x3d, 0x20, 0x30, 0x2e, 0x30, 0x3b, 0x0a, 0x20, 0x20, 0x20,
	0x20, 0x7d, 0x0a, 0x20, 0x20, 0x20, 0x20, 0x65, 0x6c, 0x73, 0x65, 0x0a,
	0x20, 0x20, 0x20, 0x20, 0x7b, 0x0a, 0x20, 0x20, 0x20, 0x20, 0x20, 0x20,
	0x20, 0x20, 0x5f, 0x34, 0x32, 0x33, 0x20, 0x3d, 0x20, 0x5f, 0x34, 0x31,
	0x36, 0x3b, 0x0a, 0x20, 0x20, 0x20, 0x20, 0x7d, 0x0a, 0x20, 0x20, 0x20,
	0x20, 0x69, 0x66, 0x20, 0x28, 0x5f, 0x34, 0x32, 0x33, 0x29, 0x0a, 0x20,
	0x20, 0x20, 0x20, 0x7b, 0x0a, 0x20, 0x20, 0x20, 0x20, 0x20, 0x20, 0x20,
	0x20, 0x41, 0x74, 0x6d, 0x50, 0x61, 0x72, 0x74, 0x69, 0x63, 0x6c, 0x65,
	0x20, 0x5f, 0x34, 0x32, 0x37, 0x20, 0x3d, 0x20, 0x64, 0x65, 0x61, 0x64,
	0x50, 0x61, 0x72, 0x74, 0x69, 0x63, 0x6c, 0x65, 0x28, 0x29, 0x3b, 0x0a,
	0x20, 0x20, 0x20, 0x20, 0x20, 0x20, 0x20, 0x20, 0x5f, 0x33, 0x37, 0x38,
	0x2e, 0x77, 0x72, 0x69, 0x74, 0x65, 0x50, 0x61, 0x72, 0x74, 0x69, 0x63,
	0x6c, 0x65, 0x73, 0x5b, 0x69, 0x64, 0x78, 0x5d, 0x2e, 0x70, 0x6f, 0x73,
	0x20, 0x3d, 0x20, 0x5f, 0x34, 0x32, 0x37, 0x2e, 0x70, 0x6f, 0x73, 0x3b,
	0x0a, 0x20, 0x20, 0x20, 0x20, 0x20, 0x20, 0x20, 0x20, 0x5f, 0x33, 0x37,
	0x38, 0x2e, 0x77, 0x72, 0x69, 0x74, 0x65, 0x50, 0x61, 0x72, 0x74, 0x69,
	0x63, 0x6c, 0x65, 0x73, 0x5b, 0x69, 0x64, 0x78, 0x5d, 0x2e, 0x73, 0x65,
	0x65, 0x64, 0x20, 0x3d, 0x20, 0x5f, 0x34, 0x32, 0x37, 0x2e, 0x73, 0x65,
	0x65, 0x64, 0x3b, 0x0a, 0x20, 0x20, 0x20, 0x20, 0x20, 0x20, 0x20, 0x20,
	0x5f, 0x33, 0x37, 0x38, 0x2e, 0x77, 0x72, 0x69, 0x74, 0x65, 0x50, 0x61,
	0x72, 0x74, 0x69, 0x63, 0x6c, 0x65, 0x73, 0x5b, 0x69, 0x64, 0x78, 0x5d,
	0x2e, 0x76, 0x65, 0x6c, 0x20, 0x3d, 0x20, 0x5f, 0x34, 0x32, 0x37, 0x2e,
	0x76, 0x65, 0x6c, 0x3b, 0x0a, 0x20, 0x20, 0x20, 0x20, 0x20, 0x20, 0x20,
	0x20, 0x5f, 0x33, 0x37, 0x38, 0x2e, 0x77, 0x72, 0x69, 0x74, 0x65, 0x50,
	0x61, 0x72, 0x74, 0x69, 0x63, 0x6c, 0x65, 0x73, 0x5b, 0x69, 0x64, 0x78,
	0x5d, 0x2e, 0x66, 0x6c, 0x61, 0x67, 0x73, 0x20, 0x3d, 0x20, 0x5f, 0x34,
	0x32, 0x37, 0x2e, 0x66, 0x6c, 0x61, 0x67, 0x73, 0x3b, 0x0a, 0x20, 0x20,
	0x20, 0x20, 0x20, 0x20, 0x20, 0x20, 0x72, 0x65, 0x74, 0x75, 0x72, 0x6e,
	0x3b, 0x0a, 0x20, 0x20, 0x20, 0x20, 0x7d, 0x0a, 0x20, 0x20, 0x20, 0x20,
	0x41, 0x74, 0x6d, 0x50, 0x61, 0x72, 0x74, 0x69, 0x63, 0x6c, 0x65, 0x20,
	0x70, 0x3b, 0x0a, 0x20, 0x20, 0x20, 0x20, 0x70, 0x2e, 0x70, 0x6f, 0x73,
	0x20, 0x3d, 0x20, 0x5f, 0x34, 0x34, 0x32, 0x2e, 0x72, 0x65, 0x61, 0x64,
	0x50, 0x61, 0x72, 0x74, 0x69, 0x63, 0x6c, 0x65, 0x73, 0x5b, 0x69, 0x64,
	0x78, 0x5d, 0x2e, 0x70, 0x6f, 0x73, 0x3b, 0x0a, 0x20, 0x20, 0x20, 0x20,
	0x70, 0x2e, 0x73, 0x65, 0x65, 0x64, 0x20, 0x3d, 0x20, 0x5f, 0x34, 0x34,
	0x32, 0x2e, 0x72, 0x65, 0x61, 0x64, 0x50, 0x61, 0x72, 0x74, 0x69, 0x63,
	0x6c, 0x65, 0x73, 0x5b, 0x69, 0x64, 0x78, 0x5d, 0x2e, 0x73, 0x65, 0x65,
	0x64, 0x3b, 0x0a, 0x20, 0x20, 0x20, 0x20, 0x70, 0x2e, 0x76, 0x65, 0x6c,
	0x20, 0x3d, 0x20, 0x5f, 0x34, 0x34, 0x32, 0x2e, 0x72, 0x65, 0x61, 0x64,
	0x50, 0x61, 0x72, 0x74, 0x69, 0x63, 0x6c, 0x65, 0x73, 0x5b, 0x69, 0x64,
	0x78, 0x5d, 0x2e, 0x76, 0x65, 0x6c, 0x3b, 0x0a, 0x20, 0x20, 0x20, 0x20,
	0x70, 0x2e, 0x66, 0x6c, 0x61, 0x67, 0x73, 0x20, 0x3d, 0x20, 0x5f, 0x34,
	0x34, 0x32, 0x2e, 0x72, 0x65, 0x61, 0x64, 0x50, 0x61, 0x72, 0x74, 0x69,
	0x63, 0x6c, 0x65, 0x73, 0x5b, 0x69, 0x64, 0x78, 0x5d, 0x2e, 0x66, 0x6c,
	0x61, 0x67, 0x73, 0x3b, 0x0a, 0x20, 0x20, 0x20, 0x20, 0x69, 0x66, 0x20,
	0x28, 0x73, 0x65, 0x6d, 0x61, 0x6e, 0x74, 0x69, 0x63, 0x29, 0x0a, 0x20,
	0x20, 0x20, 0x20, 0x7b, 0x0a, 0x20, 0x20, 0x20, 0x20, 0x20, 0x20, 0x20,
	0x20, 0x75, 0x69, 0x6e, 0x74, 0x20, 0x62, 0x61, 0x73, 0x65, 0x20, 0x3d,
	0x20, 0x65, 0x66, 0x66, 0x65, 0x63, 0x74, 0x20, 0x2a, 0x20, 0x36, 0x75,
	0x3b, 0x0a, 0x20, 0x20, 0x20, 0x20, 0x20, 0x20, 0x20, 0x20, 0x75, 0x69,
	0x6e, 0x74, 0x20, 0x65, 0x78, 0x70, 0x65, 0x63, 0x74, 0x65, 0x64, 0x46,
	0x61, 0x6d, 0x69, 0x6c, 0x79, 0x20, 0x3d, 0x20, 0x31, 0x36, 0x75, 0x20,
	0x2b, 0x20, 0x65, 0x66, 0x66, 0x65, 0x63, 0x74, 0x3b, 0x0a, 0x20, 0x20,
	0x20, 0x20, 0x20, 0x20, 0x20, 0x20, 0x62, 0x6f, 0x6f, 0x6c, 0x20, 0x73,
	0x74, 0x61, 0x6c, 0x65, 0x20, 0x3d, 0x20, 0x75, 0x69, 0x6e, 0x74, 0x28,
	0x70, 0x2e, 0x66, 0x6c, 0x61, 0x67, 0x73, 0x20, 0x2b, 0x20, 0x30, 0x2e,
	0x35, 0x29, 0x20, 0x21, 0x3d, 0x20, 0x65, 0x78, 0x70, 0x65, 0x63, 0x74,
	0x65, 0x64, 0x46, 0x61, 0x6d, 0x69, 0x6c, 0x79, 0x3b, 0x0a, 0x20, 0x20,
	0x20, 0x20, 0x20, 0x20, 0x20, 0x20, 0x69, 0x66, 0x20, 0x28, 0x28, 0x70,
	0x2e, 0x66, 0x6c, 0x61, 0x67, 0x73, 0x20, 0x3c, 0x20, 0x30, 0x2e, 0x35,
	0x29, 0x20, 0x7c, 0x7c, 0x20, 0x73, 0x74, 0x61, 0x6c, 0x65, 0x29, 0x0a,
	0x20, 0x20, 0x20, 0x20, 0x20, 0x20, 0x20, 0x20, 0x7b, 0x0a, 0x20, 0x20,
	0x20, 0x20, 0x20, 0x20, 0x20, 0x20, 0x20, 0x20, 0x20, 0x20, 0x75, 0x69,
	0x6e, 0x74, 0x20, 0x73, 0x65, 0x6d, 0x61, 0x6e, 0x74, 0x69, 0x63, 0x53,
	0x65, 0x65, 0x64, 0x20, 0x3d, 0x20, 0x75, 0x69, 0x6e, 0x74, 0x28, 0x5f,
	0x37, 0x37, 0x2e, 0x65, 0x66, 0x66, 0x65, 0x63, 0x74, 0x57, 0x6f, 0x72,
	0x6b, 0x6c, 0x6f, 0x61, 0x64, 0x73, 0x5b, 0x62, 0x61, 0x73, 0x65, 0x20,
	0x2b, 0x20, 0x35, 0x75, 0x5d, 0x2e, 0x77, 0x29, 0x20, 0x2b, 0x20, 0x28,
	0x69, 0x64, 0x78, 0x20, 0x2a, 0x20, 0x31, 0x33, 0x75, 0x29, 0x3b, 0x0a,
	0x20, 0x20, 0x20, 0x20, 0x20, 0x20, 0x20, 0x20, 0x20, 0x20, 0x20, 0x20,
	0x75, 0x69, 0x6e, 0x74, 0x20, 0x70, 0x61, 0x72, 0x61, 0x6d, 0x5f, 0x32,
	0x20, 0x3d, 0x20, 0x73, 0x65, 0x6d, 0x61, 0x6e, 0x74, 0x69, 0x63, 0x53,
	0x65, 0x65, 0x64, 0x3b, 0x0a, 0x20, 0x20, 0x20, 0x20, 0x20, 0x20, 0x20,
	0x20, 0x20, 0x20, 0x20, 0x20, 0x66, 0x6c, 0x6f, 0x61, 0x74, 0x20, 0x5f,
	0x34, 0x39, 0x31, 0x20, 0x3d, 0x20, 0x68, 0x61, 0x73, 0x68, 0x31, 0x31,
	0x28, 0x70, 0x61, 0x72, 0x61, 0x6d, 0x5f, 0x32, 0x29, 0x3b, 0x0a, 0x20,
	0x20, 0x20, 0x20, 0x20, 0x20, 0x20, 0x20, 0x20, 0x20, 0x20, 0x20, 0x66,
	0x6c, 0x6f, 0x61, 0x74, 0x20, 0x72, 0x78, 0x20, 0x3d, 0x20, 0x5f, 0x34,
	0x39, 0x31, 0x3b, 0x0a, 0x20, 0x20, 0x20, 0x20, 0x20, 0x20, 0x20, 0x20,
	0x20, 0x20, 0x20, 0x20, 0x75, 0x69, 0x6e, 0x74, 0x20, 0x70, 0x61, 0x72,
	0x61, 0x6d, 0x5f, 0x33, 0x20, 0x3d, 0x20, 0x73, 0x65, 0x6d, 0x61, 0x6e,
	0x74, 0x69, 0x63, 0x53, 0x65, 0x65, 0x64, 0x20, 0x2b, 0x20, 0x31, 0x75,
	0x3b, 0x0a, 0x20, 0x20, 0x20, 0x20, 0x20, 0x20, 0x20, 0x20, 0x20, 0x20,
	0x20, 0x20, 0x66, 0x6c, 0x6f, 0x61, 0x74, 0x20, 0x5f, 0x34, 0x39, 0x36,
	0x20, 0x3d, 0x20, 0x68, 0x61, 0x73, 0x68, 0x31, 0x31, 0x28, 0x70, 0x61,
	0x72, 0x61, 0x6d, 0x5f, 0x33, 0x29, 0x3b, 0x0a, 0x20, 0x20, 0x20, 0x20,
	0x20, 0x20, 0x20, 0x20, 0x20, 0x20, 0x20, 0x20, 0x66, 0x6c, 0x6f, 0x61,
	0x74, 0x20, 0x72, 0x79, 0x20, 0x3d, 0x20, 0x5f, 0x34, 0x39, 0x36, 0x3b,
	0x0a, 0x20, 0x20, 0x20, 0x20, 0x20, 0x20, 0x20, 0x20, 0x20, 0x20, 0x20,
	0x20, 0x75, 0x69, 0x6e, 0x74, 0x20, 0x70, 0x61, 0x72, 0x61, 0x6d, 0x5f,
	0x34, 0x20, 0x3d, 0x20, 0x73, 0x65, 0x6d, 0x61, 0x6e, 0x74, 0x69, 0x63,
	0x53, 0x65, 0x65, 0x64, 0x20, 0x2b, 0x20, 0x32, 0x75, 0x3b, 0x0a, 0x20,
	0x20, 0x20, 0x20, 0x20, 0x20, 0x20, 0x20, 0x20, 0x20, 0x20, 0x20, 0x66,
	0x6c, 0x6f, 0x61, 0x74, 0x20, 0x5f, 0x35, 0x30, 0x31, 0x20, 0x3d, 0x20,
	0x68, 0x61, 0x73, 0x68, 0x31, 0x31, 0x28, 0x70, 0x61, 0x72, 0x61, 0x6d,
	0x5f, 0x34, 0x29, 0x3b, 0x0a, 0x20, 0x20, 0x20, 0x20, 0x20, 0x20, 0x20,
	0x20, 0x20, 0x20, 0x20, 0x20, 0x66, 0x6c, 0x6f, 0x61, 0x74, 0x20, 0x72,
	0x7a, 0x20, 0x3d, 0x20, 0x5f, 0x35, 0x30, 0x31, 0x3b, 0x0a, 0x20, 0x20,
	0x20, 0x20, 0x20, 0x20, 0x20, 0x20, 0x20, 0x20, 0x20, 0x20, 0x66, 0x6c,
	0x6f, 0x61, 0x74, 0x20, 0x72, 0x61, 0x64, 0x69, 0x75, 0x73, 0x20, 0x3d,
	0x20, 0x6d, 0x61, 0x78, 0x28, 0x5f, 0x37, 0x37, 0x2e, 0x65, 0x66, 0x66,
	0x65, 0x63, 0x74, 0x57, 0x6f, 0x72, 0x6b, 0x6c, 0x6f, 0x61, 0x64, 0x73,
	0x5b, 0x62, 0x61, 0x73, 0x65, 0x5d, 0x2e, 0x77, 0x2c, 0x20, 0x5f, 0x37,
	0x37, 0x2e, 0x65, 0x66, 0x66, 0x65, 0x63, 0x74, 0x57, 0x6f, 0x72, 0x6b,
	0x6c, 0x6f, 0x61, 0x64, 0x73, 0x5b, 0x62, 0x61, 0x73, 0x65, 0x20, 0x2b,
	0x20, 0x35, 0x75, 0x5d, 0x2e, 0x7a, 0x29, 0x3b, 0x0a, 0x20, 0x20, 0x20,
	0x20, 0x20, 0x20, 0x20, 0x20, 0x20, 0x20, 0x20, 0x20, 0x70, 0x2e, 0x70,
	0x6f, 0x73, 0x20, 0x3d, 0x20, 0x5f, 0x37, 0x37, 0x2e, 0x65, 0x66, 0x66,
	0x65, 0x63, 0x74, 0x57, 0x6f, 0x72, 0x6b, 0x6c, 0x6f, 0x61, 0x64, 0x73,
	0x5b, 0x62, 0x61, 0x73, 0x65, 0x5d, 0x2e, 0x78, 0x79, 0x7a, 0x20, 0x2b,
	0x20, 0x28, 0x28, 0x28, 0x76, 0x65, 0x63, 0x33, 0x28, 0x72, 0x78, 0x2c,
	0x20, 0x72, 0x79, 0x2c, 0x20, 0x72, 0x7a, 0x29, 0x20, 0x2a, 0x20, 0x32,
	0x2e, 0x30, 0x29, 0x20, 0x2d, 0x20, 0x76, 0x65, 0x63, 0x33, 0x28, 0x31,
	0x2e, 0x30, 0x29, 0x29, 0x20, 0x2a, 0x20, 0x72, 0x61, 0x64, 0x69, 0x75,
	0x73, 0x29, 0x3b, 0x0a, 0x20, 0x20, 0x20, 0x20, 0x20, 0x20, 0x20, 0x20,
	0x20, 0x20, 0x20, 0x20, 0x75, 0x69, 0x6e, 0x74, 0x20, 0x70, 0x61, 0x72,
	0x61, 0x6d, 0x5f, 0x35, 0x20, 0x3d, 0x20, 0x73, 0x65, 0x6d, 0x61, 0x6e,
	0x74, 0x69, 0x63, 0x53, 0x65, 0x65, 0x64, 0x20, 0x2b, 0x20, 0x33, 0x75,
	0x3b, 0x0a, 0x20, 0x20, 0x20, 0x20, 0x20, 0x20, 0x20, 0x20, 0x20, 0x20,
	0x20, 0x20, 0x66, 0x6c, 0x6f, 0x61, 0x74, 0x20, 0x5f, 0x35, 0x33, 0x36,
	0x20, 0x3d, 0x20, 0x68, 0x61, 0x73, 0x68, 0x31, 0x31, 0x28, 0x70, 0x61,
	0x72, 0x61, 0x6d, 0x5f, 0x35, 0x29, 0x3b, 0x0a, 0x20, 0x20, 0x20, 0x20,
	0x20, 0x20, 0x20, 0x20, 0x20, 0x20, 0x20, 0x20, 0x70, 0x2e, 0x73, 0x65,
	0x65, 0x64, 0x20, 0x3d, 0x20, 0x6d, 0x61, 0x78, 0x28, 0x30, 0x2e, 0x30,
	0x35, 0x30, 0x30, 0x30, 0x30, 0x30, 0x30, 0x30, 0x37, 0x34, 0x35, 0x30,
	0x35, 0x38, 0x30, 0x35, 0x39, 0x36, 0x39, 0x32, 0x33, 0x38, 0x32, 0x38,
	0x31, 0x32, 0x35, 0x2c, 0x20, 0x5f, 0x37, 0x37, 0x2e, 0x65, 0x66, 0x66,
	0x65, 0x63, 0x74, 0x57, 0x6f, 0x72, 0x6b, 0x6c, 0x6f, 0x61, 0x64, 0x73,
	0x5b, 0x62, 0x61, 0x73, 0x65, 0x20, 0x2b, 0x20, 0x35, 0x75, 0x5d, 0x2e,
	0x78, 0x20, 0x2b, 0x20, 0x28, 0x28, 0x28, 0x5f, 0x35, 0x33, 0x36, 0x20,
	0x2a, 0x20, 0x32, 0x2e, 0x30, 0x29, 0x20, 0x2d, 0x20, 0x31, 0x2e, 0x30,
	0x29, 0x20, 0x2a, 0x20, 0x5f, 0x37, 0x37, 0x2e, 0x65, 0x66, 0x66, 0x65,
	0x63, 0x74, 0x57, 0x6f, 0x72, 0x6b, 0x6c, 0x6f, 0x61, 0x64, 0x73, 0x5b,
	0x62, 0x61, 0x73, 0x65, 0x20, 0x2b, 0x20, 0x35, 0x75, 0x5d, 0x2e, 0x79,
	0x29, 0x29, 0x3b, 0x0a, 0x20, 0x20, 0x20, 0x20, 0x20, 0x20, 0x20, 0x20,
	0x20, 0x20, 0x20, 0x20, 0x76, 0x65, 0x63, 0x33, 0x20, 0x61, 0x75, 0x74,
	0x68, 0x6f, 0x72, 0x65, 0x64, 0x44, 0x69, 0x72, 0x65, 0x63, 0x74, 0x69,
	0x6f, 0x6e, 0x20, 0x3d, 0x20, 0x5f, 0x37, 0x37, 0x2e, 0x65, 0x66, 0x66,
	0x65, 0x63, 0x74, 0x57, 0x6f, 0x72, 0x6b, 0x6c, 0x6f, 0x61, 0x64, 0x73,
	0x5b, 0x62, 0x61, 0x73, 0x65, 0x20, 0x2b, 0x20, 0x31, 0x75, 0x5d, 0x2e,
	0x78, 0x79, 0x7a, 0x3b, 0x0a, 0x20, 0x20, 0x20, 0x20, 0x20, 0x20, 0x20,
	0x20, 0x20, 0x20, 0x20, 0x20, 0x76, 0x65, 0x63, 0x33, 0x20, 0x5f, 0x35,
	0x35, 0x39, 0x3b, 0x0a, 0x20, 0x20, 0x20, 0x20, 0x20, 0x20, 0x20, 0x20,
	0x20, 0x20, 0x20, 0x20, 0x69, 0x66, 0x20, 0x28, 0x64, 0x6f, 0x74, 0x28,
	0x61, 0x75, 0x74, 0x68, 0x6f, 0x72, 0x65, 0x64, 0x44, 0x69, 0x72, 0x65,
	0x63, 0x74, 0x69, 0x6f, 0x6e, 0x2c, 0x20, 0x61, 0x75, 0x74, 0x68, 0x6f,
	0x72, 0x65, 0x64, 0x44, 0x69, 0x72, 0x65, 0x63, 0x74, 0x69, 0x6f, 0x6e,
	0x29, 0x20, 0x3e, 0x20, 0x39, 0x2e, 0x39, 0x39, 0x39, 0x39, 0x39, 0x39,
	0x39, 0x33, 0x39, 0x32, 0x32, 0x35, 0x32, 0x39, 0x30, 0x32, 0x39, 0x30,
	0x37, 0x37, 0x38, 0x35, 0x30, 0x32, 0x38, 0x32, 0x31, 0x39, 0x32, 0x32,
	0x33, 0x65, 0x2d, 0x30, 0x39, 0x29, 0x0a, 0x20, 0x20, 0x20, 0x20, 0x20,
	0x20, 0x20, 0x20, 0x20, 0x20, 0x20, 0x20, 0x7b, 0x0a, 0x20, 0x20, 0x20,
	0x20, 0x20, 0x20, 0x20, 0x20, 0x20, 0x20, 0x20, 0x20, 0x20, 0x20, 0x20,
	0x20, 0x5f, 0x35, 0x35, 0x39, 0x20, 0x3d, 0x20, 0x6e, 0x6f, 0x72, 0x6d,
	0x61, 0x6c, 0x69, 0x7a, 0x65, 0x28, 0x61, 0x75, 0x74, 0x68, 0x6f, 0x72,
	0x65, 0x64, 0x44, 0x69, 0x72, 0x65, 0x63, 0x74, 0x69, 0x6f, 0x6e, 0x29,
	0x3b, 0x0a, 0x20, 0x20, 0x20, 0x20, 0x20, 0x20, 0x20, 0x20, 0x20, 0x20,
	0x20, 0x20, 0x7d, 0x0a, 0x20, 0x20, 0x20, 0x20, 0x20, 0x20, 0x20, 0x20,
	0x20, 0x20, 0x20, 0x20, 0x65, 0x6c, 0x73, 0x65, 0x0a, 0x20, 0x20, 0x20,
	0x20, 0x20, 0x20, 0x20, 0x20, 0x20, 0x20, 0x20, 0x20, 0x7b, 0x0a, 0x20,
	0x20, 0x20, 0x20, 0x20, 0x20, 0x20, 0x20, 0x20, 0x20, 0x20, 0x20, 0x20,
	0x20, 0x20, 0x20, 0x5f, 0x35, 0x35, 0x39, 0x20, 0x3d, 0x20, 0x76, 0x65,
	0x63, 0x33, 0x28, 0x30, 0x2e, 0x30, 0x2c, 0x20, 0x30, 0x2e, 0x30, 0x2c,
	0x20, 0x31, 0x2e, 0x30, 0x29, 0x3b, 0x0a, 0x20, 0x20, 0x20, 0x20, 0x20,
	0x20, 0x20, 0x20, 0x20, 0x20, 0x20, 0x20, 0x7d, 0x0a, 0x20, 0x20, 0x20,
	0x20, 0x20, 0x20, 0x20, 0x20, 0x20, 0x20, 0x20, 0x20, 0x76, 0x65, 0x63,
	0x33, 0x20, 0x64, 0x69, 0x72, 0x65, 0x63, 0x74, 0x69, 0x6f, 0x6e, 0x20,
	0x3d, 0x20, 0x5f, 0x35, 0x35, 0x39, 0x3b, 0x0a, 0x20, 0x20, 0x20, 0x20,
	0x20, 0x20, 0x20, 0x20, 0x20, 0x20, 0x20, 0x20, 0x75, 0x69, 0x6e, 0x74,
	0x20, 0x70, 0x61, 0x72, 0x61, 0x6d, 0x5f, 0x36, 0x20, 0x3d, 0x20, 0x73,
	0x65, 0x6d, 0x61, 0x6e, 0x74, 0x69, 0x63, 0x53, 0x65, 0x65, 0x64, 0x20,
	0x2b, 0x20, 0x34, 0x75, 0x3b, 0x0a, 0x20, 0x20, 0x20, 0x20, 0x20, 0x20,
	0x20, 0x20, 0x20, 0x20, 0x20, 0x20, 0x66, 0x6c, 0x6f, 0x61, 0x74, 0x20,
	0x5f, 0x35, 0x37, 0x31, 0x20, 0x3d, 0x20, 0x68, 0x61, 0x73, 0x68, 0x31,
	0x31, 0x28, 0x70, 0x61, 0x72, 0x61, 0x6d, 0x5f, 0x36, 0x29, 0x3b, 0x0a,
	0x20, 0x20, 0x20, 0x20, 0x20, 0x20, 0x20, 0x20, 0x20, 0x20, 0x20, 0x20,
	0x75, 0x69, 0x6e, 0x74, 0x20, 0x70, 0x61, 0x72, 0x61, 0x6d, 0x5f, 0x37,
	0x20, 0x3d, 0x20, 0x73, 0x65, 0x6d, 0x61, 0x6e, 0x74, 0x69, 0x63, 0x53,
	0x65, 0x65, 0x64, 0x20, 0x2b, 0x20, 0x35, 0x75, 0x3b, 0x0a, 0x20, 0x20,
	0x20, 0x20, 0x20, 0x20, 0x20, 0x20, 0x20, 0x20, 0x20, 0x20, 0x66, 0x6c,
	0x6f, 0x61, 0x74, 0x20, 0x5f, 0x35, 0x37, 0x35, 0x20, 0x3d, 0x20, 0x68,
	0x61, 0x73, 0x68, 0x31, 0x31, 0x28, 0x70, 0x61, 0x72, 0x61, 0x6d, 0x5f,
	0x37, 0x29, 0x3b, 0x0a, 0x20, 0x20, 0x20, 0x20, 0x20, 0x20, 0x20, 0x20,
	0x20, 0x20, 0x20, 0x20, 0x75, 0x69, 0x6e, 0x74, 0x20, 0x70, 0x61, 0x72,
	0x61, 0x6d, 0x5f, 0x38, 0x20, 0x3d, 0x20, 0x73, 0x65, 0x6d, 0x61, 0x6e,
	0x74, 0x69, 0x63, 0x53, 0x65, 0x65, 0x64, 0x20, 0x2b, 0x20, 0x36, 0x75,
	0x3b, 0x0a, 0x20, 0x20, 0x20, 0x20, 0x20, 0x20, 0x20, 0x20, 0x20, 0x20,
	0x20, 0x20, 0x66, 0x6c, 0x6f, 0x61, 0x74, 0x20, 0x5f, 0x35, 0x37, 0x39,
	0x20, 0x3d, 0x20, 0x68, 0x61, 0x73, 0x68, 0x31, 0x31, 0x28, 0x70, 0x61,
	0x72, 0x61, 0x6d, 0x5f, 0x38, 0x29, 0x3b, 0x0a, 0x20, 0x20, 0x20, 0x20,
	0x20, 0x20, 0x20, 0x20, 0x20, 0x20, 0x20, 0x20, 0x76, 0x65, 0x63, 0x33,
	0x20, 0x6a, 0x69, 0x74, 0x74, 0x65, 0x72, 0x20, 0x3d, 0x20, 0x28, 0x28,
	0x76, 0x65, 0x63, 0x33, 0x28, 0x5f, 0x35, 0x37, 0x31, 0x2c, 0x20, 0x5f,
	0x35, 0x37, 0x35, 0x2c, 0x20, 0x5f, 0x35, 0x37, 0x39, 0x29, 0x20, 0x2a,
	0x20, 0x32, 0x2e, 0x30, 0x29, 0x20, 0x2d, 0x20, 0x76, 0x65, 0x63, 0x33,
	0x28, 0x31, 0x2e, 0x30, 0x29, 0x29, 0x20, 0x2a, 0x20, 0x5f, 0x37, 0x37,
	0x2e, 0x65, 0x66, 0x66, 0x65, 0x63, 0x74, 0x57, 0x6f, 0x72, 0x6b, 0x6c,
	0x6f, 0x61, 0x64, 0x73, 0x5b, 0x62, 0x61, 0x73, 0x65, 0x20, 0x2b, 0x20,
	0x33, 0x75, 0x5d, 0x2e, 0x79, 0x3b, 0x0a, 0x20, 0x20, 0x20, 0x20, 0x20,
	0x20, 0x20, 0x20, 0x20, 0x20, 0x20, 0x20, 0x70, 0x2e, 0x76, 0x65, 0x6c,
	0x20, 0x3d, 0x20, 0x28, 0x28, 0x64, 0x69, 0x72, 0x65, 0x63, 0x74, 0x69,
	0x6f, 0x6e, 0x20, 0x2a, 0x20, 0x5f, 0x37, 0x37, 0x2e, 0x65, 0x66, 0x66,
	0x65, 0x63, 0x74, 0x57, 0x6f, 0x72, 0x6b, 0x6c, 0x6f, 0x61, 0x64, 0x73,
	0x5b, 0x62, 0x61, 0x73, 0x65, 0x20, 0x2b, 0x20, 0x33, 0x75, 0x5d, 0x2e,
	0x78, 0x29, 0x20, 0x2b, 0x20, 0x6a, 0x69, 0x74, 0x74, 0x65, 0x72, 0x29,
	0x20, 0x2b, 0x20, 0x28, 0x5f, 0x37, 0x37, 0x2e, 0x77, 0x69, 0x6e, 0x64,
	0x47, 0x75, 0x73, 0x74, 0x2e, 0x78, 0x79, 0x7a, 0x20, 0x2a, 0x20, 0x30,
	0x2e, 0x31, 0x30, 0x30, 0x30, 0x30, 0x30, 0x30, 0x30, 0x31, 0x34, 0x39,
	0x30, 0x31, 0x31, 0x36, 0x31, 0x31, 0x39, 0x33, 0x38, 0x34, 0x37, 0x36,
	0x35, 0x36, 0x32, 0x35, 0x29, 0x3b, 0x0a, 0x20, 0x20, 0x20, 0x20, 0x20,
	0x20, 0x20, 0x20, 0x20, 0x20, 0x20, 0x20, 0x70, 0x2e, 0x66, 0x6c, 0x61,
	0x67, 0x73, 0x20, 0x3d, 0x20, 0x66, 0x6c, 0x6f, 0x61, 0x74, 0x28, 0x65,
	0x78, 0x70, 0x65, 0x63, 0x74, 0x65, 0x64, 0x46, 0x61, 0x6d, 0x69, 0x6c,
	0x79, 0x29, 0x3b, 0x0a, 0x20, 0x20, 0x20, 0x20, 0x20, 0x20, 0x20, 0x20,
	0x7d, 0x0a, 0x20, 0x20, 0x20, 0x20, 0x20, 0x20, 0x20, 0x20, 0x65, 0x6c,
	0x73, 0x65, 0x0a, 0x20, 0x20, 0x20, 0x20, 0x20, 0x20, 0x20, 0x20, 0x7b,
	0x0a, 0x20, 0x20, 0x20, 0x20, 0x20, 0x20, 0x20, 0x20, 0x20, 0x20, 0x20,
	0x20, 0x70, 0x2e, 0x76, 0x65, 0x6c, 0x2e, 0x7a, 0x20, 0x2d, 0x3d, 0x20,
	0x28, 0x28, 0x38, 0x30, 0x30, 0x2e, 0x30, 0x20, 0x2a, 0x20, 0x5f, 0x37,
	0x37, 0x2e, 0x65, 0x66, 0x66, 0x65, 0x63, 0x74, 0x57, 0x6f, 0x72, 0x6b,
	0x6c, 0x6f, 0x61, 0x64, 0x73, 0x5b, 0x62, 0x61, 0x73, 0x65, 0x20, 0x2b,
	0x20, 0x33, 0x75, 0x5d, 0x2e, 0x7a, 0x29, 0x20, 0x2a, 0x20, 0x5f, 0x37,
	0x37, 0x2e, 0x64, 0x74, 0x29, 0x3b, 0x0a, 0x20, 0x20, 0x20, 0x20, 0x20,
	0x20, 0x20, 0x20, 0x20, 0x20, 0x20, 0x20, 0x70, 0x2e, 0x76, 0x65, 0x6c,
	0x20, 0x2a, 0x3d, 0x20, 0x6d, 0x61, 0x78, 0x28, 0x30, 0x2e, 0x30, 0x2c,
	0x20, 0x31, 0x2e, 0x30, 0x20, 0x2d, 0x20, 0x28, 0x5f, 0x37, 0x37, 0x2e,
	0x65, 0x66, 0x66, 0x65, 0x63, 0x74, 0x57, 0x6f, 0x72, 0x6b, 0x6c, 0x6f,
	0x61, 0x64, 0x73, 0x5b, 0x62, 0x61, 0x73, 0x65, 0x20, 0x2b, 0x20, 0x33,
	0x75, 0x5d, 0x2e, 0x77, 0x20, 0x2a, 0x20, 0x5f, 0x37, 0x37, 0x2e, 0x64,
	0x74, 0x29, 0x29, 0x3b, 0x0a, 0x20, 0x20, 0x20, 0x20, 0x20, 0x20, 0x20,
	0x20, 0x20, 0x20, 0x20, 0x20, 0x70, 0x2e, 0x70, 0x6f, 0x73, 0x20, 0x2b,
	0x3d, 0x20, 0x28, 0x70, 0x2e, 0x76, 0x65, 0x6c, 0x20, 0x2a, 0x20, 0x5f,
	0x37, 0x37, 0x2e, 0x64, 0x74, 0x29, 0x3b, 0x0a, 0x20, 0x20, 0x20, 0x20,
	0x20, 0x20, 0x20, 0x20, 0x20, 0x20, 0x20, 0x20, 0x70, 0x2e, 0x73, 0x65,
	0x65, 0x64, 0x20, 0x2d, 0x3d, 0x20, 0x5f, 0x37, 0x37, 0x2e, 0x64, 0x74,
	0x3b, 0x0a, 0x20, 0x20, 0x20, 0x20, 0x20, 0x20, 0x20, 0x20, 0x20, 0x20,
	0x20, 0x20, 0x69, 0x66, 0x20, 0x28, 0x70, 0x2e, 0x73, 0x65, 0x65, 0x64,
	0x20, 0x3c, 0x3d, 0x20, 0x30, 0x2e, 0x30, 0x29, 0x0a, 0x20, 0x20, 0x20,
	0x20, 0x20, 0x20, 0x20, 0x20, 0x20, 0x20, 0x20, 0x20, 0x7b, 0x0a, 0x20,
	0x20, 0x20, 0x20, 0x20, 0x20, 0x20, 0x20, 0x20, 0x20, 0x20, 0x20, 0x20,
	0x20, 0x20, 0x20, 0x70, 0x20, 0x3d, 0x20, 0x64, 0x65, 0x61, 0x64, 0x50,
	0x61, 0x72, 0x74, 0x69, 0x63, 0x6c, 0x65, 0x28, 0x29, 0x3b, 0x0a, 0x20,
	0x20, 0x20, 0x20, 0x20, 0x20, 0x20, 0x20, 0x20, 0x20, 0x20, 0x20, 0x7d,
	0x0a, 0x20, 0x20, 0x20, 0x20, 0x20, 0x20, 0x20, 0x20, 0x7d, 0x0a, 0x20,
	0x20, 0x20, 0x20, 0x20, 0x20, 0x20, 0x20, 0x5f, 0x33, 0x37, 0x38, 0x2e,
	0x77, 0x72, 0x69, 0x74, 0x65, 0x50, 0x61, 0x72, 0x74, 0x69, 0x63, 0x6c,
	0x65, 0x73, 0x5b, 0x69, 0x64, 0x78, 0x5d, 0x2e, 0x70, 0x6f, 0x73, 0x20,
	0x3d, 0x20, 0x70, 0x2e, 0x70, 0x6f, 0x73, 0x3b, 0x0a, 0x20, 0x20, 0x20,
	0x20, 0x20, 0x20, 0x20, 0x20, 0x5f, 0x33, 0x37, 0x38, 0x2e, 0x77, 0x72,
	0x69, 0x74, 0x65, 0x50, 0x61, 0x72, 0x74, 0x69, 0x63, 0x6c, 0x65, 0x73,
	0x5b, 0x69, 0x64, 0x78, 0x5d, 0x2e, 0x73, 0x65, 0x65, 0x64, 0x20, 0x3d,
	0x20, 0x70, 0x2e, 0x73, 0x65, 0x65, 0x64, 0x3b, 0x0a, 0x20, 0x20, 0x20,
	0x20, 0x20, 0x20, 0x20, 0x20, 0x5f, 0x33, 0x37, 0x38, 0x2e, 0x77, 0x72,
	0x69, 0x74, 0x65, 0x50, 0x61, 0x72, 0x74, 0x69, 0x63, 0x6c, 0x65, 0x73,
	0x5b, 0x69, 0x64, 0x78, 0x5d, 0x2e, 0x76, 0x65, 0x6c, 0x20, 0x3d, 0x20,
	0x70, 0x2e, 0x76, 0x65, 0x6c, 0x3b, 0x0a, 0x20, 0x20, 0x20, 0x20, 0x20,
	0x20, 0x20, 0x20, 0x5f, 0x33, 0x37, 0x38, 0x2e, 0x77, 0x72, 0x69, 0x74,
	0x65, 0x50, 0x61, 0x72, 0x74, 0x69, 0x63, 0x6c, 0x65, 0x73, 0x5b, 0x69,
	0x64, 0x78, 0x5d, 0x2e, 0x66, 0x6c, 0x61, 0x67, 0x73, 0x20, 0x3d, 0x20,
	0x70, 0x2e, 0x66, 0x6c, 0x61, 0x67, 0x73, 0x3b, 0x0a, 0x20, 0x20, 0x20,
	0x20, 0x20, 0x20, 0x20, 0x20, 0x72, 0x65, 0x74, 0x75, 0x72, 0x6e, 0x3b,
	0x0a, 0x20, 0x20, 0x20, 0x20, 0x7d, 0x0a, 0x20, 0x20, 0x20, 0x20, 0x69,
	0x66, 0x20, 0x28, 0x70, 0x2e, 0x66, 0x6c, 0x61, 0x67, 0x73, 0x20, 0x3c,
	0x20, 0x30, 0x2e, 0x35, 0x29, 0x0a, 0x20, 0x20, 0x20, 0x20, 0x7b, 0x0a,
	0x20, 0x20, 0x20, 0x20, 0x20, 0x20, 0x20, 0x20, 0x75, 0x69, 0x6e, 0x74,
	0x20, 0x70, 0x61, 0x72, 0x61, 0x6d, 0x5f, 0x39, 0x20, 0x3d, 0x20, 0x69,
	0x64, 0x78, 0x3b, 0x0a, 0x20, 0x20, 0x20, 0x20, 0x20, 0x20, 0x20, 0x20,
	0x75, 0x69, 0x6e, 0x74, 0x20, 0x70, 0x61, 0x72, 0x61, 0x6d, 0x5f, 0x31,
	0x30, 0x20, 0x3d, 0x20, 0x31, 0x31, 0x75, 0x3b, 0x0a, 0x20, 0x20, 0x20,
	0x20, 0x20, 0x20, 0x20, 0x20, 0x66, 0x6c, 0x6f, 0x61, 0x74, 0x20, 0x70,
	0x61, 0x72, 0x61, 0x6d, 0x5f, 0x31, 0x31, 0x20, 0x3d, 0x20, 0x70, 0x2e,
	0x73, 0x65, 0x65, 0x64, 0x3b, 0x0a, 0x20, 0x20, 0x20, 0x20, 0x20, 0x20,
	0x20, 0x20, 0x66, 0x6c, 0x6f, 0x61, 0x74, 0x20, 0x72, 0x78, 0x5f, 0x31,
	0x20, 0x3d, 0x20, 0x72, 0x61, 0x6e, 0x64, 0x30, 0x31, 0x28, 0x70, 0x61,
	0x72, 0x61, 0x6d, 0x5f, 0x39, 0x2c, 0x20, 0x70, 0x61, 0x72, 0x61, 0x6d,
	0x5f, 0x31, 0x30, 0x2c, 0x20, 0x70, 0x61, 0x72, 0x61, 0x6d, 0x5f, 0x31,
	0x31, 0x29, 0x3b, 0x0a, 0x20, 0x20, 0x20, 0x20, 0x20, 0x20, 0x20, 0x20,
	0x75, 0x69, 0x6e, 0x74, 0x20, 0x70, 0x61, 0x72, 0x61, 0x6d, 0x5f, 0x31,
	0x32, 0x20, 0x3d, 0x20, 0x69, 0x64, 0x78, 0x3b, 0x0a, 0x20, 0x20, 0x20,
	0x20, 0x20, 0x20, 0x20, 0x20, 0x75, 0x69, 0x6e, 0x74, 0x20, 0x70, 0x61,
	0x72, 0x61, 0x6d, 0x5f, 0x31, 0x33, 0x20, 0x3d, 0x20, 0x32, 0x33, 0x75,
	0x3b, 0x0a, 0x20, 0x20, 0x20, 0x20, 0x20, 0x20, 0x20, 0x20, 0x66, 0x6c,
	0x6f, 0x61, 0x74, 0x20, 0x70, 0x61, 0x72, 0x61, 0x6d, 0x5f, 0x31, 0x34,
	0x20, 0x3d, 0x20, 0x70, 0x2e, 0x73, 0x65, 0x65, 0x64, 0x3b, 0x0a, 0x20,
	0x20, 0x20, 0x20, 0x20, 0x20, 0x20, 0x20, 0x66, 0x6c, 0x6f, 0x61, 0x74,
	0x20, 0x72, 0x79, 0x5f, 0x31, 0x20, 0x3d, 0x20, 0x72, 0x61, 0x6e, 0x64,
	0x30, 0x31, 0x28, 0x70, 0x61, 0x72, 0x61, 0x6d, 0x5f, 0x31, 0x32, 0x2c,
	0x20, 0x70, 0x61, 0x72, 0x61, 0x6d, 0x5f, 0x31, 0x33, 0x2c, 0x20, 0x70,
	0x61, 0x72, 0x61, 0x6d, 0x5f, 0x31, 0x34, 0x29, 0x3b, 0x0a, 0x20, 0x20,
	0x20, 0x20, 0x20, 0x20, 0x20, 0x20, 0x75, 0x69, 0x6e, 0x74, 0x20, 0x70,
	0x61, 0x72, 0x61, 0x6d, 0x5f, 0x31, 0x35, 0x20, 0x3d, 0x20, 0x69, 0x64,
	0x78, 0x3b, 0x0a, 0x20, 0x20, 0x20, 0x20, 0x20, 0x20, 0x20, 0x20, 0x75,
	0x69, 0x6e, 0x74, 0x20, 0x70, 0x61, 0x72, 0x61, 0x6d, 0x5f, 0x31, 0x36,
	0x20, 0x3d, 0x20, 0x33, 0x31, 0x75, 0x3b, 0x0a, 0x20, 0x20, 0x20, 0x20,
	0x20, 0x20, 0x20, 0x20, 0x66, 0x6c, 0x6f, 0x61, 0x74, 0x20, 0x70, 0x61,
	0x72, 0x61, 0x6d, 0x5f, 0x31, 0x37, 0x20, 0x3d, 0x20, 0x70, 0x2e, 0x73,
	0x65, 0x65, 0x64, 0x3b, 0x0a, 0x20, 0x20, 0x20, 0x20, 0x20, 0x20, 0x20,
	0x20, 0x66, 0x6c, 0x6f, 0x61, 0x74, 0x20, 0x72, 0x7a, 0x5f, 0x31, 0x20,
	0x3d, 0x20, 0x72, 0x61, 0x6e, 0x64, 0x30, 0x31, 0x28, 0x70, 0x61, 0x72,
	0x61, 0x6d, 0x5f, 0x31, 0x35, 0x2c, 0x20, 0x70, 0x61, 0x72, 0x61, 0x6d,
	0x5f, 0x31, 0x36, 0x2c, 0x20, 0x70, 0x61, 0x72, 0x61, 0x6d, 0x5f, 0x31,
	0x37, 0x29, 0x3b, 0x0a, 0x20, 0x20, 0x20, 0x20, 0x20, 0x20, 0x20, 0x20,
	0x66, 0x6c, 0x6f, 0x61, 0x74, 0x20, 0x73, 0x70, 0x72, 0x65, 0x61, 0x64,
	0x20, 0x3d, 0x20, 0x5f, 0x37, 0x37, 0x2e, 0x5f, 0x64, 0x69, 0x73, 0x74,
	0x61, 0x6e, 0x63, 0x65, 0x3b, 0x0a, 0x20, 0x20, 0x20, 0x20, 0x20, 0x20,
	0x20, 0x20, 0x70, 0x2e, 0x70, 0x6f, 0x73, 0x2e, 0x78, 0x20, 0x3d, 0x20,
	0x63, 0x6c, 0x61, 0x6d, 0x70, 0x28, 0x5f, 0x37, 0x37, 0x2e, 0x65, 0x79,
	0x65, 0x57, 0x6f, 0x72, 0x6c, 0x64, 0x2e, 0x78, 0x20, 0x2b, 0x20, 0x28,
	0x28, 0x28, 0x72, 0x78, 0x5f, 0x31, 0x20, 0x2a, 0x20, 0x32, 0x2e, 0x30,
	0x29, 0x20, 0x2d, 0x20, 0x31, 0x2e, 0x30, 0x29, 0x20, 0x2a, 0x20, 0x73,
	0x70, 0x72, 0x65, 0x61, 0x64, 0x29, 0x2c, 0x20, 0x5f, 0x37, 0x37, 0x2e,
	0x62, 0x6f, 0x75, 0x6e, 0x64, 0x73, 0x4d, 0x69, 0x6e, 0x2e, 0x78, 0x2c,
	0x20, 0x5f, 0x37, 0x37, 0x2e, 0x62, 0x6f, 0x75, 0x6e, 0x64, 0x73, 0x4d,
	0x61, 0x78, 0x2e, 0x78, 0x29, 0x3b, 0x0a, 0x20, 0x20, 0x20, 0x20, 0x20,
	0x20, 0x20, 0x20, 0x70, 0x2e, 0x70, 0x6f, 0x73, 0x2e, 0x79, 0x20, 0x3d,
	0x20, 0x63, 0x6c, 0x61, 0x6d, 0x70, 0x28, 0x5f, 0x37, 0x37, 0x2e, 0x65,
	0x79, 0x65, 0x57, 0x6f, 0x72, 0x6c, 0x64, 0x2e, 0x79, 0x20, 0x2b, 0x20,
	0x28, 0x28, 0x28, 0x72, 0x79, 0x5f, 0x31, 0x20, 0x2a, 0x20, 0x32, 0x2e,
	0x30, 0x29, 0x20, 0x2d, 0x20, 0x31, 0x2e, 0x30, 0x29, 0x20, 0x2a, 0x20,
	0x73, 0x70, 0x72, 0x65, 0x61, 0x64, 0x29, 0x2c, 0x20, 0x5f, 0x37, 0x37,
	0x2e, 0x62, 0x6f, 0x75, 0x6e, 0x64, 0x73, 0x4d, 0x69, 0x6e, 0x2e, 0x79,
	0x2c, 0x20, 0x5f, 0x37, 0x37, 0x2e, 0x62, 0x6f, 0x75, 0x6e, 0x64, 0x73,
	0x4d, 0x61, 0x78, 0x2e, 0x79, 0x29, 0x3b, 0x0a, 0x20, 0x20, 0x20, 0x20,
	0x20, 0x20, 0x20, 0x20, 0x70, 0x2e, 0x70, 0x6f, 0x73, 0x2e, 0x7a, 0x20,
	0x3d, 0x20, 0x6d, 0x69, 0x6e, 0x28, 0x5f, 0x37, 0x37, 0x2e, 0x65, 0x79,
	0x65, 0x57, 0x6f, 0x72, 0x6c, 0x64, 0x2e, 0x7a, 0x20, 0x2b, 0x20, 0x28,
	0x72, 0x7a, 0x5f, 0x31, 0x20, 0x2a, 0x20, 0x38, 0x30, 0x30, 0x2e, 0x30,
	0x29, 0x2c, 0x20, 0x5f, 0x37, 0x37, 0x2e, 0x62, 0x6f, 0x75, 0x6e, 0x64,
	0x73, 0x4d, 0x61, 0x78, 0x2e, 0x7a, 0x29, 0x3b, 0x0a, 0x20, 0x20, 0x20,
	0x20, 0x20, 0x20, 0x20, 0x20, 0x62, 0x6f, 0x6f, 0x6c, 0x20, 0x5f, 0x37,
	0x34, 0x35, 0x20, 0x3d, 0x20, 0x5f, 0x37, 0x37, 0x2e, 0x67, 0x72, 0x69,
	0x64, 0x53, 0x69, 0x7a, 0x65, 0x20, 0x3e, 0x20, 0x31, 0x75, 0x3b, 0x0a,
	0x20, 0x20, 0x20, 0x20, 0x20, 0x20, 0x20, 0x20, 0x62, 0x6f, 0x6f, 0x6c,
	0x20, 0x5f, 0x37, 0x35, 0x36, 0x3b, 0x0a, 0x20, 0x20, 0x20, 0x20, 0x20,
	0x20, 0x20, 0x20, 0x69, 0x66, 0x20, 0x28, 0x5f, 0x37, 0x34, 0x35, 0x29,
	0x0a, 0x20, 0x20, 0x20, 0x20, 0x20, 0x20, 0x20, 0x20, 0x7b, 0x0a, 0x20,
	0x20, 0x20, 0x20, 0x20, 0x20, 0x20, 0x20, 0x20, 0x20, 0x20, 0x20, 0x76,
	0x65, 0x63, 0x32, 0x20, 0x70, 0x61, 0x72, 0x61, 0x6d, 0x5f, 0x31, 0x38,
	0x20, 0x3d, 0x20, 0x70, 0x2e, 0x70, 0x6f, 0x73, 0x2e, 0x78, 0x79, 0x3b,
	0x0a, 0x20, 0x20, 0x20, 0x20, 0x20, 0x20, 0x20, 0x20, 0x20, 0x20, 0x20,
	0x20, 0x5f, 0x37, 0x35, 0x36, 0x20, 0x3d, 0x20, 0x70, 0x2e, 0x70, 0x6f,
	0x73, 0x2e, 0x7a, 0x20, 0x3c, 0x3d, 0x20, 0x67, 0x72, 0x6f, 0x75, 0x6e,
	0x64, 0x48, 0x65, 0x69, 0x67, 0x68, 0x74, 0x41, 0x74, 0x28, 0x70, 0x61,
	0x72, 0x61, 0x6d, 0x5f, 0x31, 0x38, 0x29, 0x3b, 0x0a, 0x20, 0x20, 0x20,
	0x20, 0x20, 0x20, 0x20, 0x20, 0x7d, 0x0a, 0x20, 0x20, 0x20, 0x20, 0x20,
	0x20, 0x20, 0x20, 0x65, 0x6c, 0x73, 0x65, 0x0a, 0x20, 0x20, 0x20, 0x20,
	0x20, 0x20, 0x20, 0x20, 0x7b, 0x0a, 0x20, 0x20, 0x20, 0x20, 0x20, 0x20,
	0x20, 0x20, 0x20, 0x20, 0x20, 0x20, 0x5f, 0x37, 0x35, 0x36, 0x20, 0x3d,
	0x20, 0x5f, 0x37, 0x34, 0x35, 0x3b, 0x0a, 0x20, 0x20, 0x20, 0x20, 0x20,
	0x20, 0x20, 0x20, 0x7d, 0x0a, 0x20, 0x20, 0x20, 0x20, 0x20, 0x20, 0x20,
	0x20, 0x69, 0x66, 0x20, 0x28, 0x5f, 0x37, 0x35, 0x36, 0x29, 0x0a, 0x20,
	0x20, 0x20, 0x20, 0x20, 0x20, 0x20, 0x20, 0x7b, 0x0a, 0x20, 0x20, 0x20,
	0x20, 0x20, 0x20, 0x20, 0x20, 0x20, 0x20, 0x20, 0x20, 0x41, 0x74, 0x6d,
	0x50, 0x61, 0x72, 0x74, 0x69, 0x63, 0x6c, 0x65, 0x20, 0x5f, 0x37, 0x36,
	0x30, 0x20, 0x3d, 0x20, 0x64, 0x65, 0x61, 0x64, 0x50, 0x61, 0x72, 0x74,
	0x69, 0x63, 0x6c, 0x65, 0x28, 0x29, 0x3b, 0x0a, 0x20, 0x20, 0x20, 0x20,
	0x20, 0x20, 0x20, 0x20, 0x20, 0x20, 0x20, 0x20, 0x5f, 0x33, 0x37, 0x38,
	0x2e, 0x77, 0x72, 0x69, 0x74, 0x65, 0x50, 0x61, 0x72, 0x74, 0x69, 0x63,
	0x6c, 0x65, 0x73, 0x5b, 0x69, 0x64, 0x78, 0x5d, 0x2e, 0x70, 0x6f, 0x73,
	0x20, 0x3d, 0x20, 0x5f, 0x37, 0x36, 0x30, 0x2e, 0x70, 0x6f, 0x73, 0x3b,
	0x0a, 0x20, 0x20, 0x20, 0x20, 0x20, 0x20, 0x20, 0x20, 0x20, 0x20, 0x20,
	0x20, 0x5f, 0x33, 0x37, 0x38, 0x2e, 0x77, 0x72, 0x69, 0x74, 0x65, 0x50,
	0x61, 0x72, 0x74, 0x69, 0x63, 0x6c, 0x65, 0x73, 0x5b, 0x69, 0x64, 0x78,
	0x5d, 0x2e, 0x73, 0x65, 0x65, 0x64, 0x20, 0x3d, 0x20, 0x5f, 0x37, 0x36,
	0x30, 0x2e, 0x73, 0x65, 0x65, 0x64, 0x3b, 0x0a, 0x20, 0x20, 0x20, 0x20,
	0x20, 0x20, 0x20, 0x20, 0x20, 0x20, 0x20, 0x20, 0x5f, 0x33, 0x37, 0x38,
	0x2e, 0x77, 0x72, 0x69, 0x74, 0x65, 0x50, 0x61, 0x72, 0x74, 0x69, 0x63,
	0x6c, 0x65, 0x73, 0x5b, 0x69, 0x64, 0x78, 0x5d, 0x2e, 0x76, 0x65, 0x6c,
	0x20, 0x3d, 0x20, 0x5f, 0x37, 0x36, 0x30, 0x2e, 0x76, 0x65, 0x6c, 0x3b,
	0x0a, 0x20, 0x20, 0x20, 0x20, 0x20, 0x20, 0x20, 0x20, 0x20, 0x20, 0x20,
	0x20, 0x5f, 0x33, 0x37, 0x38, 0x2e, 0x77, 0x72, 0x69, 0x74, 0x65, 0x50,
	0x61, 0x72, 0x74, 0x69, 0x63, 0x6c, 0x65, 0x73, 0x5b, 0x69, 0x64, 0x78,
	0x5d, 0x2e, 0x66, 0x6c, 0x61, 0x67, 0x73, 0x20, 0x3d, 0x20, 0x5f, 0x37,
	0x36, 0x30, 0x2e, 0x66, 0x6c, 0x61, 0x67, 0x73, 0x3b, 0x0a, 0x20, 0x20,
	0x20, 0x20, 0x20, 0x20, 0x20, 0x20, 0x20, 0x20, 0x20, 0x20, 0x72, 0x65,
	0x74, 0x75, 0x72, 0x6e, 0x3b, 0x0a, 0x20, 0x20, 0x20, 0x20, 0x20, 0x20,
	0x20, 0x20, 0x7d, 0x0a, 0x20, 0x20, 0x20, 0x20, 0x20, 0x20, 0x20, 0x20,
	0x70, 0x2e, 0x73, 0x65, 0x65, 0x64, 0x20, 0x3d, 0x20, 0x28, 0x72, 0x78,
	0x5f, 0x31, 0x20, 0x2b, 0x20, 0x72, 0x79, 0x5f, 0x31, 0x29, 0x20, 0x2b,
	0x20, 0x72, 0x7a, 0x5f, 0x31, 0x3b, 0x0a, 0x20, 0x20, 0x20, 0x20, 0x20,
	0x20, 0x20, 0x20, 0x75, 0x69, 0x6e, 0x74, 0x20, 0x70, 0x61, 0x72, 0x61,
	0x6d, 0x5f, 0x31, 0x39, 0x20, 0x3d, 0x20, 0x69, 0x64, 0x78, 0x3b, 0x0a,
	0x20, 0x20, 0x20, 0x20, 0x20, 0x20, 0x20, 0x20, 0x66, 0x6c, 0x6f, 0x61,
	0x74, 0x20, 0x70, 0x61, 0x72, 0x61, 0x6d, 0x5f, 0x32, 0x30, 0x20, 0x3d,
	0x20, 0x70, 0x2e, 0x73, 0x65, 0x65, 0x64, 0x3b, 0x0a, 0x20, 0x20, 0x20,
	0x20, 0x20, 0x20, 0x20, 0x20, 0x75, 0x69, 0x6e, 0x74, 0x20, 0x66, 0x61,
	0x6d, 0x69, 0x6c, 0x79, 0x20, 0x3d, 0x20, 0x63, 0x68, 0x6f, 0x6f, 0x73,
	0x65, 0x46, 0x61, 0x6d, 0x69, 0x6c, 0x79, 0x28, 0x70, 0x61, 0x72, 0x61,
	0x6d, 0x5f, 0x31, 0x39, 0x2c, 0x20, 0x70, 0x61, 0x72, 0x61, 0x6d, 0x5f,
	0x32, 0x30, 0x29, 0x3b, 0x0a, 0x20, 0x20, 0x20, 0x20, 0x20, 0x20, 0x20,
	0x20, 0x66, 0x6c, 0x6f, 0x61, 0x74, 0x20, 0x77, 0x69, 0x6e, 0x64, 0x53,
	0x63, 0x61, 0x6c, 0x65, 0x20, 0x3d, 0x20, 0x31, 0x2e, 0x30, 0x3b, 0x0a,
	0x20, 0x20, 0x20, 0x20, 0x20, 0x20, 0x20, 0x20, 0x69, 0x66, 0x20, 0x28,
	0x66, 0x61, 0x6d, 0x69, 0x6c, 0x79, 0x20, 0x3d, 0x3d, 0x20, 0x31, 0x75,
	0x29, 0x0a, 0x20, 0x20, 0x20, 0x20, 0x20, 0x20, 0x20, 0x20, 0x7b, 0x0a,
	0x20, 0x20, 0x20, 0x20, 0x20, 0x20, 0x20, 0x20, 0x20, 0x20, 0x20, 0x20,
	0x75, 0x69, 0x6e, 0x74, 0x20, 0x70, 0x61, 0x72, 0x61, 0x6d, 0x5f, 0x32,
	0x31, 0x20, 0x3d, 0x20, 0x69, 0x64, 0x78, 0x3b, 0x0a, 0x20, 0x20, 0x20,
	0x20, 0x20, 0x20, 0x20, 0x20, 0x20, 0x20, 0x20, 0x20, 0x75, 0x69, 0x6e,
	0x74, 0x20, 0x70, 0x61, 0x72, 0x61, 0x6d, 0x5f, 0x32, 0x32, 0x20, 0x3d,
	0x20, 0x34, 0x31, 0x75, 0x3b, 0x0a, 0x20, 0x20, 0x20, 0x20, 0x20, 0x20,
	0x20, 0x20, 0x20, 0x20, 0x20, 0x20, 0x66, 0x6c, 0x6f, 0x61, 0x74, 0x20,
	0x70, 0x61, 0x72, 0x61, 0x6d, 0x5f, 0x32, 0x33, 0x20, 0x3d, 0x20, 0x70,
	0x2e, 0x73, 0x65, 0x65, 0x64, 0x3b, 0x0a, 0x20, 0x20, 0x20, 0x20, 0x20,
	0x20, 0x20, 0x20, 0x20, 0x20, 0x20, 0x20, 0x70, 0x2e, 0x76, 0x65, 0x6c,
	0x2e, 0x78, 0x20, 0x3d, 0x20, 0x28, 0x28, 0x72, 0x61, 0x6e, 0x64, 0x30,
	0x31, 0x28, 0x70, 0x61, 0x72, 0x61, 0x6d, 0x5f, 0x32, 0x31, 0x2c, 0x20,
	0x70, 0x61, 0x72, 0x61, 0x6d, 0x5f, 0x32, 0x32, 0x2c, 0x20, 0x70, 0x61,
	0x72, 0x61, 0x6d, 0x5f, 0x32, 0x33, 0x29, 0x20, 0x2a, 0x20, 0x32, 0x2e,
	0x30, 0x29, 0x20, 0x2d, 0x20, 0x31, 0x2e, 0x30, 0x29, 0x20, 0x2a, 0x20,
	0x33, 0x30, 0x2e, 0x30, 0x3b, 0x0a, 0x20, 0x20, 0x20, 0x20, 0x20, 0x20,
	0x20, 0x20, 0x20, 0x20, 0x20, 0x20, 0x75, 0x69, 0x6e, 0x74, 0x20, 0x70,
	0x61, 0x72, 0x61, 0x6d, 0x5f, 0x32, 0x34, 0x20, 0x3d, 0x20, 0x69, 0x64,
	0x78, 0x3b, 0x0a, 0x20, 0x20, 0x20, 0x20, 0x20, 0x20, 0x20, 0x20, 0x20,
	0x20, 0x20, 0x20, 0x75, 0x69, 0x6e, 0x74, 0x20, 0x70, 0x61, 0x72, 0x61,
	0x6d, 0x5f, 0x32, 0x35, 0x20, 0x3d, 0x20, 0x35, 0x33, 0x75, 0x3b, 0x0a,
	0x20, 0x20, 0x20, 0x20, 0x20, 0x20, 0x20, 0x20, 0x20, 0x20, 0x20, 0x20,
	0x66, 0x6c, 0x6f, 0x61, 0x74, 0x20, 0x70, 0x61, 0x72, 0x61, 0x6d, 0x5f,
	0x32, 0x36, 0x20, 0x3d, 0x20, 0x70, 0x2e, 0x73, 0x65, 0x65, 0x64, 0x3b,
	0x0a, 0x20, 0x20, 0x20, 0x20, 0x20, 0x20, 0x20, 0x20, 0x20, 0x20, 0x20,
	0x20, 0x70, 0x2e, 0x76, 0x65, 0x6c, 0x2e, 0x79, 0x20, 0x3d, 0x20, 0x28,
	0x28, 0x72, 0x61, 0x6e, 0x64, 0x30, 0x31, 0x28, 0x70, 0x61, 0x72, 0x61,
	0x6d, 0x5f, 0x32, 0x34, 0x2c, 0x20, 0x70, 0x61, 0x72, 0x61, 0x6d, 0x5f,
	0x32, 0x35, 0x2c, 0x20, 0x70, 0x61, 0x72, 0x61, 0x6d, 0x5f, 0x32, 0x36,
	0x29, 0x20, 0x2a, 0x20, 0x32, 0x2e, 0x30, 0x29, 0x20, 0x2d, 0x20, 0x31,
	0x2e, 0x30, 0x29, 0x20, 0x2a, 0x20, 0x33, 0x30, 0x2e, 0x30, 0x3b, 0x0a,
	0x20, 0x20, 0x20, 0x20, 0x20, 0x20, 0x20, 0x20, 0x20, 0x20, 0x20, 0x20,
	0x70, 0x2e, 0x76, 0x65, 0x6c, 0x2e, 0x7a, 0x20, 0x3d, 0x20, 0x2d, 0x38,
	0x38, 0x30, 0x2e, 0x30, 0x3b, 0x0a, 0x20, 0x20, 0x20, 0x20, 0x20, 0x20,
	0x20, 0x20, 0x20, 0x20, 0x20, 0x20, 0x77, 0x69, 0x6e, 0x64, 0x53, 0x63,
	0x61, 0x6c, 0x65, 0x20, 0x3d, 0x20, 0x30, 0x2e, 0x32, 0x35, 0x3b, 0x0a,
	0x20, 0x20, 0x20, 0x20, 0x20, 0x20, 0x20, 0x20, 0x7d, 0x0a, 0x20, 0x20,
	0x20, 0x20, 0x20, 0x20, 0x20, 0x20, 0x65, 0x6c, 0x73, 0x65, 0x0a, 0x20,
	0x20, 0x20, 0x20, 0x20, 0x20, 0x20, 0x20, 0x7b, 0x0a, 0x20, 0x20, 0x20,
	0x20, 0x20, 0x20, 0x20, 0x20, 0x20, 0x20, 0x20, 0x20, 0x69, 0x66, 0x20,
	0x28, 0x66, 0x61, 0x6d, 0x69, 0x6c, 0x79, 0x20, 0x3d, 0x3d, 0x20, 0x32,
	0x75, 0x29, 0x0a, 0x20, 0x20, 0x20, 0x20, 0x20, 0x20, 0x20, 0x20, 0x20,
	0x20, 0x20, 0x20, 0x7b, 0x0a, 0x20, 0x20, 0x20, 0x20, 0x20, 0x20, 0x20,
	0x20, 0x20, 0x20, 0x20, 0x20, 0x20, 0x20, 0x20, 0x20, 0x75, 0x69, 0x6e,
	0x74, 0x20, 0x70, 0x61, 0x72, 0x61, 0x6d, 0x5f, 0x32, 0x37, 0x20, 0x3d,
	0x20, 0x69, 0x64, 0x78, 0x3b, 0x0a, 0x20, 0x20, 0x20, 0x20, 0x20, 0x20,
	0x20, 0x20, 0x20, 0x20, 0x20, 0x20, 0x20, 0x20, 0x20, 0x20, 0x75, 0x69,
	0x6e, 0x74, 0x20, 0x70, 0x61, 0x72, 0x61, 0x6d, 0x5f, 0x32, 0x38, 0x20,
	0x3d, 0x20, 0x34, 0x31, 0x75, 0x3b, 0x0a, 0x20, 0x20, 0x20, 0x20, 0x20,
	0x20, 0x20, 0x20, 0x20, 0x20, 0x20, 0x20, 0x20, 0x20, 0x20, 0x20, 0x66,
	0x6c, 0x6f, 0x61, 0x74, 0x20, 0x70, 0x61, 0x72, 0x61, 0x6d, 0x5f, 0x32,
	0x39, 0x20, 0x3d, 0x20, 0x70, 0x2e, 0x73, 0x65, 0x65, 0x64, 0x3b, 0x0a,
	0x20, 0x20, 0x20, 0x20, 0x20, 0x20, 0x20, 0x20, 0x20, 0x20, 0x20, 0x20,
	0x20, 0x20, 0x20, 0x20, 0x70, 0x2e, 0x76, 0x65, 0x6c, 0x2e, 0x78, 0x20,
	0x3d, 0x20, 0x28, 0x28, 0x72, 0x61, 0x6e, 0x64, 0x30, 0x31, 0x28, 0x70,
	0x61, 0x72, 0x61, 0x6d, 0x5f, 0x32, 0x37, 0x2c, 0x20, 0x70, 0x61, 0x72,
	0x61, 0x6d, 0x5f, 0x32, 0x38, 0x2c, 0x20, 0x70, 0x61, 0x72, 0x61, 0x6d,
	0x5f, 0x32, 0x39, 0x29, 0x20, 0x2a, 0x20, 0x32, 0x2e, 0x30, 0x29, 0x20,
	0x2d, 0x20, 0x31, 0x2e, 0x30, 0x29, 0x20, 0x2a, 0x20, 0x32, 0x30, 0x2e,
	0x30, 0x3b, 0x0a, 0x20, 0x20, 0x20, 0x20, 0x20, 0x20, 0x20, 0x20, 0x20,
	0x20, 0x20, 0x20, 0x20, 0x20, 0x20, 0x20, 0x75, 0x69, 0x6e, 0x74, 0x20,
	0x70, 0x61, 0x72, 0x61, 0x6d, 0x5f, 0x33, 0x30, 0x20, 0x3d, 0x20, 0x69,
	0x64, 0x78, 0x3b, 0x0a, 0x20, 0x20, 0x20, 0x20, 0x20, 0x20, 0x20, 0x20,
	0x20, 0x20, 0x20, 0x20, 0x20, 0x20, 0x20, 0x20, 0x75, 0x69, 0x6e, 0x74,
	0x20, 0x70, 0x61, 0x72, 0x61, 0x6d, 0x5f, 0x33, 0x31, 0x20, 0x3d, 0x20,
	0x35, 0x33, 0x75, 0x3b, 0x0a, 0x20, 0x20, 0x20, 0x20, 0x20, 0x20, 0x20,
	0x20, 0x20, 0x20, 0x20, 0x20, 0x20, 0x20, 0x20, 0x20, 0x66, 0x6c, 0x6f,
	0x61, 0x74, 0x20, 0x70, 0x61, 0x72, 0x61, 0x6d, 0x5f, 0x33, 0x32, 0x20,
	0x3d, 0x20, 0x70, 0x2e, 0x73, 0x65, 0x65, 0x64, 0x3b, 0x0a, 0x20, 0x20,
	0x20, 0x20, 0x20, 0x20, 0x20, 0x20, 0x20, 0x20, 0x20, 0x20, 0x20, 0x20,
	0x20, 0x20, 0x70, 0x2e, 0x76, 0x65, 0x6c, 0x2e, 0x79, 0x20, 0x3d, 0x20,
	0x28, 0x28, 0x72, 0x61, 0x6e, 0x64, 0x30, 0x31, 0x28, 0x70, 0x61, 0x72,
	0x61, 0x6d, 0x5f, 0x33, 0x30, 0x2c, 0x20, 0x70, 0x61, 0x72, 0x61, 0x6d,
	0x5f, 0x33, 0x31, 0x2c, 0x20, 0x70, 0x61, 0x72, 0x61, 0x6d, 0x5f, 0x33,
	0x32, 0x29, 0x20, 0x2a, 0x20, 0x32, 0x2e, 0x30, 0x29, 0x20, 0x2d, 0x20,
	0x31, 0x2e, 0x30, 0x29, 0x20, 0x2a, 0x20, 0x32, 0x30, 0x2e, 0x30, 0x3b,
	0x0a, 0x20, 0x20, 0x20, 0x20, 0x20, 0x20, 0x20, 0x20, 0x20, 0x20, 0x20,
	0x20, 0x20, 0x20, 0x20, 0x20, 0x70, 0x2e, 0x76, 0x65, 0x6c, 0x2e, 0x7a,
	0x20, 0x3d, 0x20, 0x2d, 0x31, 0x36, 0x30, 0x2e, 0x30, 0x3b, 0x0a, 0x20,
	0x20, 0x20, 0x20, 0x20, 0x20, 0x20, 0x20, 0x20, 0x20, 0x20, 0x20, 0x7d,
	0x0a, 0x20, 0x20, 0x20, 0x20, 0x20, 0x20, 0x20, 0x20, 0x20, 0x20, 0x20,
	0x20, 0x65, 0x6c, 0x73, 0x65, 0x0a, 0x20, 0x20, 0x20, 0x20, 0x20, 0x20,
	0x20, 0x20, 0x20, 0x20, 0x20, 0x20, 0x7b, 0x0a, 0x20, 0x20, 0x20, 0x20,
	0x20, 0x20, 0x20, 0x20, 0x20, 0x20, 0x20, 0x20, 0x20, 0x20, 0x20, 0x20,
	0x69, 0x66, 0x20, 0x28, 0x66, 0x61, 0x6d, 0x69, 0x6c, 0x79, 0x20, 0x3d,
	0x3d, 0x20, 0x33, 0x75, 0x29, 0x0a, 0x20, 0x20, 0x20, 0x20, 0x20, 0x20,
	0x20, 0x20, 0x20, 0x20, 0x20, 0x20, 0x20, 0x20, 0x20, 0x20, 0x7b, 0x0a,
	0x20, 0x20, 0x20, 0x20, 0x20, 0x20, 0x20, 0x20, 0x20, 0x20, 0x20, 0x20,
	0x20, 0x20, 0x20, 0x20, 0x20, 0x20, 0x20, 0x20, 0x70, 0x2e, 0x76, 0x65,
	0x6c, 0x20, 0x3d, 0x20, 0x76, 0x65, 0x63, 0x33, 0x28, 0x30, 0x2e, 0x30,
	0x2c, 0x20, 0x30, 0x2e, 0x30, 0x2c, 0x20, 0x2d, 0x36, 0x30, 0x30, 0x2e,
	0x30, 0x29, 0x3b, 0x0a, 0x20, 0x20, 0x20, 0x20, 0x20, 0x20, 0x20, 0x20,
	0x20, 0x20, 0x20, 0x20, 0x20, 0x20, 0x20, 0x20, 0x20, 0x20, 0x20, 0x20,
	0x77, 0x69, 0x6e, 0x64, 0x53, 0x63, 0x61, 0x6c, 0x65, 0x20, 0x3d, 0x20,
	0x30, 0x2e, 0x35, 0x3b, 0x0a, 0x20, 0x20, 0x20, 0x20, 0x20, 0x20, 0x20,
	0x20, 0x20, 0x20, 0x20, 0x20, 0x20, 0x20, 0x20, 0x20, 0x7d, 0x0a, 0x20,
	0x20, 0x20, 0x20, 0x20, 0x20, 0x20, 0x20, 0x20, 0x20, 0x20, 0x20, 0x20,
	0x20, 0x20, 0x20, 0x65, 0x6c, 0x73, 0x65, 0x0a, 0x20, 0x20, 0x20, 0x20,
	0x20, 0x20, 0x20, 0x20, 0x20, 0x20, 0x20, 0x20, 0x20, 0x20, 0x20, 0x20,
	0x7b, 0x0a, 0x20, 0x20, 0x20, 0x20, 0x20, 0x20, 0x20, 0x20, 0x20, 0x20,
	0x20, 0x20, 0x20, 0x20, 0x20, 0x20, 0x20, 0x20, 0x20, 0x20, 0x69, 0x66,
	0x20, 0x28, 0x66, 0x61, 0x6d, 0x69, 0x6c, 0x79, 0x20, 0x3d, 0x3d, 0x20,
	0x34, 0x75, 0x29, 0x0a, 0x20, 0x20, 0x20, 0x20, 0x20, 0x20, 0x20, 0x20,
	0x20, 0x20, 0x20, 0x20, 0x20, 0x20, 0x20, 0x20, 0x20, 0x20, 0x20, 0x20,
	0x7b, 0x0a, 0x20, 0x20, 0x20, 0x20, 0x20, 0x20, 0x20, 0x20, 0x20, 0x20,
	0x20, 0x20, 0x20, 0x20, 0x20, 0x20, 0x20, 0x20, 0x20, 0x20, 0x20, 0x20,
	0x20, 0x20, 0x70, 0x2e, 0x76, 0x65, 0x6c, 0x20, 0x3d, 0x20, 0x76, 0x65,
	0x63, 0x33, 0x28, 0x30, 0x2e, 0x30, 0x2c, 0x20, 0x30, 0x2e, 0x30, 0x2c,
	0x20, 0x2d, 0x37, 0x32, 0x30, 0x2e, 0x30, 0x29, 0x3b, 0x0a, 0x20, 0x20,
	0x20, 0x20, 0x20, 0x20, 0x20, 0x20, 0x20, 0x20, 0x20, 0x20, 0x20, 0x20,
	0x20, 0x20, 0x20, 0x20, 0x20, 0x20, 0x20, 0x20, 0x20, 0x20, 0x77, 0x69,
	0x6e, 0x64, 0x53, 0x63, 0x61, 0x6c, 0x65, 0x20, 0x3d, 0x20, 0x30, 0x2e,
	0x31, 0x35, 0x30, 0x30, 0x30, 0x30, 0x30, 0x30, 0x35, 0x39, 0x36, 0x30,
	0x34, 0x36, 0x34, 0x34, 0x37, 0x37, 0x35, 0x33, 0x39, 0x30, 0x36, 0x32,
	0x35, 0x3b, 0x0a, 0x20, 0x20, 0x20, 0x20, 0x20, 0x20, 0x20, 0x20, 0x20,
	0x20, 0x20, 0x20, 0x20, 0x20, 0x20, 0x20, 0x20, 0x20, 0x20, 0x20, 0x7d,
	0x0a, 0x20, 0x20, 0x20, 0x20, 0x20, 0x20, 0x20, 0x20, 0x20, 0x20, 0x20,
	0x20, 0x20, 0x20, 0x20, 0x20, 0x20, 0x20, 0x20, 0x20, 0x65, 0x6c, 0x73,
	0x65, 0x0a, 0x20, 0x20, 0x20, 0x20, 0x20, 0x20, 0x20, 0x20, 0x20, 0x20,
	0x20, 0x20, 0x20, 0x20, 0x20, 0x20, 0x20, 0x20, 0x20, 0x20, 0x7b, 0x0a,
	0x20, 0x20, 0x20, 0x20, 0x20, 0x20, 0x20, 0x20, 0x20, 0x20, 0x20, 0x20,
	0x20, 0x20, 0x20, 0x20, 0x20, 0x20, 0x20, 0x20, 0x20, 0x20, 0x20, 0x20,
	0x75, 0x69, 0x6e, 0x74, 0x20, 0x70, 0x61, 0x72, 0x61, 0x6d, 0x5f, 0x33,
	0x33, 0x20, 0x3d, 0x20, 0x69, 0x64, 0x78, 0x3b, 0x0a, 0x20, 0x20, 0x20,
	0x20, 0x20, 0x20, 0x20, 0x20, 0x20, 0x20, 0x20, 0x20, 0x20, 0x20, 0x20,
	0x20, 0x20, 0x20, 0x20, 0x20, 0x20, 0x20, 0x20, 0x20, 0x75, 0x69, 0x6e,
	0x74, 0x20, 0x70, 0x61, 0x72, 0x61, 0x6d, 0x5f, 0x33, 0x34, 0x20, 0x3d,
	0x20, 0x34, 0x31, 0x75, 0x3b, 0x0a, 0x20, 0x20, 0x20, 0x20, 0x20, 0x20,
	0x20, 0x20, 0x20, 0x20, 0x20, 0x20, 0x20, 0x20, 0x20, 0x20, 0x20, 0x20,
	0x20, 0x20, 0x20, 0x20, 0x20, 0x20, 0x66, 0x6c, 0x6f, 0x61, 0x74, 0x20,
	0x70, 0x61, 0x72, 0x61, 0x6d, 0x5f, 0x33, 0x35, 0x20, 0x3d, 0x20, 0x70,
	0x2e, 0x73, 0x65, 0x65, 0x64, 0x3b, 0x0a, 0x20, 0x20, 0x20, 0x20, 0x20,
	0x20, 0x20, 0x20, 0x20, 0x20, 0x20, 0x20, 0x20, 0x20, 0x20, 0x20, 0x20,
	0x20, 0x20, 0x20, 0x20, 0x20, 0x20, 0x20, 0x70, 0x2e, 0x76, 0x65, 0x6c,
	0x2e, 0x78, 0x20, 0x3d, 0x20, 0x28, 0x28, 0x72, 0x61, 0x6e, 0x64, 0x30,
	0x31, 0x28, 0x70, 0x61, 0x72, 0x61, 0x6d, 0x5f, 0x33, 0x33, 0x2c, 0x20,
	0x70, 0x61, 0x72, 0x61, 0x6d, 0x5f, 0x33, 0x34, 0x2c, 0x20, 0x70, 0x61,
	0x72, 0x61, 0x6d, 0x5f, 0x33, 0x35, 0x29, 0x20, 0x2a, 0x20, 0x32, 0x2e,
	0x30, 0x29, 0x20, 0x2d, 0x20, 0x31, 0x2e, 0x30, 0x29, 0x20, 0x2a, 0x20,
	0x33, 0x35, 0x2e, 0x30, 0x3b, 0x0a, 0x20, 0x20, 0x20, 0x20, 0x20, 0x20,
	0x20, 0x20, 0x20, 0x20, 0x20, 0x20, 0x20, 0x20, 0x20, 0x20, 0x20, 0x20,
	0x20, 0x20, 0x20, 0x20, 0x20, 0x20, 0x75, 0x69, 0x6e, 0x74, 0x20, 0x70,
	0x61, 0x72, 0x61, 0x6d, 0x5f, 0x33, 0x36, 0x20, 0x3d, 0x20, 0x69, 0x64,
	0x78, 0x3b, 0x0a, 0x20, 0x20, 0x20, 0x20, 0x20, 0x20, 0x20, 0x20, 0x20,
	0x20, 0x20, 0x20, 0x20, 0x20, 0x20, 0x20, 0x20, 0x20, 0x20, 0x20, 0x20,
	0x20, 0x20, 0x20, 0x75, 0x69, 0x6e, 0x74, 0x20, 0x70, 0x61, 0x72, 0x61,
	0x6d, 0x5f, 0x33, 0x37, 0x20, 0x3d, 0x20, 0x35, 0x33, 0x75, 0x3b, 0x0a,
	0x20, 0x20, 0x20, 0x20, 0x20, 0x20, 0x20, 0x20, 0x20, 0x20, 0x20, 0x20,
	0x20, 0x20, 0x20, 0x20, 0x20, 0x20, 0x20, 0x20, 0x20, 0x20, 0x20, 0x20,
	0x66, 0x6c, 0x6f, 0x61, 0x74, 0x20, 0x70, 0x61, 0x72, 0x61, 0x6d, 0x5f,
	0x33, 0x38, 0x20, 0x3d, 0x20, 0x70, 0x2e, 0x73, 0x65, 0x65, 0x64, 0x3b,
	0x0a, 0x20, 0x20, 0x20, 0x20, 0x20, 0x20, 0x20, 0x20, 0x20, 0x20, 0x20,
	0x20, 0x20, 0x20, 0x20, 0x20, 0x20, 0x20, 0x20, 0x20, 0x20, 0x20, 0x20,
	0x20, 0x70, 0x2e, 0x76, 0x65, 0x6c, 0x2e, 0x79, 0x20, 0x3d, 0x20, 0x28,
	0x28, 0x72, 0x61, 0x6e, 0x64, 0x30, 0x31, 0x28, 0x70, 0x61, 0x72, 0x61,
	0x6d, 0x5f, 0x33, 0x36, 0x2c, 0x20, 0x70, 0x61, 0x72, 0x61, 0x6d, 0x5f,
	0x33, 0x37, 0x2c, 0x20, 0x70, 0x61, 0x72, 0x61, 0x6d, 0x5f, 0x33, 0x38,
	0x29, 0x20, 0x2a, 0x20, 0x32, 0x2e, 0x30, 0x29, 0x20, 0x2d, 0x20, 0x31,
	0x2e, 0x30, 0x29, 0x20, 0x2a, 0x20, 0x33, 0x35, 0x2e, 0x30, 0x3b, 0x0a,
	0x20, 0x20, 0x20, 0x20, 0x20, 0x20, 0x20, 0x20, 0x20, 0x20, 0x20, 0x20,
	0x20, 0x20, 0x20, 0x20, 0x20, 0x20, 0x20, 0x20, 0x20, 0x20, 0x20, 0x20,
	0x70, 0x2e, 0x76, 0x65, 0x6c, 0x2e, 0x7a, 0x20, 0x3d, 0x20, 0x2d, 0x33,
	0x32, 0x2e, 0x30, 0x3b, 0x0a, 0x20, 0x20, 0x20, 0x20, 0x20, 0x20, 0x20,
	0x20, 0x20, 0x20, 0x20, 0x20, 0x20, 0x20, 0x20, 0x20, 0x20, 0x20, 0x20,
	0x20, 0x20, 0x20, 0x20, 0x20, 0x77, 0x69, 0x6e, 0x64, 0x53, 0x63, 0x61,
	0x6c, 0x65, 0x20, 0x3d, 0x20, 0x31, 0x2e, 0x35, 0x3b, 0x0a, 0x20, 0x20,
	0x20, 0x20, 0x20, 0x20, 0x20, 0x20, 0x20, 0x20, 0x20, 0x20, 0x20, 0x20,
	0x20, 0x20, 0x20, 0x20, 0x20, 0x20, 0x7d, 0x0a, 0x20, 0x20, 0x20, 0x20,
	0x20, 0x20, 0x20, 0x20, 0x20, 0x20, 0x20, 0x20, 0x20, 0x20, 0x20, 0x20,
	0x7d, 0x0a, 0x20, 0x20, 0x20, 0x20, 0x20, 0x20, 0x20, 0x20, 0x20, 0x20,
	0x20, 0x20, 0x7d, 0x0a, 0x20, 0x20, 0x20, 0x20, 0x20, 0x20, 0x20, 0x20,
	0x7d, 0x0a, 0x20, 0x20, 0x20, 0x20, 0x20, 0x20, 0x20, 0x20, 0x70, 0x2e,
	0x76, 0x65, 0x6c, 0x20, 0x2b, 0x3d, 0x20, 0x28, 0x5f, 0x37, 0x37, 0x2e,
	0x77, 0x69, 0x6e, 0x64, 0x47, 0x75, 0x73, 0x74, 0x2e, 0x78, 0x79, 0x7a,
	0x20, 0x2a, 0x20, 0x77, 0x69, 0x6e, 0x64, 0x53, 0x63, 0x61, 0x6c, 0x65,
	0x29, 0x3b, 0x0a, 0x20, 0x20, 0x20, 0x20, 0x20, 0x20, 0x20, 0x20, 0x70,
	0x2e, 0x66, 0x6c, 0x61, 0x67, 0x73, 0x20, 0x3d, 0x20, 0x66, 0x6c, 0x6f,
	0x61, 0x74, 0x28, 0x66, 0x61, 0x6d, 0x69, 0x6c, 0x79, 0x29, 0x3b, 0x0a,
	0x20, 0x20, 0x20, 0x20, 0x20, 0x20, 0x20, 0x20, 0x5f, 0x33, 0x37, 0x38,
	0x2e, 0x77, 0x72, 0x69, 0x74, 0x65, 0x50, 0x61, 0x72, 0x74, 0x69, 0x63,
	0x6c, 0x65, 0x73, 0x5b, 0x69, 0x64, 0x78, 0x5d, 0x2e, 0x70, 0x6f, 0x73,
	0x20, 0x3d, 0x20, 0x70, 0x2e, 0x70, 0x6f, 0x73, 0x3b, 0x0a, 0x20, 0x20,
	0x20, 0x20, 0x20, 0x20, 0x20, 0x20, 0x5f, 0x33, 0x37, 0x38, 0x2e, 0x77,
	0x72, 0x69, 0x74, 0x65, 0x50, 0x61, 0x72, 0x74, 0x69, 0x63, 0x6c, 0x65,
	0x73, 0x5b, 0x69, 0x64, 0x78, 0x5d, 0x2e, 0x73, 0x65, 0x65, 0x64, 0x20,
	0x3d, 0x20, 0x70, 0x2e, 0x73, 0x65, 0x65, 0x64, 0x3b, 0x0a, 0x20, 0x20,
	0x20, 0x20, 0x20, 0x20, 0x20, 0x20, 0x5f, 0x33, 0x37, 0x38, 0x2e, 0x77,
	0x72, 0x69, 0x74, 0x65, 0x50, 0x61, 0x72, 0x74, 0x69, 0x63, 0x6c, 0x65,
	0x73, 0x5b, 0x69, 0x64, 0x78, 0x5d, 0x2e, 0x76, 0x65, 0x6c, 0x20, 0x3d,
	0x20, 0x70, 0x2e, 0x76, 0x65, 0x6c, 0x3b, 0x0a, 0x20, 0x20, 0x20, 0x20,
	0x20, 0x20, 0x20, 0x20, 0x5f, 0x33, 0x37, 0x38, 0x2e, 0x77, 0x72, 0x69,
	0x74, 0x65, 0x50, 0x61, 0x72, 0x74, 0x69, 0x63, 0x6c, 0x65, 0x73, 0x5b,
	0x69, 0x64, 0x78, 0x5d, 0x2e, 0x66, 0x6c, 0x61, 0x67, 0x73, 0x20, 0x3d,
	0x20, 0x70, 0x2e, 0x66, 0x6c, 0x61, 0x67, 0x73, 0x3b, 0x0a, 0x20, 0x20,
	0x20, 0x20, 0x20, 0x20, 0x20, 0x20, 0x72, 0x65, 0x74, 0x75, 0x72, 0x6e,
	0x3b, 0x0a, 0x20, 0x20, 0x20, 0x20, 0x7d, 0x0a, 0x20, 0x20, 0x20, 0x20,
	0x70, 0x2e, 0x70, 0x6f, 0x73, 0x20, 0x2b, 0x3d, 0x20, 0x28, 0x70, 0x2e,
	0x76, 0x65, 0x6c, 0x20, 0x2a, 0x20, 0x5f, 0x37, 0x37, 0x2e, 0x64, 0x74,
	0x29, 0x3b, 0x0a, 0x20, 0x20, 0x20, 0x20, 0x75, 0x69, 0x6e, 0x74, 0x20,
	0x66, 0x61, 0x6d, 0x69, 0x6c, 0x79, 0x5f, 0x31, 0x20, 0x3d, 0x20, 0x75,
	0x69, 0x6e, 0x74, 0x28, 0x70, 0x2e, 0x66, 0x6c, 0x61, 0x67, 0x73, 0x20,
	0x2b, 0x20, 0x30, 0x2e, 0x35, 0x29, 0x3b, 0x0a, 0x20, 0x20, 0x20, 0x20,
	0x69, 0x66, 0x20, 0x28, 0x28, 0x66, 0x61, 0x6d, 0x69, 0x6c, 0x79, 0x5f,
	0x31, 0x20, 0x3d, 0x3d, 0x20, 0x32, 0x75, 0x29, 0x20, 0x7c, 0x7c, 0x20,
	0x28, 0x66, 0x61, 0x6d, 0x69, 0x6c, 0x79, 0x5f, 0x31, 0x20, 0x3d, 0x3d,
	0x20, 0x35, 0x75, 0x29, 0x29, 0x0a, 0x20, 0x20, 0x20, 0x20, 0x7b, 0x0a,
	0x20, 0x20, 0x20, 0x20, 0x20, 0x20, 0x20, 0x20, 0x70, 0x2e, 0x70, 0x6f,
	0x73, 0x2e, 0x78, 0x20, 0x2b, 0x3d, 0x20, 0x28, 0x73, 0x69, 0x6e, 0x28,
	0x5f, 0x37, 0x37, 0x2e, 0x74, 0x69, 0x6d, 0x65, 0x20, 0x2b, 0x20, 0x66,
	0x6c, 0x6f, 0x61, 0x74, 0x28, 0x69, 0x64, 0x78, 0x29, 0x29, 0x20, 0x2a,
	0x20, 0x30, 0x2e, 0x35, 0x29, 0x3b, 0x0a, 0x20, 0x20, 0x20, 0x20, 0x20,
	0x20, 0x20, 0x20, 0x70, 0x2e, 0x70, 0x6f, 0x73, 0x2e, 0x79, 0x20, 0x2b,
	0x3d, 0x20, 0x28, 0x63, 0x6f, 0x73, 0x28, 0x28, 0x5f, 0x37, 0x37, 0x2e,
	0x74, 0x69, 0x6d, 0x65, 0x20, 0x2a, 0x20, 0x31, 0x2e, 0x32, 0x39, 0x39,
	0x39, 0x39, 0x39, 0x39, 0x35, 0x32, 0x33, 0x31, 0x36, 0x32, 0x38, 0x34,
	0x31, 0x37, 0x39, 0x36, 0x38, 0x37, 0x35, 0x29, 0x20, 0x2b, 0x20, 0x66,
	0x6c, 0x6f, 0x61, 0x74, 0x28, 0x69, 0x64, 0x78, 0x29, 0x29, 0x20, 0x2a,
	0x20, 0x30, 0x2e, 0x35, 0x29, 0x3b, 0x0a, 0x20, 0x20, 0x20, 0x20, 0x7d,
	0x0a, 0x20, 0x20, 0x20, 0x20, 0x66, 0x6c, 0x6f, 0x61, 0x74, 0x20, 0x67,
	0x75, 0x73, 0x74, 0x50, 0x68, 0x61, 0x73, 0x65, 0x20, 0x3d, 0x20, 0x73,
	0x69, 0x6e, 0x28, 0x28, 0x5f, 0x37, 0x37, 0x2e, 0x74, 0x69, 0x6d, 0x65,
	0x20, 0x2a, 0x20, 0x30, 0x2e, 0x36, 0x39, 0x39, 0x39, 0x39, 0x39, 0x39,
	0x38, 0x38, 0x30, 0x37, 0x39, 0x30, 0x37, 0x31, 0x30, 0x34, 0x34, 0x39,
	0x32, 0x31, 0x38, 0x37, 0x35, 0x29, 0x20, 0x2b, 0x20, 0x28, 0x66, 0x6c,
	0x6f, 0x61, 0x74, 0x28, 0x69, 0x64, 0x78, 0x20, 0x25, 0x20, 0x39, 0x37,
	0x75, 0x29, 0x20, 0x2a, 0x20, 0x30, 0x2e, 0x33, 0x37, 0x30, 0x30, 0x30,
	0x30, 0x30, 0x30, 0x34, 0x37, 0x36, 0x38, 0x33, 0x37, 0x31, 0x35, 0x38,
	0x32, 0x30, 0x33, 0x31, 0x32, 0x35, 0x29, 0x29, 0x3b, 0x0a, 0x20, 0x20,
	0x20, 0x20, 0x66, 0x6c, 0x6f, 0x61, 0x74, 0x20, 0x5f, 0x39, 0x37, 0x36,
	0x3b, 0x0a, 0x20, 0x20, 0x20, 0x20, 0x69, 0x66, 0x20, 0x28, 0x66, 0x61,
	0x6d, 0x69, 0x6c, 0x79, 0x5f, 0x31, 0x20, 0x3d, 0x3d, 0x20, 0x31, 0x75,
	0x29, 0x0a, 0x20, 0x20, 0x20, 0x20, 0x7b, 0x0a, 0x20, 0x20, 0x20, 0x20,
	0x20, 0x20, 0x20, 0x20, 0x5f, 0x39, 0x37, 0x36, 0x20, 0x3d, 0x20, 0x30,
	0x2e, 0x32, 0x35, 0x3b, 0x0a, 0x20, 0x20, 0x20, 0x20, 0x7d, 0x0a, 0x20,
	0x20, 0x20, 0x20, 0x65, 0x6c, 0x73, 0x65, 0x0a, 0x20, 0x20, 0x20, 0x20,
	0x7b, 0x0a, 0x20, 0x20, 0x20, 0x20, 0x20, 0x20, 0x20, 0x20, 0x66, 0x6c,
	0x6f, 0x61, 0x74, 0x20, 0x5f, 0x39, 0x38, 0x32, 0x3b, 0x0a, 0x20, 0x20,
	0x20, 0x20, 0x20, 0x20, 0x20, 0x20, 0x69, 0x66, 0x20, 0x28, 0x66, 0x61,
	0x6d, 0x69, 0x6c, 0x79, 0x5f, 0x31, 0x20, 0x3d, 0x3d, 0x20, 0x33, 0x75,
	0x29, 0x0a, 0x20, 0x20, 0x20, 0x20, 0x20, 0x20, 0x20, 0x20, 0x7b, 0x0a,
	0x20, 0x20, 0x20, 0x20, 0x20, 0x20, 0x20, 0x20, 0x20, 0x20, 0x20, 0x20,
	0x5f, 0x39, 0x38, 0x32, 0x20, 0x3d, 0x20, 0x30, 0x2e, 0x35, 0x3b, 0x0a,
	0x20, 0x20, 0x20, 0x20, 0x20, 0x20, 0x20, 0x20, 0x7d, 0x0a, 0x20, 0x20,
	0x20, 0x20, 0x20, 0x20, 0x20, 0x20, 0x65, 0x6c, 0x73, 0x65, 0x0a, 0x20,
	0x20, 0x20, 0x20, 0x20, 0x20, 0x20, 0x20, 0x7b, 0x0a, 0x20, 0x20, 0x20,
	0x20, 0x20, 0x20, 0x20, 0x20, 0x20, 0x20, 0x20, 0x20, 0x66, 0x6c, 0x6f,
	0x61, 0x74, 0x20, 0x5f, 0x39, 0x38, 0x38, 0x3b, 0x0a, 0x20, 0x20, 0x20,
	0x20, 0x20, 0x20, 0x20, 0x20, 0x20, 0x20, 0x20, 0x20, 0x69, 0x66, 0x20,
	0x28, 0x66, 0x61, 0x6d, 0x69, 0x6c, 0x79, 0x5f, 0x31, 0x20, 0x3d, 0x3d,
	0x20, 0x34, 0x75, 0x29, 0x0a, 0x20, 0x20, 0x20, 0x20, 0x20, 0x20, 0x20,
	0x20, 0x20, 0x20, 0x20, 0x20, 0x7b, 0x0a, 0x20, 0x20, 0x20, 0x20, 0x20,
	0x20, 0x20, 0x20, 0x20, 0x20, 0x20, 0x20, 0x20, 0x20, 0x20, 0x20, 0x5f,
	0x39, 0x38, 0x38, 0x20, 0x3d, 0x20, 0x30, 0x2e, 0x31, 0x35, 0x30, 0x30,
	0x30, 0x30, 0x30, 0x30, 0x35, 0x39, 0x36, 0x30, 0x34, 0x36, 0x34, 0x34,
	0x37, 0x37, 0x35, 0x33, 0x39, 0x30, 0x36, 0x32, 0x35, 0x3b, 0x0a, 0x20,
	0x20, 0x20, 0x20, 0x20, 0x20, 0x20, 0x20, 0x20, 0x20, 0x20, 0x20, 0x7d,
	0x0a, 0x20, 0x20, 0x20, 0x20, 0x20, 0x20, 0x20, 0x20, 0x20, 0x20, 0x20,
	0x20, 0x65, 0x6c, 0x73, 0x65, 0x0a, 0x20, 0x20, 0x20, 0x20, 0x20, 0x20,
	0x20, 0x20, 0x20, 0x20, 0x20, 0x20, 0x7b, 0x0a, 0x20, 0x20, 0x20, 0x20,
	0x20, 0x20, 0x20, 0x20, 0x20, 0x20, 0x20, 0x20, 0x20, 0x20, 0x20, 0x20,
	0x5f, 0x39, 0x38, 0x38, 0x20, 0x3d, 0x20, 0x28, 0x66, 0x61, 0x6d, 0x69,
	0x6c, 0x79, 0x5f, 0x31, 0x20, 0x3d, 0x3d, 0x20, 0x35, 0x75, 0x29, 0x20,
	0x3f, 0x20, 0x31, 0x2e, 0x35, 0x20, 0x3a, 0x20, 0x31, 0x2e, 0x30, 0x3b,
	0x0a, 0x20, 0x20, 0x20, 0x20, 0x20, 0x20, 0x20, 0x20, 0x20, 0x20, 0x20,
	0x20, 0x7d, 0x0a, 0x20, 0x20, 0x20, 0x20, 0x20, 0x20, 0x20, 0x20, 0x20,
	0x20, 0x20, 0x20, 0x5f, 0x39, 0x38, 0x32, 0x20, 0x3d, 0x20, 0x5f, 0x39,
	0x38, 0x38, 0x3b, 0x0a, 0x20, 0x20, 0x20, 0x20, 0x20, 0x20, 0x20, 0x20,
	0x7d, 0x0a, 0x20, 0x20, 0x20, 0x20, 0x20, 0x20, 0x20, 0x20, 0x5f, 0x39,
	0x37, 0x36, 0x20, 0x3d, 0x20, 0x5f, 0x39, 0x38, 0x32, 0x3b, 0x0a, 0x20,
	0x20, 0x20, 0x20, 0x7d, 0x0a, 0x20, 0x20, 0x20, 0x20, 0x66, 0x6c, 0x6f,
	0x61, 0x74, 0x20, 0x66, 0x61, 0x6d, 0x69, 0x6c, 0x79, 0x57, 0x69, 0x6e,
	0x64, 0x20, 0x3d, 0x20, 0x5f, 0x39, 0x37, 0x36, 0x3b, 0x0a, 0x20, 0x20,
	0x20, 0x20, 0x70, 0x2e, 0x70, 0x6f, 0x73, 0x20, 0x2b, 0x3d, 0x20, 0x28,
	0x5f, 0x37, 0x37, 0x2e, 0x77, 0x69, 0x6e, 0x64, 0x47, 0x75, 0x73, 0x74,
	0x2e, 0x78, 0x79, 0x7a, 0x20, 0x2a, 0x20, 0x28, 0x28, 0x28, 0x5f, 0x37,
	0x37, 0x2e, 0x77, 0x69, 0x6e, 0x64, 0x47, 0x75, 0x73, 0x74, 0x2e, 0x77,
	0x20, 0x2a, 0x20, 0x67, 0x75, 0x73, 0x74, 0x50, 0x68, 0x61, 0x73, 0x65,
	0x29, 0x20, 0x2a, 0x20, 0x66, 0x61, 0x6d, 0x69, 0x6c, 0x79, 0x57, 0x69,
	0x6e, 0x64, 0x29, 0x20, 0x2a, 0x20, 0x5f, 0x37, 0x37, 0x2e, 0x64, 0x74,
	0x29, 0x29, 0x3b, 0x0a, 0x20, 0x20, 0x20, 0x20, 0x66, 0x6c, 0x6f, 0x61,
	0x74, 0x20, 0x5f, 0x31, 0x30, 0x31, 0x39, 0x3b, 0x0a, 0x20, 0x20, 0x20,
	0x20, 0x69, 0x66, 0x20, 0x28, 0x5f, 0x37, 0x37, 0x2e, 0x67, 0x72, 0x69,
	0x64, 0x53, 0x69, 0x7a, 0x65, 0x20, 0x3e, 0x20, 0x31, 0x75, 0x29, 0x0a,
	0x20, 0x20, 0x20, 0x20, 0x7b, 0x0a, 0x20, 0x20, 0x20, 0x20, 0x20, 0x20,
	0x20, 0x20, 0x76, 0x65, 0x63, 0x32, 0x20, 0x70, 0x61, 0x72, 0x61, 0x6d,
	0x5f, 0x33, 0x39, 0x20, 0x3d, 0x20, 0x70, 0x2e, 0x70, 0x6f, 0x73, 0x2e,
	0x78, 0x79, 0x3b, 0x0a, 0x20, 0x20, 0x20, 0x20, 0x20, 0x20, 0x20, 0x20,
	0x5f, 0x31, 0x30, 0x31, 0x39, 0x20, 0x3d, 0x20, 0x67, 0x72, 0x6f, 0x75,
	0x6e, 0x64, 0x48, 0x65, 0x69, 0x67, 0x68, 0x74, 0x41, 0x74, 0x28, 0x70,
	0x61, 0x72, 0x61, 0x6d, 0x5f, 0x33, 0x39, 0x29, 0x3b, 0x0a, 0x20, 0x20,
	0x20, 0x20, 0x7d, 0x0a, 0x20, 0x20, 0x20, 0x20, 0x65, 0x6c, 0x73, 0x65,
	0x0a, 0x20, 0x20, 0x20, 0x20, 0x7b, 0x0a, 0x20, 0x20, 0x20, 0x20, 0x20,
	0x20, 0x20, 0x20, 0x5f, 0x31, 0x30, 0x31, 0x39, 0x20, 0x3d, 0x20, 0x5f,
	0x37, 0x37, 0x2e, 0x62, 0x6f, 0x75, 0x6e, 0x64, 0x73, 0x4d, 0x69, 0x6e,
	0x2e, 0x7a, 0x3b, 0x0a, 0x20, 0x20, 0x20, 0x20, 0x7d, 0x0a, 0x20, 0x20,
	0x20, 0x20, 0x66, 0x6c, 0x6f, 0x61, 0x74, 0x20, 0x67, 0x72, 0x6f, 0x75,
	0x6e, 0x64, 0x20, 0x3d, 0x20, 0x5f, 0x31, 0x30, 0x31, 0x39, 0x3b, 0x0a,
	0x20, 0x20, 0x20, 0x20, 0x69, 0x66, 0x20, 0x28, 0x70, 0x2e, 0x70, 0x6f,
	0x73, 0x2e, 0x7a, 0x20, 0x3c, 0x20, 0x67, 0x72, 0x6f, 0x75, 0x6e, 0x64,
	0x29, 0x0a, 0x20, 0x20, 0x20, 0x20, 0x7b, 0x0a, 0x20, 0x20, 0x20, 0x20,
	0x20, 0x20, 0x20, 0x20, 0x41, 0x74, 0x6d, 0x50, 0x61, 0x72, 0x74, 0x69,
	0x63, 0x6c, 0x65, 0x20, 0x5f, 0x31, 0x30, 0x33, 0x38, 0x20, 0x3d, 0x20,
	0x64, 0x65, 0x61, 0x64, 0x50, 0x61, 0x72, 0x74, 0x69, 0x63, 0x6c, 0x65,
	0x28, 0x29, 0x3b, 0x0a, 0x20, 0x20, 0x20, 0x20, 0x20, 0x20, 0x20, 0x20,
	0x5f, 0x33, 0x37, 0x38, 0x2e, 0x77, 0x72, 0x69, 0x74, 0x65, 0x50, 0x61,
	0x72, 0x74, 0x69, 0x63, 0x6c, 0x65, 0x73, 0x5b, 0x69, 0x64, 0x78, 0x5d,
	0x2e, 0x70, 0x6f, 0x73, 0x20, 0x3d, 0x20, 0x5f, 0x31, 0x30, 0x33, 0x38,
	0x2e, 0x70, 0x6f, 0x73, 0x3b, 0x0a, 0x20, 0x20, 0x20, 0x20, 0x20, 0x20,
	0x20, 0x20, 0x5f, 0x33, 0x37, 0x38, 0x2e, 0x77, 0x72, 0x69, 0x74, 0x65,
	0x50, 0x61, 0x72, 0x74, 0x69, 0x63, 0x6c, 0x65, 0x73, 0x5b, 0x69, 0x64,
	0x78, 0x5d, 0x2e, 0x73, 0x65, 0x65, 0x64, 0x20, 0x3d, 0x20, 0x5f, 0x31,
	0x30, 0x33, 0x38, 0x2e, 0x73, 0x65, 0x65, 0x64, 0x3b, 0x0a, 0x20, 0x20,
	0x20, 0x20, 0x20, 0x20, 0x20, 0x20, 0x5f, 0x33, 0x37, 0x38, 0x2e, 0x77,
	0x72, 0x69, 0x74, 0x65, 0x50, 0x61, 0x72, 0x74, 0x69, 0x63, 0x6c, 0x65,
	0x73, 0x5b, 0x69, 0x64, 0x78, 0x5d, 0x2e, 0x76, 0x65, 0x6c, 0x20, 0x3d,
	0x20, 0x5f, 0x31, 0x30, 0x33, 0x38, 0x2e, 0x76, 0x65, 0x6c, 0x3b, 0x0a,
	0x20, 0x20, 0x20, 0x20, 0x20, 0x20, 0x20, 0x20, 0x5f, 0x33, 0x37, 0x38,
	0x2e, 0x77, 0x72, 0x69, 0x74, 0x65, 0x50, 0x61, 0x72, 0x74, 0x69, 0x63,
	0x6c, 0x65, 0x73, 0x5b, 0x69, 0x64, 0x78, 0x5d, 0x2e, 0x66, 0x6c, 0x61,
	0x67, 0x73, 0x20, 0x3d, 0x20, 0x5f, 0x31, 0x30, 0x33, 0x38, 0x2e, 0x66,
	0x6c, 0x61, 0x67, 0x73, 0x3b, 0x0a, 0x20, 0x20, 0x20, 0x20, 0x20, 0x20,
	0x20, 0x20, 0x72, 0x65, 0x74, 0x75, 0x72, 0x6e, 0x3b, 0x0a, 0x20, 0x20,
	0x20, 0x20, 0x7d, 0x0a, 0x20, 0x20, 0x20, 0x20, 0x76, 0x65, 0x63, 0x32,
	0x20, 0x64, 0x20, 0x3d, 0x20, 0x70, 0x2e, 0x70, 0x6f, 0x73, 0x2e, 0x78,
	0x79, 0x20, 0x2d, 0x20, 0x5f, 0x37, 0x37, 0x2e, 0x65, 0x79, 0x65, 0x57,
	0x6f, 0x72, 0x6c, 0x64, 0x2e, 0x78, 0x79, 0x3b, 0x0a, 0x20, 0x20, 0x20,
	0x20, 0x69, 0x66, 0x20, 0x28, 0x64, 0x6f, 0x74, 0x28, 0x64, 0x2c, 0x20,
	0x64, 0x29, 0x20, 0x3e, 0x20, 0x28, 0x5f, 0x37, 0x37, 0x2e, 0x5f, 0x64,
	0x69, 0x73, 0x74, 0x61, 0x6e, 0x63, 0x65, 0x20, 0x2a, 0x20, 0x5f, 0x37,
	0x37, 0x2e, 0x5f, 0x64, 0x69, 0x73, 0x74, 0x61, 0x6e, 0x63, 0x65, 0x29,
	0x29, 0x0a, 0x20, 0x20, 0x20, 0x20, 0x7b, 0x0a, 0x20, 0x20, 0x20, 0x20,
	0x20, 0x20, 0x20, 0x20, 0x41, 0x74, 0x6d, 0x50, 0x61, 0x72, 0x74, 0x69,
	0x63, 0x6c, 0x65, 0x20, 0x5f, 0x31, 0x30, 0x36, 0x39, 0x20, 0x3d, 0x20,
	0x64, 0x65, 0x61, 0x64, 0x50, 0x61, 0x72, 0x74, 0x69, 0x63, 0x6c, 0x65,
	0x28, 0x29, 0x3b, 0x0a, 0x20, 0x20, 0x20, 0x20, 0x20, 0x20, 0x20, 0x20,
	0x5f, 0x33, 0x37, 0x38, 0x2e, 0x77, 0x72, 0x69, 0x74, 0x65, 0x50, 0x61,
	0x72, 0x74, 0x69, 0x63, 0x6c, 0x65, 0x73, 0x5b, 0x69, 0x64, 0x78, 0x5d,
	0x2e, 0x70, 0x6f, 0x73, 0x20, 0x3d, 0x20, 0x5f, 0x31, 0x30, 0x36, 0x39,
	0x2e, 0x70, 0x6f, 0x73, 0x3b, 0x0a, 0x20, 0x20, 0x20, 0x20, 0x20, 0x20,
	0x20, 0x20, 0x5f, 0x33, 0x37, 0x38, 0x2e, 0x77, 0x72, 0x69, 0x74, 0x65,
	0x50, 0x61, 0x72, 0x74, 0x69, 0x63, 0x6c, 0x65, 0x73, 0x5b, 0x69, 0x64,
	0x78, 0x5d, 0x2e, 0x73, 0x65, 0x65, 0x64, 0x20, 0x3d, 0x20, 0x5f, 0x31,
	0x30, 0x36, 0x39, 0x2e, 0x73, 0x65, 0x65, 0x64, 0x3b, 0x0a, 0x20, 0x20,
	0x20, 0x20, 0x20, 0x20, 0x20, 0x20, 0x5f, 0x33, 0x37, 0x38, 0x2e, 0x77,
	0x72, 0x69, 0x74, 0x65, 0x50, 0x61, 0x72, 0x74, 0x69, 0x63, 0x6c, 0x65,
	0x73, 0x5b, 0x69, 0x64, 0x78, 0x5d, 0x2e, 0x76, 0x65, 0x6c, 0x20, 0x3d,
	0x20, 0x5f, 0x31, 0x30, 0x36, 0x39, 0x2e, 0x76, 0x65, 0x6c, 0x3b, 0x0a,
	0x20, 0x20, 0x20, 0x20, 0x20, 0x20, 0x20, 0x20, 0x5f, 0x33, 0x37, 0x38,
	0x2e, 0x77, 0x72, 0x69, 0x74, 0x65, 0x50, 0x61, 0x72, 0x74, 0x69, 0x63,
	0x6c, 0x65, 0x73, 0x5b, 0x69, 0x64, 0x78, 0x5d, 0x2e, 0x66, 0x6c, 0x61,
	0x67, 0x73, 0x20, 0x3d, 0x20, 0x5f, 0x31, 0x30, 0x36, 0x39, 0x2e, 0x66,
	0x6c, 0x61, 0x67, 0x73, 0x3b, 0x0a, 0x20, 0x20, 0x20, 0x20, 0x20, 0x20,
	0x20, 0x20, 0x72, 0x65, 0x74, 0x75, 0x72, 0x6e, 0x3b, 0x0a, 0x20, 0x20,
	0x20, 0x20, 0x7d, 0x0a, 0x20, 0x20, 0x20, 0x20, 0x69, 0x66, 0x20, 0x28,
	0x70, 0x2e, 0x70, 0x6f, 0x73, 0x2e, 0x7a, 0x20, 0x3c, 0x20, 0x28, 0x5f,
	0x37, 0x37, 0x2e, 0x65, 0x79, 0x65, 0x57, 0x6f, 0x72, 0x6c, 0x64, 0x2e,
	0x7a, 0x20, 0x2d, 0x20, 0x35, 0x30, 0x30, 0x2e, 0x30, 0x29, 0x29, 0x0a,
	0x20, 0x20, 0x20, 0x20, 0x7b, 0x0a, 0x20, 0x20, 0x20, 0x20, 0x20, 0x20,
	0x20, 0x20, 0x41, 0x74, 0x6d, 0x50, 0x61, 0x72, 0x74, 0x69, 0x63, 0x6c,
	0x65, 0x20, 0x5f, 0x31, 0x30, 0x39, 0x30, 0x20, 0x3d, 0x20, 0x64, 0x65,
	0x61, 0x64, 0x50, 0x61, 0x72, 0x74, 0x69, 0x63, 0x6c, 0x65, 0x28, 0x29,
	0x3b, 0x0a, 0x20, 0x20, 0x20, 0x20, 0x20, 0x20, 0x20, 0x20, 0x5f, 0x33,
	0x37, 0x38, 0x2e, 0x77, 0x72, 0x69, 0x74, 0x65, 0x50, 0x61, 0x72, 0x74,
	0x69, 0x63, 0x6c, 0x65, 0x73, 0x5b, 0x69, 0x64, 0x78, 0x5d, 0x2e, 0x70,
	0x6f, 0x73, 0x20, 0x3d, 0x20, 0x5f, 0x31, 0x30, 0x39, 0x30, 0x2e, 0x70,
	0x6f, 0x73, 0x3b, 0x0a, 0x20, 0x20, 0x20, 0x20, 0x20, 0x20, 0x20, 0x20,
	0x5f, 0x33, 0x37, 0x38, 0x2e, 0x77, 0x72, 0x69, 0x74, 0x65, 0x50, 0x61,
	0x72, 0x74, 0x69, 0x63, 0x6c, 0x65, 0x73, 0x5b, 0x69, 0x64, 0x78, 0x5d,
	0x2e, 0x73, 0x65, 0x65, 0x64, 0x20, 0x3d, 0x20, 0x5f, 0x31, 0x30, 0x39,
	0x30, 0x2e, 0x73, 0x65, 0x65, 0x64, 0x3b, 0x0a, 0x20, 0x20, 0x20, 0x20,
	0x20, 0x20, 0x20, 0x20, 0x5f, 0x33, 0x37, 0x38, 0x2e, 0x77, 0x72, 0x69,
	0x74, 0x65, 0x50, 0x61, 0x72, 0x74, 0x69, 0x63, 0x6c, 0x65, 0x73, 0x5b,
	0x69, 0x64, 0x78, 0x5d, 0x2e, 0x76, 0x65, 0x6c, 0x20, 0x3d, 0x20, 0x5f,
	0x31, 0x30, 0x39, 0x30, 0x2e, 0x76, 0x65, 0x6c, 0x3b, 0x0a, 0x20, 0x20,
	0x20, 0x20, 0x20, 0x20, 0x20, 0x20, 0x5f, 0x33, 0x37, 0x38, 0x2e, 0x77,
	0x72, 0x69, 0x74, 0x65, 0x50, 0x61, 0x72, 0x74, 0x69, 0x63, 0x6c, 0x65,
	0x73, 0x5b, 0x69, 0x64, 0x78, 0x5d, 0x2e, 0x66, 0x6c, 0x61, 0x67, 0x73,
	0x20, 0x3d, 0x20, 0x5f, 0x31, 0x30, 0x39, 0x30, 0x2e, 0x66, 0x6c, 0x61,
	0x67, 0x73, 0x3b, 0x0a, 0x20, 0x20, 0x20, 0x20, 0x20, 0x20, 0x20, 0x20,
	0x72, 0x65, 0x74, 0x75, 0x72, 0x6e, 0x3b, 0x0a, 0x20, 0x20, 0x20, 0x20,
	0x7d, 0x0a, 0x20, 0x20, 0x20, 0x20, 0x5f, 0x33, 0x37, 0x38, 0x2e, 0x77,
	0x72, 0x69, 0x74, 0x65, 0x50, 0x61, 0x72, 0x74, 0x69, 0x63, 0x6c, 0x65,
	0x73, 0x5b, 0x69, 0x64, 0x78, 0x5d, 0x2e, 0x70, 0x6f, 0x73, 0x20, 0x3d,
	0x20, 0x70, 0x2e, 0x70, 0x6f, 0x73, 0x3b, 0x0a, 0x20, 0x20, 0x20, 0x20,
	0x5f, 0x33, 0x37, 0x38, 0x2e, 0x77, 0x72, 0x69, 0x74, 0x65, 0x50, 0x61,
	0x72, 0x74, 0x69, 0x63, 0x6c, 0x65, 0x73, 0x5b, 0x69, 0x64, 0x78, 0x5d,
	0x2e, 0x73, 0x65, 0x65, 0x64, 0x20, 0x3d, 0x20, 0x70, 0x2e, 0x73, 0x65,
	0x65, 0x64, 0x3b, 0x0a, 0x20, 0x20, 0x20, 0x20, 0x5f, 0x33, 0x37, 0x38,
	0x2e, 0x77, 0x72, 0x69, 0x74, 0x65, 0x50, 0x61, 0x72, 0x74, 0x69, 0x63,
	0x6c, 0x65, 0x73, 0x5b, 0x69, 0x64, 0x78, 0x5d, 0x2e, 0x76, 0x65, 0x6c,
	0x20, 0x3d, 0x20, 0x70, 0x2e, 0x76, 0x65, 0x6c, 0x3b, 0x0a, 0x20, 0x20,
	0x20, 0x20, 0x5f, 0x33, 0x37, 0x38, 0x2e, 0x77, 0x72, 0x69, 0x74, 0x65,
	0x50, 0x61, 0x72, 0x74, 0x69, 0x63, 0x6c, 0x65, 0x73, 0x5b, 0x69, 0x64,
	0x78, 0x5d, 0x2e, 0x66, 0x6c, 0x61, 0x67, 0x73, 0x20, 0x3d, 0x20, 0x70,
	0x2e, 0x66, 0x6c, 0x61, 0x67, 0x73, 0x3b, 0x0a, 0x7d, 0x0a, 0x0a, 0x00
};
static const unsigned int ralOpenGlProductWeatherIntegrateByteCount = 14471u;
static const unsigned long long ralOpenGlProductWeatherIntegrateDigestLane0 = 0xb4472dcff039a5f9ull;
static const unsigned long long ralOpenGlProductWeatherIntegrateDigestLane1 = 0x64fef40f4e5693f6ull;

static const unsigned char ralOpenGlProductWeatherVertexSource[] = {
	0x23, 0x76, 0x65, 0x72, 0x73, 0x69, 0x6f, 0x6e, 0x20, 0x34, 0x36, 0x30,
	0x0a, 0x0a, 0x73, 0x74, 0x72, 0x75, 0x63, 0x74, 0x20, 0x41, 0x74, 0x6d,
	0x50, 0x61, 0x72, 0x74, 0x69, 0x63, 0x6c, 0x65, 0x0a, 0x7b, 0x0a, 0x20,
	0x20, 0x20, 0x20, 0x76, 0x65, 0x63, 0x33, 0x20, 0x70, 0x6f, 0x73, 0x3b,
	0x0a, 0x20, 0x20, 0x20, 0x20, 0x66, 0x6c, 0x6f, 0x61, 0x74, 0x20, 0x73,
	0x65, 0x65, 0x64, 0x3b, 0x0a, 0x20, 0x20, 0x20, 0x20, 0x76, 0x65, 0x63,
	0x33, 0x20, 0x76, 0x65, 0x6c, 0x3b, 0x0a, 0x20, 0x20, 0x20, 0x20, 0x66,
	0x6c, 0x6f, 0x61, 0x74, 0x20, 0x66, 0x6c, 0x61, 0x67, 0x73, 0x3b, 0x0a,
	0x7d, 0x3b, 0x0a, 0x0a, 0x63, 0x6f, 0x6e, 0x73, 0x74, 0x20, 0x66, 0x6c,
	0x6f, 0x61, 0x74, 0x20, 0x5f, 0x31, 0x31, 0x32, 0x5b, 0x36, 0x5d, 0x20,
	0x3d, 0x20, 0x66, 0x6c, 0x6f, 0x61, 0x74, 0x5b, 0x5d, 0x28, 0x2d, 0x31,
	0x2e, 0x30, 0x2c, 0x20, 0x2d, 0x31, 0x2e, 0x30, 0x2c, 0x20, 0x31, 0x2e,
	0x30, 0x2c, 0x20, 0x31, 0x2e, 0x30, 0x2c, 0x20, 0x2d, 0x31, 0x2e, 0x30,
	0x2c, 0x20, 0x31, 0x2e, 0x30, 0x29, 0x3b, 0x0a, 0x63, 0x6f, 0x6e, 0x73,
	0x74, 0x20, 0x66, 0x6c, 0x6f, 0x61, 0x74, 0x20, 0x5f, 0x31, 0x31, 0x39,
	0x5b, 0x36, 0x5d, 0x20, 0x3d, 0x20, 0x66, 0x6c, 0x6f, 0x61, 0x74, 0x5b,
	0x5d, 0x28, 0x31, 0x2e, 0x30, 0x2c, 0x20, 0x2d, 0x31, 0x2e, 0x30, 0x2c,
	0x20, 0x31, 0x2e, 0x30, 0x2c, 0x20, 0x31, 0x2e, 0x30, 0x2c, 0x20, 0x2d,
	0x31, 0x2e, 0x30, 0x2c, 0x20, 0x2d, 0x31, 0x2e, 0x30, 0x29, 0x3b, 0x0a,
	0x63, 0x6f, 0x6e, 0x73, 0x74, 0x20, 0x76, 0x65, 0x63, 0x32, 0x20, 0x5f,
	0x33, 0x39, 0x34, 0x5b, 0x36, 0x5d, 0x20, 0x3d, 0x20, 0x76, 0x65, 0x63,
	0x32, 0x5b, 0x5d, 0x28, 0x76, 0x65, 0x63, 0x32, 0x28, 0x30, 0x2e, 0x30,
	0x29, 0x2c, 0x20, 0x76, 0x65, 0x63, 0x32, 0x28, 0x30, 0x2e, 0x30, 0x2c,
	0x20, 0x31, 0x2e, 0x30, 0x29, 0x2c, 0x20, 0x76, 0x65, 0x63, 0x32, 0x28,
	0x31, 0x2e, 0x30, 0x2c, 0x20, 0x30, 0x2e, 0x30, 0x29, 0x2c, 0x20, 0x76,
	0x65, 0x63, 0x32, 0x28, 0x31, 0x2e, 0x30, 0x2c, 0x20, 0x30, 0x2e, 0x30,
	0x29, 0x2c, 0x20, 0x76, 0x65, 0x63, 0x32, 0x28, 0x30, 0x2e, 0x30, 0x2c,
	0x20, 0x31, 0x2e, 0x30, 0x29, 0x2c, 0x20, 0x76, 0x65, 0x63, 0x32, 0x28,
	0x31, 0x2e, 0x30, 0x29, 0x29, 0x3b, 0x0a, 0x0a, 0x6c, 0x61, 0x79, 0x6f,
	0x75, 0x74, 0x28, 0x62, 0x69, 0x6e, 0x64, 0x69, 0x6e, 0x67, 0x20, 0x3d,
	0x20, 0x30, 0x2c, 0x20, 0x73, 0x74, 0x64, 0x31, 0x34, 0x30, 0x29, 0x20,
	0x75, 0x6e, 0x69, 0x66, 0x6f, 0x72, 0x6d, 0x20, 0x41, 0x74, 0x6d, 0x46,
	0x72, 0x61, 0x6d, 0x65, 0x0a, 0x7b, 0x0a, 0x20, 0x20, 0x20, 0x20, 0x6d,
	0x61, 0x74, 0x34, 0x20, 0x6d, 0x76, 0x70, 0x3b, 0x0a, 0x20, 0x20, 0x20,
	0x20, 0x76, 0x65, 0x63, 0x34, 0x20, 0x76, 0x69, 0x65, 0x77, 0x4c, 0x65,
	0x66, 0x74, 0x3b, 0x0a, 0x20, 0x20, 0x20, 0x20, 0x76, 0x65, 0x63, 0x34,
	0x20, 0x76, 0x69, 0x65, 0x77, 0x55, 0x70, 0x3b, 0x0a, 0x20, 0x20, 0x20,
	0x20, 0x76, 0x65, 0x63, 0x34, 0x20, 0x65, 0x79, 0x65, 0x57, 0x6f, 0x72,
	0x6c, 0x64, 0x3b, 0x0a, 0x20, 0x20, 0x20, 0x20, 0x66, 0x6c, 0x6f, 0x61,
	0x74, 0x20, 0x64, 0x74, 0x3b, 0x0a, 0x20, 0x20, 0x20, 0x20, 0x66, 0x6c,
	0x6f, 0x61, 0x74, 0x20, 0x74, 0x69, 0x6d, 0x65, 0x3b, 0x0a, 0x20, 0x20,
	0x20, 0x20, 0x75, 0x69, 0x6e, 0x74, 0x20, 0x70, 0x6f, 0x6f, 0x6c, 0x53,
	0x69, 0x7a, 0x65, 0x3b, 0x0a, 0x20, 0x20, 0x20, 0x20, 0x75, 0x69, 0x6e,
	0x74, 0x20, 0x70, 0x69, 0x6e, 0x67, 0x50, 0x6f, 0x6e, 0x67, 0x52, 0x65,
	0x61, 0x64, 0x3b, 0x0a, 0x20, 0x20, 0x20, 0x20, 0x76, 0x65, 0x63, 0x34,
	0x20, 0x62, 0x6f, 0x75, 0x6e, 0x64, 0x73, 0x4d, 0x69, 0x6e, 0x3b, 0x0a,
	0x20, 0x20, 0x20, 0x20, 0x76, 0x65, 0x63, 0x34, 0x20, 0x62, 0x6f, 0x75,
	0x6e, 0x64, 0x73, 0x4d, 0x61, 0x78, 0x3b, 0x0a, 0x20, 0x20, 0x20, 0x20,
	0x76, 0x65, 0x63, 0x32, 0x20, 0x77, 0x6f, 0x72, 0x6c, 0x64, 0x4d, 0x69,
	0x6e, 0x73, 0x3b, 0x0a, 0x20, 0x20, 0x20, 0x20, 0x76, 0x65, 0x63, 0x32,
	0x20, 0x77, 0x6f, 0x72, 0x6c, 0x64, 0x4d, 0x61, 0x78, 0x73, 0x3b, 0x0a,
	0x20, 0x20, 0x20, 0x20, 0x76, 0x65, 0x63, 0x32, 0x20, 0x69, 0x6e, 0x76,
	0x47, 0x72, 0x69, 0x64, 0x53, 0x74, 0x65, 0x70, 0x3b, 0x0a, 0x20, 0x20,
	0x20, 0x20, 0x75, 0x69, 0x6e, 0x74, 0x20, 0x67, 0x72, 0x69, 0x64, 0x53,
	0x69, 0x7a, 0x65, 0x3b, 0x0a, 0x20, 0x20, 0x20, 0x20, 0x75, 0x69, 0x6e,
	0x74, 0x20, 0x61, 0x74, 0x6d, 0x54, 0x79, 0x70, 0x65, 0x3b, 0x0a, 0x20,
	0x20, 0x20, 0x20, 0x66, 0x6c, 0x6f, 0x61, 0x74, 0x20, 0x5f, 0x64, 0x69,
	0x73, 0x74, 0x61, 0x6e, 0x63, 0x65, 0x3b, 0x0a, 0x20, 0x20, 0x20, 0x20,
	0x66, 0x6c, 0x6f, 0x61, 0x74, 0x20, 0x63, 0x6f, 0x6d, 0x70, 0x75, 0x74,
	0x65, 0x50, 0x61, 0x64, 0x30, 0x3b, 0x0a, 0x20, 0x20, 0x20, 0x20, 0x66,
	0x6c, 0x6f, 0x61, 0x74, 0x20, 0x63, 0x6f, 0x6d, 0x70, 0x75, 0x74, 0x65,
	0x50, 0x61, 0x64, 0x31, 0x3b, 0x0a, 0x20, 0x20, 0x20, 0x20, 0x66, 0x6c,
	0x6f, 0x61, 0x74, 0x20, 0x63, 0x6f, 0x6d, 0x70, 0x75, 0x74, 0x65, 0x50,
	0x61, 0x64, 0x32, 0x3b, 0x0a, 0x20, 0x20, 0x20, 0x20, 0x76, 0x65, 0x63,
	0x34, 0x20, 0x77, 0x69, 0x6e, 0x64, 0x47, 0x75, 0x73, 0x74, 0x3b, 0x0a,
	0x20, 0x20, 0x20, 0x20, 0x76, 0x65, 0x63, 0x34, 0x20, 0x70, 0x72, 0x65,
	0x63, 0x69, 0x70, 0x69, 0x74, 0x61, 0x74, 0x69, 0x6f, 0x6e, 0x3b, 0x0a,
	0x20, 0x20, 0x20, 0x20, 0x66, 0x6c, 0x6f, 0x61, 0x74, 0x20, 0x64, 0x75,
	0x73, 0x74, 0x41, 0x73, 0x68, 0x3b, 0x0a, 0x20, 0x20, 0x20, 0x20, 0x66,
	0x6c, 0x6f, 0x61, 0x74, 0x20, 0x69, 0x6e, 0x64, 0x6f, 0x6f, 0x72, 0x45,
	0x78, 0x70, 0x6f, 0x73, 0x75, 0x72, 0x65, 0x3b, 0x0a, 0x20, 0x20, 0x20,
	0x20, 0x75, 0x69, 0x6e, 0x74, 0x20, 0x63, 0x6c, 0x69, 0x6d, 0x61, 0x74,
	0x65, 0x53, 0x65, 0x65, 0x64, 0x3b, 0x0a, 0x20, 0x20, 0x20, 0x20, 0x75,
	0x69, 0x6e, 0x74, 0x20, 0x63, 0x6c, 0x69, 0x6d, 0x61, 0x74, 0x65, 0x50,
	0x61, 0x64, 0x3b, 0x0a, 0x20, 0x20, 0x20, 0x20, 0x76, 0x65, 0x63, 0x34,
	0x20, 0x63, 0x6c, 0x69, 0x6d, 0x61, 0x74, 0x65, 0x3b, 0x0a, 0x20, 0x20,
	0x20, 0x20, 0x76, 0x65, 0x63, 0x34, 0x20, 0x73, 0x75, 0x72, 0x66, 0x61,
	0x63, 0x65, 0x43, 0x6c, 0x69, 0x6d, 0x61, 0x74, 0x65, 0x3b, 0x0a, 0x20,
	0x20, 0x20, 0x20, 0x76, 0x65, 0x63, 0x34, 0x20, 0x73, 0x75, 0x6e, 0x3b,
	0x0a, 0x20, 0x20, 0x20, 0x20, 0x76, 0x65, 0x63, 0x34, 0x20, 0x6d, 0x6f,
	0x6f, 0x6e, 0x3b, 0x0a, 0x20, 0x20, 0x20, 0x20, 0x76, 0x65, 0x63, 0x34,
	0x20, 0x61, 0x6d, 0x62, 0x69, 0x65, 0x6e, 0x74, 0x43, 0x6c, 0x6f, 0x75,
	0x64, 0x3b, 0x0a, 0x20, 0x20, 0x20, 0x20, 0x76, 0x65, 0x63, 0x34, 0x20,
	0x63, 0x6c, 0x6f, 0x75, 0x64, 0x4d, 0x65, 0x64, 0x69, 0x61, 0x3b, 0x0a,
	0x20, 0x20, 0x20, 0x20, 0x76, 0x65, 0x63, 0x34, 0x20, 0x65, 0x66, 0x66,
	0x65, 0x63, 0x74, 0x4d, 0x65, 0x74, 0x61, 0x3b, 0x0a, 0x20, 0x20, 0x20,
	0x20, 0x76, 0x65, 0x63, 0x34, 0x20, 0x65, 0x66, 0x66, 0x65, 0x63, 0x74,
	0x57, 0x6f, 0x72, 0x6b, 0x6c, 0x6f, 0x61, 0x64, 0x73, 0x5b, 0x34, 0x38,
	0x5d, 0x3b, 0x0a, 0x20, 0x20, 0x20, 0x20, 0x76, 0x65, 0x63, 0x34, 0x20,
	0x72, 0x65, 0x6e, 0x64, 0x65, 0x72, 0x50, 0x61, 0x72, 0x61, 0x6d, 0x73,
	0x3b, 0x0a, 0x7d, 0x20, 0x5f, 0x34, 0x36, 0x3b, 0x0a, 0x0a, 0x6c, 0x61,
	0x79, 0x6f, 0x75, 0x74, 0x28, 0x62, 0x69, 0x6e, 0x64, 0x69, 0x6e, 0x67,
	0x20, 0x3d, 0x20, 0x30, 0x2c, 0x20, 0x73, 0x74, 0x64, 0x34, 0x33, 0x30,
	0x29, 0x20, 0x72, 0x65, 0x61, 0x64, 0x6f, 0x6e, 0x6c, 0x79, 0x20, 0x62,
	0x75, 0x66, 0x66, 0x65, 0x72, 0x20, 0x50, 0x6f, 0x6f, 0x6c, 0x0a, 0x7b,
	0x0a, 0x20, 0x20, 0x20, 0x20, 0x41, 0x74, 0x6d, 0x50, 0x61, 0x72, 0x74,
	0x69, 0x63, 0x6c, 0x65, 0x20, 0x70, 0x61, 0x72, 0x74, 0x69, 0x63, 0x6c,
	0x65, 0x73, 0x5b, 0x5d, 0x3b, 0x0a, 0x7d, 0x20, 0x5f, 0x38, 0x33, 0x3b,
	0x0a, 0x0a, 0x6c, 0x61, 0x79, 0x6f, 0x75, 0x74, 0x28, 0x6c, 0x6f, 0x63,
	0x61, 0x74, 0x69, 0x6f, 0x6e, 0x20, 0x3d, 0x20, 0x30, 0x29, 0x20, 0x6f,
	0x75, 0x74, 0x20, 0x76, 0x65, 0x63, 0x32, 0x20, 0x66, 0x72, 0x61, 0x67,
	0x55, 0x56, 0x3b, 0x0a, 0x6c, 0x61, 0x79, 0x6f, 0x75, 0x74, 0x28, 0x6c,
	0x6f, 0x63, 0x61, 0x74, 0x69, 0x6f, 0x6e, 0x20, 0x3d, 0x20, 0x31, 0x29,
	0x20, 0x6f, 0x75, 0x74, 0x20, 0x76, 0x65, 0x63, 0x34, 0x20, 0x66, 0x72,
	0x61, 0x67, 0x43, 0x6f, 0x6c, 0x6f, 0x72, 0x3b, 0x0a, 0x0a, 0x76, 0x6f,
	0x69, 0x64, 0x20, 0x65, 0x6d, 0x69, 0x74, 0x44, 0x65, 0x67, 0x65, 0x6e,
	0x65, 0x72, 0x61, 0x74, 0x65, 0x28, 0x29, 0x0a, 0x7b, 0x0a, 0x20, 0x20,
	0x20, 0x20, 0x67, 0x6c, 0x5f, 0x50, 0x6f, 0x73, 0x69, 0x74, 0x69, 0x6f,
	0x6e, 0x20, 0x3d, 0x20, 0x76, 0x65, 0x63, 0x34, 0x28, 0x30, 0x2e, 0x30,
	0x2c, 0x20, 0x30, 0x2e, 0x30, 0x2c, 0x20, 0x30, 0x2e, 0x30, 0x2c, 0x20,
	0x31, 0x2e, 0x30, 0x29, 0x3b, 0x0a, 0x20, 0x20, 0x20, 0x20, 0x66, 0x72,
	0x61, 0x67, 0x55, 0x56, 0x20, 0x3d, 0x20, 0x76, 0x65, 0x63, 0x32, 0x28,
	0x30, 0x2e, 0x30, 0x29, 0x3b, 0x0a, 0x20, 0x20, 0x20, 0x20, 0x66, 0x72,
	0x61, 0x67, 0x43, 0x6f, 0x6c, 0x6f, 0x72, 0x20, 0x3d, 0x20, 0x76, 0x65,
	0x63, 0x34, 0x28, 0x30, 0x2e, 0x30, 0x29, 0x3b, 0x0a, 0x7d, 0x0a, 0x0a,
	0x76, 0x6f, 0x69, 0x64, 0x20, 0x6d, 0x61, 0x69, 0x6e, 0x28, 0x29, 0x0a,
	0x7b, 0x0a, 0x20, 0x20, 0x20, 0x20, 0x75, 0x69, 0x6e, 0x74, 0x20, 0x69,
	0x64, 0x78, 0x20, 0x3d, 0x20, 0x75, 0x69, 0x6e, 0x74, 0x28, 0x67, 0x6c,
	0x5f, 0x49, 0x6e, 0x73, 0x74, 0x61, 0x6e, 0x63, 0x65, 0x49, 0x6e, 0x64,
	0x65, 0x78, 0x29, 0x3b, 0x0a, 0x20, 0x20, 0x20, 0x20, 0x75, 0x69, 0x6e,
	0x74, 0x20, 0x76, 0x65, 0x72, 0x74, 0x49, 0x6e, 0x51, 0x75, 0x61, 0x64,
	0x20, 0x3d, 0x20, 0x75, 0x69, 0x6e, 0x74, 0x28, 0x67, 0x6c, 0x5f, 0x56,
	0x65, 0x72, 0x74, 0x65, 0x78, 0x49, 0x6e, 0x64, 0x65, 0x78, 0x29, 0x20,
	0x25, 0x20, 0x36, 0x75, 0x3b, 0x0a, 0x20, 0x20, 0x20, 0x20, 0x62, 0x6f,
	0x6f, 0x6c, 0x20, 0x5f, 0x35, 0x31, 0x20, 0x3d, 0x20, 0x69, 0x64, 0x78,
	0x20, 0x3e, 0x3d, 0x20, 0x5f, 0x34, 0x36, 0x2e, 0x70, 0x6f, 0x6f, 0x6c,
	0x53, 0x69, 0x7a, 0x65, 0x3b, 0x0a, 0x20, 0x20, 0x20, 0x20, 0x62, 0x6f,
	0x6f, 0x6c, 0x20, 0x5f, 0x37, 0x30, 0x3b, 0x0a, 0x20, 0x20, 0x20, 0x20,
	0x69, 0x66, 0x20, 0x28, 0x21, 0x5f, 0x35, 0x31, 0x29, 0x0a, 0x20, 0x20,
	0x20, 0x20, 0x7b, 0x0a, 0x20, 0x20, 0x20, 0x20, 0x20, 0x20, 0x20, 0x20,
	0x62, 0x6f, 0x6f, 0x6c, 0x20, 0x5f, 0x35, 0x39, 0x20, 0x3d, 0x20, 0x5f,
	0x34, 0x36, 0x2e, 0x61, 0x74, 0x6d, 0x54, 0x79, 0x70, 0x65, 0x20, 0x3d,
	0x3d, 0x20, 0x30, 0x75, 0x3b, 0x0a, 0x20, 0x20, 0x20, 0x20, 0x20, 0x20,
	0x20, 0x20, 0x62, 0x6f, 0x6f, 0x6c, 0x20, 0x5f, 0x36, 0x39, 0x3b, 0x0a,
	0x20, 0x20, 0x20, 0x20, 0x20, 0x20, 0x20, 0x20, 0x69, 0x66, 0x20, 0x28,
	0x5f, 0x35, 0x39, 0x29, 0x0a, 0x20, 0x20, 0x20, 0x20, 0x20, 0x20, 0x20,
	0x20, 0x7b, 0x0a, 0x20, 0x20, 0x20, 0x20, 0x20, 0x20, 0x20, 0x20, 0x20,
	0x20, 0x20, 0x20, 0x5f, 0x36, 0x39, 0x20, 0x3d, 0x20, 0x69, 0x64, 0x78,
	0x20, 0x3c, 0x20, 0x75, 0x69, 0x6e, 0x74, 0x28, 0x5f, 0x34, 0x36, 0x2e,
	0x65, 0x66, 0x66, 0x65, 0x63, 0x74, 0x4d, 0x65, 0x74, 0x61, 0x2e, 0x78,
	0x29, 0x3b, 0x0a, 0x20, 0x20, 0x20, 0x20, 0x20, 0x20, 0x20, 0x20, 0x7d,
	0x0a, 0x20, 0x20, 0x20, 0x20, 0x20, 0x20, 0x20, 0x20, 0x65, 0x6c, 0x73,
	0x65, 0x0a, 0x20, 0x20, 0x20, 0x20, 0x20, 0x20, 0x20, 0x20, 0x7b, 0x0a,
	0x20, 0x20, 0x20, 0x20, 0x20, 0x20, 0x20, 0x20, 0x20, 0x20, 0x20, 0x20,
	0x5f, 0x36, 0x39, 0x20, 0x3d, 0x20, 0x5f, 0x35, 0x39, 0x3b, 0x0a, 0x20,
	0x20, 0x20, 0x20, 0x20, 0x20, 0x20, 0x20, 0x7d, 0x0a, 0x20, 0x20, 0x20,
	0x20, 0x20, 0x20, 0x20, 0x20, 0x5f, 0x37, 0x30, 0x20, 0x3d, 0x20, 0x5f,
	0x36, 0x39, 0x3b, 0x0a, 0x20, 0x20, 0x20, 0x20, 0x7d, 0x0a, 0x20, 0x20,
	0x20, 0x20, 0x65, 0x6c, 0x73, 0x65, 0x0a, 0x20, 0x20, 0x20, 0x20, 0x7b,
	0x0a, 0x20, 0x20, 0x20, 0x20, 0x20, 0x20, 0x20, 0x20, 0x5f, 0x37, 0x30,
	0x20, 0x3d, 0x20, 0x5f, 0x35, 0x31, 0x3b, 0x0a, 0x20, 0x20, 0x20, 0x20,
	0x7d, 0x0a, 0x20, 0x20, 0x20, 0x20, 0x69, 0x66, 0x20, 0x28, 0x5f, 0x37,
	0x30, 0x29, 0x0a, 0x20, 0x20, 0x20, 0x20, 0x7b, 0x0a, 0x20, 0x20, 0x20,
	0x20, 0x20, 0x20, 0x20, 0x20, 0x65, 0x6d, 0x69, 0x74, 0x44, 0x65, 0x67,
	0x65, 0x6e, 0x65, 0x72, 0x61, 0x74, 0x65, 0x28, 0x29, 0x3b, 0x0a, 0x20,
	0x20, 0x20, 0x20, 0x20, 0x20, 0x20, 0x20, 0x72, 0x65, 0x74, 0x75, 0x72,
	0x6e, 0x3b, 0x0a, 0x20, 0x20, 0x20, 0x20, 0x7d, 0x0a, 0x20, 0x20, 0x20,
	0x20, 0x41, 0x74, 0x6d, 0x50, 0x61, 0x72, 0x74, 0x69, 0x63, 0x6c, 0x65,
	0x20, 0x70, 0x3b, 0x0a, 0x20, 0x20, 0x20, 0x20, 0x70, 0x2e, 0x70, 0x6f,
	0x73, 0x20, 0x3d, 0x20, 0x5f, 0x38, 0x33, 0x2e, 0x70, 0x61, 0x72, 0x74,
	0x69, 0x63, 0x6c, 0x65, 0x73, 0x5b, 0x69, 0x64, 0x78, 0x5d, 0x2e, 0x70,
	0x6f, 0x73, 0x3b, 0x0a, 0x20, 0x20, 0x20, 0x20, 0x70, 0x2e, 0x73, 0x65,
	0x65, 0x64, 0x20, 0x3d, 0x20, 0x5f, 0x38, 0x33, 0x2e, 0x70, 0x61, 0x72,
	0x74, 0x69, 0x63, 0x6c, 0x65, 0x73, 0x5b, 0x69, 0x64, 0x78, 0x5d, 0x2e,
	0x73, 0x65, 0x65, 0x64, 0x3b, 0x0a, 0x20, 0x20, 0x20, 0x20, 0x70, 0x2e,
	0x76, 0x65, 0x6c, 0x20, 0x3d, 0x20, 0x5f, 0x38, 0x33, 0x2e, 0x70, 0x61,
	0x72, 0x74, 0x69, 0x63, 0x6c, 0x65, 0x73, 0x5b, 0x69, 0x64, 0x78, 0x5d,
	0x2e, 0x76, 0x65, 0x6c, 0x3b, 0x0a, 0x20, 0x20, 0x20, 0x20, 0x70, 0x2e,
	0x66, 0x6c, 0x61, 0x67, 0x73, 0x20, 0x3d, 0x20, 0x5f, 0x38, 0x33, 0x2e,
	0x70, 0x61, 0x72, 0x74, 0x69, 0x63, 0x6c, 0x65, 0x73, 0x5b, 0x69, 0x64,
	0x78, 0x5d, 0x2e, 0x66, 0x6c, 0x61, 0x67, 0x73, 0x3b, 0x0a, 0x20, 0x20,
	0x20, 0x20, 0x69, 0x66, 0x20, 0x28, 0x70, 0x2e, 0x66, 0x6c, 0x61, 0x67,
	0x73, 0x20, 0x3c, 0x20, 0x30, 0x2e, 0x35, 0x29, 0x0a, 0x20, 0x20, 0x20,
	0x20, 0x7b, 0x0a, 0x20, 0x20, 0x20, 0x20, 0x20, 0x20, 0x20, 0x20, 0x65,
	0x6d, 0x69, 0x74, 0x44, 0x65, 0x67, 0x65, 0x6e, 0x65, 0x72, 0x61, 0x74,
	0x65, 0x28, 0x29, 0x3b, 0x0a, 0x20, 0x20, 0x20, 0x20, 0x20, 0x20, 0x20,
	0x20, 0x72, 0x65, 0x74, 0x75, 0x72, 0x6e, 0x3b, 0x0a, 0x20, 0x20, 0x20,
	0x20, 0x7d, 0x0a, 0x20, 0x20, 0x20, 0x20, 0x66, 0x6c, 0x6f, 0x61, 0x74,
	0x20, 0x73, 0x78, 0x20, 0x3d, 0x20, 0x5f, 0x31, 0x31, 0x32, 0x5b, 0x76,
	0x65, 0x72, 0x74, 0x49, 0x6e, 0x51, 0x75, 0x61, 0x64, 0x5d, 0x3b, 0x0a,
	0x20, 0x20, 0x20, 0x20, 0x66, 0x6c, 0x6f, 0x61, 0x74, 0x20, 0x75, 0x79,
	0x20, 0x3d, 0x20, 0x5f, 0x31, 0x31, 0x39, 0x5b, 0x76, 0x65, 0x72, 0x74,
	0x49, 0x6e, 0x51, 0x75, 0x61, 0x64, 0x5d, 0x3b, 0x0a, 0x20, 0x20, 0x20,
	0x20, 0x75, 0x69, 0x6e, 0x74, 0x20, 0x66, 0x61, 0x6d, 0x69, 0x6c, 0x79,
	0x20, 0x3d, 0x20, 0x75, 0x69, 0x6e, 0x74, 0x28, 0x70, 0x2e, 0x66, 0x6c,
	0x61, 0x67, 0x73, 0x20, 0x2b, 0x20, 0x30, 0x2e, 0x35, 0x29, 0x3b, 0x0a,
	0x20, 0x20, 0x20, 0x20, 0x76, 0x65, 0x63, 0x33, 0x20, 0x77, 0x6f, 0x72,
	0x6c, 0x64, 0x50, 0x6f, 0x73, 0x3b, 0x0a, 0x20, 0x20, 0x20, 0x20, 0x76,
	0x65, 0x63, 0x34, 0x20, 0x63, 0x6f, 0x6c, 0x6f, 0x72, 0x3b, 0x0a, 0x20,
	0x20, 0x20, 0x20, 0x69, 0x66, 0x20, 0x28, 0x66, 0x61, 0x6d, 0x69, 0x6c,
	0x79, 0x20, 0x3e, 0x3d, 0x20, 0x31, 0x36, 0x75, 0x29, 0x0a, 0x20, 0x20,
	0x20, 0x20, 0x7b, 0x0a, 0x20, 0x20, 0x20, 0x20, 0x20, 0x20, 0x20, 0x20,
	0x75, 0x69, 0x6e, 0x74, 0x20, 0x65, 0x66, 0x66, 0x65, 0x63, 0x74, 0x20,
	0x3d, 0x20, 0x66, 0x61, 0x6d, 0x69, 0x6c, 0x79, 0x20, 0x2d, 0x20, 0x31,
	0x36, 0x75, 0x3b, 0x0a, 0x20, 0x20, 0x20, 0x20, 0x20, 0x20, 0x20, 0x20,
	0x69, 0x66, 0x20, 0x28, 0x65, 0x66, 0x66, 0x65, 0x63, 0x74, 0x20, 0x3e,
	0x3d, 0x20, 0x6d, 0x69, 0x6e, 0x28, 0x75, 0x69, 0x6e, 0x74, 0x28, 0x5f,
	0x34, 0x36, 0x2e, 0x65, 0x66, 0x66, 0x65, 0x63, 0x74, 0x4d, 0x65, 0x74,
	0x61, 0x2e, 0x79, 0x29, 0x2c, 0x20, 0x38, 0x75, 0x29, 0x29, 0x0a, 0x20,
	0x20, 0x20, 0x20, 0x20, 0x20, 0x20, 0x20, 0x7b, 0x0a, 0x20, 0x20, 0x20,
	0x20, 0x20, 0x20, 0x20, 0x20, 0x20, 0x20, 0x20, 0x20, 0x65, 0x6d, 0x69,
	0x74, 0x44, 0x65, 0x67, 0x65, 0x6e, 0x65, 0x72, 0x61, 0x74, 0x65, 0x28,
	0x29, 0x3b, 0x0a, 0x20, 0x20, 0x20, 0x20, 0x20, 0x20, 0x20, 0x20, 0x20,
	0x20, 0x20, 0x20, 0x72, 0x65, 0x74, 0x75, 0x72, 0x6e, 0x3b, 0x0a, 0x20,
	0x20, 0x20, 0x20, 0x20, 0x20, 0x20, 0x20, 0x7d, 0x0a, 0x20, 0x20, 0x20,
	0x20, 0x20, 0x20, 0x20, 0x20, 0x75, 0x69, 0x6e, 0x74, 0x20, 0x62, 0x61,
	0x73, 0x65, 0x20, 0x3d, 0x20, 0x65, 0x66, 0x66, 0x65, 0x63, 0x74, 0x20,
	0x2a, 0x20, 0x36, 0x75, 0x3b, 0x0a, 0x20, 0x20, 0x20, 0x20, 0x20, 0x20,
	0x20, 0x20, 0x66, 0x6c, 0x6f, 0x61, 0x74, 0x20, 0x6c, 0x69, 0x66, 0x65,
	0x74, 0x69, 0x6d, 0x65, 0x20, 0x3d, 0x20, 0x6d, 0x61, 0x78, 0x28, 0x30,
	0x2e, 0x30, 0x35, 0x30, 0x30, 0x30, 0x30, 0x30, 0x30, 0x30, 0x37, 0x34,
	0x35, 0x30, 0x35, 0x38, 0x30, 0x35, 0x39, 0x36, 0x39, 0x32, 0x33, 0x38,
	0x32, 0x38, 0x31, 0x32, 0x35, 0x2c, 0x20, 0x5f, 0x34, 0x36, 0x2e, 0x65,
	0x66, 0x66, 0x65, 0x63, 0x74, 0x57, 0x6f, 0x72, 0x6b, 0x6c, 0x6f, 0x61,
	0x64, 0x73, 0x5b, 0x62, 0x61, 0x73, 0x65, 0x20, 0x2b, 0x20, 0x35, 0x75,
	0x5d, 0x2e, 0x78, 0x20, 0x2b, 0x20, 0x5f, 0x34, 0x36, 0x2e, 0x65, 0x66,
	0x66, 0x65, 0x63, 0x74, 0x57, 0x6f, 0x72, 0x6b, 0x6c, 0x6f, 0x61, 0x64,
	0x73, 0x5b, 0x62, 0x61, 0x73, 0x65, 0x20, 0x2b, 0x20, 0x35, 0x75, 0x5d,
	0x2e, 0x79, 0x29, 0x3b, 0x0a, 0x20, 0x20, 0x20, 0x20, 0x20, 0x20, 0x20,
	0x20, 0x66, 0x6c, 0x6f, 0x61, 0x74, 0x20, 0x61, 0x67, 0x65, 0x20, 0x3d,
	0x20, 0x31, 0x2e, 0x30, 0x20, 0x2d, 0x20, 0x63, 0x6c, 0x61, 0x6d, 0x70,
	0x28, 0x70, 0x2e, 0x73, 0x65, 0x65, 0x64, 0x20, 0x2f, 0x20, 0x6c, 0x69,
	0x66, 0x65, 0x74, 0x69, 0x6d, 0x65, 0x2c, 0x20, 0x30, 0x2e, 0x30, 0x2c,
	0x20, 0x31, 0x2e, 0x30, 0x29, 0x3b, 0x0a, 0x20, 0x20, 0x20, 0x20, 0x20,
	0x20, 0x20, 0x20, 0x66, 0x6c, 0x6f, 0x61, 0x74, 0x20, 0x73, 0x69, 0x7a,
	0x65, 0x20, 0x3d, 0x20, 0x6d, 0x69, 0x78, 0x28, 0x5f, 0x34, 0x36, 0x2e,
	0x65, 0x66, 0x66, 0x65, 0x63, 0x74, 0x57, 0x6f, 0x72, 0x6b, 0x6c, 0x6f,
	0x61, 0x64, 0x73, 0x5b, 0x62, 0x61, 0x73, 0x65, 0x20, 0x2b, 0x20, 0x34,
	0x75, 0x5d, 0x2e, 0x7a, 0x2c, 0x20, 0x5f, 0x34, 0x36, 0x2e, 0x65, 0x66,
	0x66, 0x65, 0x63, 0x74, 0x57, 0x6f, 0x72, 0x6b, 0x6c, 0x6f, 0x61, 0x64,
	0x73, 0x5b, 0x62, 0x61, 0x73, 0x65, 0x20, 0x2b, 0x20, 0x34, 0x75, 0x5d,
	0x2e, 0x77, 0x2c, 0x20, 0x61, 0x67, 0x65, 0x29, 0x3b, 0x0a, 0x20, 0x20,
	0x20, 0x20, 0x20, 0x20, 0x20, 0x20, 0x77, 0x6f, 0x72, 0x6c, 0x64, 0x50,
	0x6f, 0x73, 0x20, 0x3d, 0x20, 0x28, 0x70, 0x2e, 0x70, 0x6f, 0x73, 0x20,
	0x2b, 0x20, 0x28, 0x5f, 0x34, 0x36, 0x2e, 0x76, 0x69, 0x65, 0x77, 0x4c,
	0x65, 0x66, 0x74, 0x2e, 0x78, 0x79, 0x7a, 0x20, 0x2a, 0x20, 0x28, 0x73,
	0x78, 0x20, 0x2a, 0x20, 0x73, 0x69, 0x7a, 0x65, 0x29, 0x29, 0x29, 0x20,
	0x2b, 0x20, 0x28, 0x5f, 0x34, 0x36, 0x2e, 0x76, 0x69, 0x65, 0x77, 0x55,
	0x70, 0x2e, 0x78, 0x79, 0x7a, 0x20, 0x2a, 0x20, 0x28, 0x75, 0x79, 0x20,
	0x2a, 0x20, 0x73, 0x69, 0x7a, 0x65, 0x29, 0x29, 0x3b, 0x0a, 0x20, 0x20,
	0x20, 0x20, 0x20, 0x20, 0x20, 0x20, 0x63, 0x6f, 0x6c, 0x6f, 0x72, 0x20,
	0x3d, 0x20, 0x5f, 0x34, 0x36, 0x2e, 0x65, 0x66, 0x66, 0x65, 0x63, 0x74,
	0x57, 0x6f, 0x72, 0x6b, 0x6c, 0x6f, 0x61, 0x64, 0x73, 0x5b, 0x62, 0x61,
	0x73, 0x65, 0x20, 0x2b, 0x20, 0x32, 0x75, 0x5d, 0x3b, 0x0a, 0x20, 0x20,
	0x20, 0x20, 0x20, 0x20, 0x20, 0x20, 0x63, 0x6f, 0x6c, 0x6f, 0x72, 0x2e,
	0x77, 0x20, 0x2a, 0x3d, 0x20, 0x5f, 0x34, 0x36, 0x2e, 0x65, 0x66, 0x66,
	0x65, 0x63, 0x74, 0x57, 0x6f, 0x72, 0x6b, 0x6c, 0x6f, 0x61, 0x64, 0x73,
	0x5b, 0x62, 0x61, 0x73, 0x65, 0x20, 0x2b, 0x20, 0x31, 0x75, 0x5d, 0x2e,
	0x77, 0x3b, 0x0a, 0x20, 0x20, 0x20, 0x20, 0x7d, 0x0a, 0x20, 0x20, 0x20,
	0x20, 0x65, 0x6c, 0x73, 0x65, 0x0a, 0x20, 0x20, 0x20, 0x20, 0x7b, 0x0a,
	0x20, 0x20, 0x20, 0x20, 0x20, 0x20, 0x20, 0x20, 0x69, 0x66, 0x20, 0x28,
	0x28, 0x66, 0x61, 0x6d, 0x69, 0x6c, 0x79, 0x20, 0x3d, 0x3d, 0x20, 0x31,
	0x75, 0x29, 0x20, 0x7c, 0x7c, 0x20, 0x28, 0x66, 0x61, 0x6d, 0x69, 0x6c,
	0x79, 0x20, 0x3d, 0x3d, 0x20, 0x33, 0x75, 0x29, 0x29, 0x0a, 0x20, 0x20,
	0x20, 0x20, 0x20, 0x20, 0x20, 0x20, 0x7b, 0x0a, 0x20, 0x20, 0x20, 0x20,
	0x20, 0x20, 0x20, 0x20, 0x20, 0x20, 0x20, 0x20, 0x76, 0x65, 0x63, 0x33,
	0x20, 0x72, 0x69, 0x67, 0x68, 0x74, 0x20, 0x3d, 0x20, 0x5f, 0x34, 0x36,
	0x2e, 0x76, 0x69, 0x65, 0x77, 0x4c, 0x65, 0x66, 0x74, 0x2e, 0x78, 0x79,
	0x7a, 0x20, 0x2a, 0x20, 0x28, 0x73, 0x78, 0x20, 0x2a, 0x20, 0x30, 0x2e,
	0x36, 0x30, 0x30, 0x30, 0x30, 0x30, 0x30, 0x32, 0x33, 0x38, 0x34, 0x31,
	0x38, 0x35, 0x37, 0x39, 0x31, 0x30, 0x31, 0x35, 0x36, 0x32, 0x35, 0x29,
	0x3b, 0x0a, 0x20, 0x20, 0x20, 0x20, 0x20, 0x20, 0x20, 0x20, 0x20, 0x20,
	0x20, 0x20, 0x66, 0x6c, 0x6f, 0x61, 0x74, 0x20, 0x5f, 0x6c, 0x65, 0x6e,
	0x67, 0x74, 0x68, 0x20, 0x3d, 0x20, 0x28, 0x66, 0x61, 0x6d, 0x69, 0x6c,
	0x79, 0x20, 0x3d, 0x3d, 0x20, 0x31, 0x75, 0x29, 0x20, 0x3f, 0x20, 0x31,
	0x38, 0x2e, 0x30, 0x20, 0x3a, 0x20, 0x39, 0x2e, 0x38, 0x39, 0x39, 0x39,
	0x39, 0x39, 0x36, 0x31, 0x38, 0x35, 0x33, 0x30, 0x32, 0x37, 0x33, 0x34,
	0x33, 0x37, 0x35, 0x3b, 0x0a, 0x20, 0x20, 0x20, 0x20, 0x20, 0x20, 0x20,
	0x20, 0x20, 0x20, 0x20, 0x20, 0x76, 0x65, 0x63, 0x33, 0x20, 0x64, 0x6f,
	0x77, 0x6e, 0x20, 0x3d, 0x20, 0x28, 0x76, 0x65, 0x63, 0x33, 0x28, 0x30,
	0x2e, 0x30, 0x2c, 0x20, 0x30, 0x2e, 0x30, 0x2c, 0x20, 0x31, 0x2e, 0x30,
	0x29, 0x20, 0x2a, 0x20, 0x28, 0x28, 0x75, 0x79, 0x20, 0x2a, 0x20, 0x30,
	0x2e, 0x35, 0x29, 0x20, 0x2d, 0x20, 0x30, 0x2e, 0x35, 0x29, 0x29, 0x20,
	0x2a, 0x20, 0x5f, 0x6c, 0x65, 0x6e, 0x67, 0x74, 0x68, 0x3b, 0x0a, 0x20,
	0x20, 0x20, 0x20, 0x20, 0x20, 0x20, 0x20, 0x20, 0x20, 0x20, 0x20, 0x77,
	0x6f, 0x72, 0x6c, 0x64, 0x50, 0x6f, 0x73, 0x20, 0x3d, 0x20, 0x28, 0x70,
	0x2e, 0x70, 0x6f, 0x73, 0x20, 0x2b, 0x20, 0x72, 0x69, 0x67, 0x68, 0x74,
	0x29, 0x20, 0x2b, 0x20, 0x64, 0x6f, 0x77, 0x6e, 0x3b, 0x0a, 0x20, 0x20,
	0x20, 0x20, 0x20, 0x20, 0x20, 0x20, 0x20, 0x20, 0x20, 0x20, 0x63, 0x6f,
	0x6c, 0x6f, 0x72, 0x20, 0x3d, 0x20, 0x6d, 0x69, 0x78, 0x28, 0x76, 0x65,
	0x63, 0x34, 0x28, 0x30, 0x2e, 0x37, 0x32, 0x30, 0x30, 0x30, 0x30, 0x30,
	0x32, 0x38, 0x36, 0x31, 0x30, 0x32, 0x32, 0x39, 0x34, 0x39, 0x32, 0x31,
	0x38, 0x37, 0x35, 0x2c, 0x20, 0x30, 0x2e, 0x37, 0x35, 0x39, 0x39, 0x39,
	0x39, 0x39, 0x39, 0x30, 0x34, 0x36, 0x33, 0x32, 0x35, 0x36, 0x38, 0x33,
	0x35, 0x39, 0x33, 0x37, 0x35, 0x2c, 0x20, 0x30, 0x2e, 0x38, 0x30, 0x30,
	0x30, 0x30, 0x30, 0x30, 0x31, 0x31, 0x39, 0x32, 0x30, 0x39, 0x32, 0x38,
	0x39, 0x35, 0x35, 0x30, 0x37, 0x38, 0x31, 0x32, 0x35, 0x2c, 0x20, 0x30,
	0x2e, 0x36, 0x34, 0x39, 0x39, 0x39, 0x39, 0x39, 0x37, 0x36, 0x31, 0x35,
	0x38, 0x31, 0x34, 0x32, 0x30, 0x38, 0x39, 0x38, 0x34, 0x33, 0x37, 0x35,
	0x29, 0x2c, 0x20, 0x76, 0x65, 0x63, 0x34, 0x28, 0x30, 0x2e, 0x35, 0x2c,
	0x20, 0x30, 0x2e, 0x35, 0x2c, 0x20, 0x30, 0x2e, 0x35, 0x35, 0x30, 0x30,
	0x30, 0x30, 0x30, 0x31, 0x31, 0x39, 0x32, 0x30, 0x39, 0x32, 0x38, 0x39,
	0x35, 0x35, 0x30, 0x37, 0x38, 0x31, 0x32, 0x35, 0x2c, 0x20, 0x30, 0x2e,
	0x35, 0x29, 0x2c, 0x20, 0x62, 0x76, 0x65, 0x63, 0x34, 0x28, 0x66, 0x61,
	0x6d, 0x69, 0x6c, 0x79, 0x20, 0x3d, 0x3d, 0x20, 0x31, 0x75, 0x29, 0x29,
	0x3b, 0x0a, 0x20, 0x20, 0x20, 0x20, 0x20, 0x20, 0x20, 0x20, 0x7d, 0x0a,
	0x20, 0x20, 0x20, 0x20, 0x20, 0x20, 0x20, 0x20, 0x65, 0x6c, 0x73, 0x65,
	0x0a, 0x20, 0x20, 0x20, 0x20, 0x20, 0x20, 0x20, 0x20, 0x7b, 0x0a, 0x20,
	0x20, 0x20, 0x20, 0x20, 0x20, 0x20, 0x20, 0x20, 0x20, 0x20, 0x20, 0x66,
	0x6c, 0x6f, 0x61, 0x74, 0x20, 0x5f, 0x32, 0x37, 0x33, 0x3b, 0x0a, 0x20,
	0x20, 0x20, 0x20, 0x20, 0x20, 0x20, 0x20, 0x20, 0x20, 0x20, 0x20, 0x69,
	0x66, 0x20, 0x28, 0x66, 0x61, 0x6d, 0x69, 0x6c, 0x79, 0x20, 0x3d, 0x3d,
	0x20, 0x34, 0x75, 0x29, 0x0a, 0x20, 0x20, 0x20, 0x20, 0x20, 0x20, 0x20,
	0x20, 0x20, 0x20, 0x20, 0x20, 0x7b, 0x0a, 0x20, 0x20, 0x20, 0x20, 0x20,
	0x20, 0x20, 0x20, 0x20, 0x20, 0x20, 0x20, 0x20, 0x20, 0x20, 0x20, 0x5f,
	0x32, 0x37, 0x33, 0x20, 0x3d, 0x20, 0x30, 0x2e, 0x38, 0x30, 0x30, 0x30,
	0x30, 0x30, 0x30, 0x31, 0x31, 0x39, 0x32, 0x30, 0x39, 0x32, 0x38, 0x39,
	0x35, 0x35, 0x30, 0x37, 0x38, 0x31, 0x32, 0x35, 0x3b, 0x0a, 0x20, 0x20,
	0x20, 0x20, 0x20, 0x20, 0x20, 0x20, 0x20, 0x20, 0x20, 0x20, 0x7d, 0x0a,
	0x20, 0x20, 0x20, 0x20, 0x20, 0x20, 0x20, 0x20, 0x20, 0x20, 0x20, 0x20,
	0x65, 0x6c, 0x73, 0x65, 0x0a, 0x20, 0x20, 0x20, 0x20, 0x20, 0x20, 0x20,
	0x20, 0x20, 0x20, 0x20, 0x20, 0x7b, 0x0a, 0x20, 0x20, 0x20, 0x20, 0x20,
	0x20, 0x20, 0x20, 0x20, 0x20, 0x20, 0x20, 0x20, 0x20, 0x20, 0x20, 0x5f,
	0x32, 0x37, 0x33, 0x20, 0x3d, 0x20, 0x28, 0x66, 0x61, 0x6d, 0x69, 0x6c,
	0x79, 0x20, 0x3d, 0x3d, 0x20, 0x35, 0x75, 0x29, 0x20, 0x3f, 0x20, 0x31,
	0x2e, 0x32, 0x30, 0x30, 0x30, 0x30, 0x30, 0x30, 0x34, 0x37, 0x36, 0x38,
	0x33, 0x37, 0x31, 0x35, 0x38, 0x32, 0x30, 0x33, 0x31, 0x32, 0x35, 0x20,
	0x3a, 0x20, 0x31, 0x2e, 0x35, 0x3b, 0x0a, 0x20, 0x20, 0x20, 0x20, 0x20,
	0x20, 0x20, 0x20, 0x20, 0x20, 0x20, 0x20, 0x7d, 0x0a, 0x20, 0x20, 0x20,
	0x20, 0x20, 0x20, 0x20, 0x20, 0x20, 0x20, 0x20, 0x20, 0x66, 0x6c, 0x6f,
	0x61, 0x74, 0x20, 0x73, 0x69, 0x7a, 0x65, 0x5f, 0x31, 0x20, 0x3d, 0x20,
	0x5f, 0x32, 0x37, 0x33, 0x3b, 0x0a, 0x20, 0x20, 0x20, 0x20, 0x20, 0x20,
	0x20, 0x20, 0x20, 0x20, 0x20, 0x20, 0x77, 0x6f, 0x72, 0x6c, 0x64, 0x50,
	0x6f, 0x73, 0x20, 0x3d, 0x20, 0x28, 0x70, 0x2e, 0x70, 0x6f, 0x73, 0x20,
	0x2b, 0x20, 0x28, 0x5f, 0x34, 0x36, 0x2e, 0x76, 0x69, 0x65, 0x77, 0x4c,
	0x65, 0x66, 0x74, 0x2e, 0x78, 0x79, 0x7a, 0x20, 0x2a, 0x20, 0x28, 0x73,
	0x78, 0x20, 0x2a, 0x20, 0x73, 0x69, 0x7a, 0x65, 0x5f, 0x31, 0x29, 0x29,
	0x29, 0x20, 0x2b, 0x20, 0x28, 0x5f, 0x34, 0x36, 0x2e, 0x76, 0x69, 0x65,
	0x77, 0x55, 0x70, 0x2e, 0x78, 0x79, 0x7a, 0x20, 0x2a, 0x20, 0x28, 0x75,
	0x79, 0x20, 0x2a, 0x20, 0x73, 0x69, 0x7a, 0x65, 0x5f, 0x31, 0x29, 0x29,
	0x3b, 0x0a, 0x20, 0x20, 0x20, 0x20, 0x20, 0x20, 0x20, 0x20, 0x20, 0x20,
	0x20, 0x20, 0x76, 0x65, 0x63, 0x34, 0x20, 0x5f, 0x33, 0x30, 0x33, 0x3b,
	0x0a, 0x20, 0x20, 0x20, 0x20, 0x20, 0x20, 0x20, 0x20, 0x20, 0x20, 0x20,
	0x20, 0x69, 0x66, 0x20, 0x28, 0x66, 0x61, 0x6d, 0x69, 0x6c, 0x79, 0x20,
	0x3d, 0x3d, 0x20, 0x34, 0x75, 0x29, 0x0a, 0x20, 0x20, 0x20, 0x20, 0x20,
	0x20, 0x20, 0x20, 0x20, 0x20, 0x20, 0x20, 0x7b, 0x0a, 0x20, 0x20, 0x20,
	0x20, 0x20, 0x20, 0x20, 0x20, 0x20, 0x20, 0x20, 0x20, 0x20, 0x20, 0x20,
	0x20, 0x5f, 0x33, 0x30, 0x33, 0x20, 0x3d, 0x20, 0x76, 0x65, 0x63, 0x34,
	0x28, 0x30, 0x2e, 0x38, 0x31, 0x39, 0x39, 0x39, 0x39, 0x39, 0x39, 0x32,
	0x38, 0x34, 0x37, 0x34, 0x34, 0x32, 0x36, 0x32, 0x36, 0x39, 0x35, 0x33,
	0x31, 0x32, 0x35, 0x2c, 0x20, 0x30, 0x2e, 0x38, 0x37, 0x39, 0x39, 0x39,
	0x39, 0x39, 0x39, 0x35, 0x32, 0x33, 0x31, 0x36, 0x32, 0x38, 0x34, 0x31,
	0x37, 0x39, 0x36, 0x38, 0x37, 0x35, 0x2c, 0x20, 0x30, 0x2e, 0x39, 0x32,
	0x30, 0x30, 0x30, 0x30, 0x30, 0x31, 0x36, 0x36, 0x38, 0x39, 0x33, 0x30,
	0x30, 0x35, 0x33, 0x37, 0x31, 0x30, 0x39, 0x33, 0x37, 0x35, 0x2c, 0x20,
	0x30, 0x2e, 0x38, 0x35, 0x30, 0x30, 0x30, 0x30, 0x30, 0x32, 0x33, 0x38,
	0x34, 0x31, 0x38, 0x35, 0x37, 0x39, 0x31, 0x30, 0x31, 0x35, 0x36, 0x32,
	0x35, 0x29, 0x3b, 0x0a, 0x20, 0x20, 0x20, 0x20, 0x20, 0x20, 0x20, 0x20,
	0x20, 0x20, 0x20, 0x20, 0x7d, 0x0a, 0x20, 0x20, 0x20, 0x20, 0x20, 0x20,
	0x20, 0x20, 0x20, 0x20, 0x20, 0x20, 0x65, 0x6c, 0x73, 0x65, 0x0a, 0x20,
	0x20, 0x20, 0x20, 0x20, 0x20, 0x20, 0x20, 0x20, 0x20, 0x20, 0x20, 0x7b,
	0x0a, 0x20, 0x20, 0x20, 0x20, 0x20, 0x20, 0x20, 0x20, 0x20, 0x20, 0x20,
	0x20, 0x20, 0x20, 0x20, 0x20, 0x5f, 0x33, 0x30, 0x33, 0x20, 0x3d, 0x20,
	0x6d, 0x69, 0x78, 0x28, 0x76, 0x65, 0x63, 0x34, 0x28, 0x31, 0x2e, 0x30,
	0x2c, 0x20, 0x31, 0x2e, 0x30, 0x2c, 0x20, 0x31, 0x2e, 0x30, 0x2c, 0x20,
	0x30, 0x2e, 0x38, 0x30, 0x30, 0x30, 0x30, 0x30, 0x30, 0x31, 0x31, 0x39,
	0x32, 0x30, 0x39, 0x32, 0x38, 0x39, 0x35, 0x35, 0x30, 0x37, 0x38, 0x31,
	0x32, 0x35, 0x29, 0x2c, 0x20, 0x76, 0x65, 0x63, 0x34, 0x28, 0x30, 0x2e,
	0x34, 0x37, 0x39, 0x39, 0x39, 0x39, 0x39, 0x38, 0x39, 0x32, 0x37, 0x31,
	0x31, 0x36, 0x33, 0x39, 0x34, 0x30, 0x34, 0x32, 0x39, 0x36, 0x38, 0x37,
	0x35, 0x2c, 0x20, 0x30, 0x2e, 0x34, 0x31, 0x39, 0x39, 0x39, 0x39, 0x39,
	0x38, 0x36, 0x38, 0x38, 0x36, 0x39, 0x37, 0x38, 0x31, 0x34, 0x39, 0x34,
	0x31, 0x34, 0x30, 0x36, 0x32, 0x35, 0x2c, 0x20, 0x30, 0x2e, 0x33, 0x34,
	0x30, 0x30, 0x30, 0x30, 0x30, 0x30, 0x33, 0x35, 0x37, 0x36, 0x32, 0x37,
	0x38, 0x36, 0x38, 0x36, 0x35, 0x32, 0x33, 0x34, 0x33, 0x37, 0x35, 0x2c,
	0x20, 0x30, 0x2e, 0x34, 0x34, 0x39, 0x39, 0x39, 0x39, 0x39, 0x38, 0x38,
	0x30, 0x37, 0x39, 0x30, 0x37, 0x31, 0x30, 0x34, 0x34, 0x39, 0x32, 0x31,
	0x38, 0x37, 0x35, 0x29, 0x2c, 0x20, 0x62, 0x76, 0x65, 0x63, 0x34, 0x28,
	0x66, 0x61, 0x6d, 0x69, 0x6c, 0x79, 0x20, 0x3d, 0x3d, 0x20, 0x35, 0x75,
	0x29, 0x29, 0x3b, 0x0a, 0x20, 0x20, 0x20, 0x20, 0x20, 0x20, 0x20, 0x20,
	0x20, 0x20, 0x20, 0x20, 0x7d, 0x0a, 0x20, 0x20, 0x20, 0x20, 0x20, 0x20,
	0x20, 0x20, 0x20, 0x20, 0x20, 0x20, 0x63, 0x6f, 0x6c, 0x6f, 0x72, 0x20,
	0x3d, 0x20, 0x5f, 0x33, 0x30, 0x33, 0x3b, 0x0a, 0x20, 0x20, 0x20, 0x20,
	0x20, 0x20, 0x20, 0x20, 0x7d, 0x0a, 0x20, 0x20, 0x20, 0x20, 0x7d, 0x0a,
	0x20, 0x20, 0x20, 0x20, 0x66, 0x6c, 0x6f, 0x61, 0x74, 0x20, 0x63, 0x6c,
	0x6f, 0x75, 0x64, 0x54, 0x72, 0x61, 0x6e, 0x73, 0x6d, 0x69, 0x73, 0x73,
	0x69, 0x6f, 0x6e, 0x20, 0x3d, 0x20, 0x31, 0x2e, 0x30, 0x20, 0x2d, 0x20,
	0x63, 0x6c, 0x61, 0x6d, 0x70, 0x28, 0x5f, 0x34, 0x36, 0x2e, 0x61, 0x6d,
	0x62, 0x69, 0x65, 0x6e, 0x74, 0x43, 0x6c, 0x6f, 0x75, 0x64, 0x2e, 0x77,
	0x20, 0x2a, 0x20, 0x5f, 0x34, 0x36, 0x2e, 0x63, 0x6c, 0x6f, 0x75, 0x64,
	0x4d, 0x65, 0x64, 0x69, 0x61, 0x2e, 0x78, 0x2c, 0x20, 0x30, 0x2e, 0x30,
	0x2c, 0x20, 0x31, 0x2e, 0x30, 0x29, 0x3b, 0x0a, 0x20, 0x20, 0x20, 0x20,
	0x76, 0x65, 0x63, 0x33, 0x20, 0x77, 0x65, 0x61, 0x74, 0x68, 0x65, 0x72,
	0x4c, 0x69, 0x67, 0x68, 0x74, 0x20, 0x3d, 0x20, 0x28, 0x28, 0x5f, 0x34,
	0x36, 0x2e, 0x61, 0x6d, 0x62, 0x69, 0x65, 0x6e, 0x74, 0x43, 0x6c, 0x6f,
	0x75, 0x64, 0x2e, 0x78, 0x79, 0x7a, 0x20, 0x2b, 0x20, 0x76, 0x65, 0x63,
	0x33, 0x28, 0x6d, 0x61, 0x78, 0x28, 0x5f, 0x34, 0x36, 0x2e, 0x73, 0x75,
	0x6e, 0x2e, 0x77, 0x2c, 0x20, 0x30, 0x2e, 0x30, 0x29, 0x20, 0x2a, 0x20,
	0x63, 0x6c, 0x6f, 0x75, 0x64, 0x54, 0x72, 0x61, 0x6e, 0x73, 0x6d, 0x69,
	0x73, 0x73, 0x69, 0x6f, 0x6e, 0x29, 0x29, 0x20, 0x2b, 0x20, 0x76, 0x65,
	0x63, 0x33, 0x28, 0x6d, 0x61, 0x78, 0x28, 0x5f, 0x34, 0x36, 0x2e, 0x6d,
	0x6f, 0x6f, 0x6e, 0x2e, 0x77, 0x2c, 0x20, 0x30, 0x2e, 0x30, 0x29, 0x20,
	0x2a, 0x20, 0x30, 0x2e, 0x32, 0x30, 0x30, 0x30, 0x30, 0x30, 0x30, 0x30,
	0x32, 0x39, 0x38, 0x30, 0x32, 0x33, 0x32, 0x32, 0x33, 0x38, 0x37, 0x36,
	0x39, 0x35, 0x33, 0x31, 0x32, 0x35, 0x29, 0x29, 0x20, 0x2b, 0x20, 0x76,
	0x65, 0x63, 0x33, 0x28, 0x6d, 0x61, 0x78, 0x28, 0x5f, 0x34, 0x36, 0x2e,
	0x63, 0x6c, 0x6f, 0x75, 0x64, 0x4d, 0x65, 0x64, 0x69, 0x61, 0x2e, 0x79,
	0x2c, 0x20, 0x30, 0x2e, 0x30, 0x29, 0x29, 0x3b, 0x0a, 0x20, 0x20, 0x20,
	0x20, 0x69, 0x66, 0x20, 0x28, 0x64, 0x6f, 0x74, 0x28, 0x77, 0x65, 0x61,
	0x74, 0x68, 0x65, 0x72, 0x4c, 0x69, 0x67, 0x68, 0x74, 0x2c, 0x20, 0x77,
	0x65, 0x61, 0x74, 0x68, 0x65, 0x72, 0x4c, 0x69, 0x67, 0x68, 0x74, 0x29,
	0x20, 0x3e, 0x20, 0x39, 0x2e, 0x39, 0x39, 0x39, 0x39, 0x39, 0x39, 0x39,
	0x33, 0x39, 0x32, 0x32, 0x35, 0x32, 0x39, 0x30, 0x32, 0x39, 0x30, 0x37,
	0x37, 0x38, 0x35, 0x30, 0x32, 0x38, 0x32, 0x31, 0x39, 0x32, 0x32, 0x33,
	0x65, 0x2d, 0x30, 0x39, 0x29, 0x0a, 0x20, 0x20, 0x20, 0x20, 0x7b, 0x0a,
	0x20, 0x20, 0x20, 0x20, 0x20, 0x20, 0x20, 0x20, 0x76, 0x65, 0x63, 0x34,
	0x20, 0x5f, 0x33, 0x37, 0x31, 0x20, 0x3d, 0x20, 0x63, 0x6f, 0x6c, 0x6f,
	0x72, 0x3b, 0x0a, 0x20, 0x20, 0x20, 0x20, 0x20, 0x20, 0x20, 0x20, 0x76,
	0x65, 0x63, 0x33, 0x20, 0x5f, 0x33, 0x37, 0x33, 0x20, 0x3d, 0x20, 0x5f,
	0x33, 0x37, 0x31, 0x2e, 0x78, 0x79, 0x7a, 0x20, 0x2a, 0x20, 0x63, 0x6c,
	0x61, 0x6d, 0x70, 0x28, 0x77, 0x65, 0x61, 0x74, 0x68, 0x65, 0x72, 0x4c,
	0x69, 0x67, 0x68, 0x74, 0x2c, 0x20, 0x76, 0x65, 0x63, 0x33, 0x28, 0x30,
	0x2e, 0x30, 0x33, 0x39, 0x39, 0x39, 0x39, 0x39, 0x39, 0x39, 0x31, 0x30,
	0x35, 0x39, 0x33, 0x30, 0x33, 0x32, 0x38, 0x33, 0x36, 0x39, 0x31, 0x34,
	0x30, 0x36, 0x32, 0x35, 0x29, 0x2c, 0x20, 0x76, 0x65, 0x63, 0x33, 0x28,
	0x34, 0x2e, 0x30, 0x29, 0x29, 0x3b, 0x0a, 0x20, 0x20, 0x20, 0x20, 0x20,
	0x20, 0x20, 0x20, 0x63, 0x6f, 0x6c, 0x6f, 0x72, 0x2e, 0x78, 0x20, 0x3d,
	0x20, 0x5f, 0x33, 0x37, 0x33, 0x2e, 0x78, 0x3b, 0x0a, 0x20, 0x20, 0x20,
	0x20, 0x20, 0x20, 0x20, 0x20, 0x63, 0x6f, 0x6c, 0x6f, 0x72, 0x2e, 0x79,
	0x20, 0x3d, 0x20, 0x5f, 0x33, 0x37, 0x33, 0x2e, 0x79, 0x3b, 0x0a, 0x20,
	0x20, 0x20, 0x20, 0x20, 0x20, 0x20, 0x20, 0x63, 0x6f, 0x6c, 0x6f, 0x72,
	0x2e, 0x7a, 0x20, 0x3d, 0x20, 0x5f, 0x33, 0x37, 0x33, 0x2e, 0x7a, 0x3b,
	0x0a, 0x20, 0x20, 0x20, 0x20, 0x7d, 0x0a, 0x20, 0x20, 0x20, 0x20, 0x67,
	0x6c, 0x5f, 0x50, 0x6f, 0x73, 0x69, 0x74, 0x69, 0x6f, 0x6e, 0x20, 0x3d,
	0x20, 0x5f, 0x34, 0x36, 0x2e, 0x6d, 0x76, 0x70, 0x20, 0x2a, 0x20, 0x76,
	0x65, 0x63, 0x34, 0x28, 0x77, 0x6f, 0x72, 0x6c, 0x64, 0x50, 0x6f, 0x73,
	0x2c, 0x20, 0x31, 0x2e, 0x30, 0x29, 0x3b, 0x0a, 0x20, 0x20, 0x20, 0x20,
	0x66, 0x72, 0x61, 0x67, 0x55, 0x56, 0x20, 0x3d, 0x20, 0x5f, 0x33, 0x39,
	0x34, 0x5b, 0x76, 0x65, 0x72, 0x74, 0x49, 0x6e, 0x51, 0x75, 0x61, 0x64,
	0x5d, 0x3b, 0x0a, 0x20, 0x20, 0x20, 0x20, 0x66, 0x72, 0x61, 0x67, 0x43,
	0x6f, 0x6c, 0x6f, 0x72, 0x20, 0x3d, 0x20, 0x63, 0x6f, 0x6c, 0x6f, 0x72,
	0x3b, 0x0a, 0x7d, 0x0a, 0x0a, 0x00
};
static const unsigned int ralOpenGlProductWeatherVertexByteCount = 5177u;
static const unsigned long long ralOpenGlProductWeatherVertexDigestLane0 = 0xc87ca852fd719fe9ull;
static const unsigned long long ralOpenGlProductWeatherVertexDigestLane1 = 0xd008c13273a327dcull;

static const unsigned char ralOpenGlProductWeatherFragmentSource[] = {
	0x23, 0x76, 0x65, 0x72, 0x73, 0x69, 0x6f, 0x6e, 0x20, 0x34, 0x36, 0x30,
	0x0a, 0x0a, 0x6c, 0x61, 0x79, 0x6f, 0x75, 0x74, 0x28, 0x62, 0x69, 0x6e,
	0x64, 0x69, 0x6e, 0x67, 0x20, 0x3d, 0x20, 0x30, 0x2c, 0x20, 0x73, 0x74,
	0x64, 0x31, 0x34, 0x30, 0x29, 0x20, 0x75, 0x6e, 0x69, 0x66, 0x6f, 0x72,
	0x6d, 0x20, 0x41, 0x74, 0x6d, 0x46, 0x72, 0x61, 0x6d, 0x65, 0x0a, 0x7b,
	0x0a, 0x20, 0x20, 0x20, 0x20, 0x6d, 0x61, 0x74, 0x34, 0x20, 0x6d, 0x76,
	0x70, 0x3b, 0x0a, 0x20, 0x20, 0x20, 0x20, 0x76, 0x65, 0x63, 0x34, 0x20,
	0x76, 0x69, 0x65, 0x77, 0x4c, 0x65, 0x66, 0x74, 0x3b, 0x0a, 0x20, 0x20,
	0x20, 0x20, 0x76, 0x65, 0x63, 0x34, 0x20, 0x76, 0x69, 0x65, 0x77, 0x55,
	0x70, 0x3b, 0x0a, 0x20, 0x20, 0x20, 0x20, 0x76, 0x65, 0x63, 0x34, 0x20,
	0x65, 0x79, 0x65, 0x57, 0x6f, 0x72, 0x6c, 0x64, 0x3b, 0x0a, 0x20, 0x20,
	0x20, 0x20, 0x66, 0x6c, 0x6f, 0x61, 0x74, 0x20, 0x64, 0x74, 0x3b, 0x0a,
	0x20, 0x20, 0x20, 0x20, 0x66, 0x6c, 0x6f, 0x61, 0x74, 0x20, 0x74, 0x69,
	0x6d, 0x65, 0x3b, 0x0a, 0x20, 0x20, 0x20, 0x20, 0x75, 0x69, 0x6e, 0x74,
	0x20, 0x70, 0x6f, 0x6f, 0x6c, 0x53, 0x69, 0x7a, 0x65, 0x3b, 0x0a, 0x20,
	0x20, 0x20, 0x20, 0x75, 0x69, 0x6e, 0x74, 0x20, 0x70, 0x69, 0x6e, 0x67,
	0x50, 0x6f, 0x6e, 0x67, 0x52, 0x65, 0x61, 0x64, 0x3b, 0x0a, 0x20, 0x20,
	0x20, 0x20, 0x76, 0x65, 0x63, 0x34, 0x20, 0x62, 0x6f, 0x75, 0x6e, 0x64,
	0x73, 0x4d, 0x69, 0x6e, 0x3b, 0x0a, 0x20, 0x20, 0x20, 0x20, 0x76, 0x65,
	0x63, 0x34, 0x20, 0x62, 0x6f, 0x75, 0x6e, 0x64, 0x73, 0x4d, 0x61, 0x78,
	0x3b, 0x0a, 0x20, 0x20, 0x20, 0x20, 0x76, 0x65, 0x63, 0x32, 0x20, 0x77,
	0x6f, 0x72, 0x6c, 0x64, 0x4d, 0x69, 0x6e, 0x73, 0x3b, 0x0a, 0x20, 0x20,
	0x20, 0x20, 0x76, 0x65, 0x63, 0x32, 0x20, 0x77, 0x6f, 0x72, 0x6c, 0x64,
	0x4d, 0x61, 0x78, 0x73, 0x3b, 0x0a, 0x20, 0x20, 0x20, 0x20, 0x76, 0x65,
	0x63, 0x32, 0x20, 0x69, 0x6e, 0x76, 0x47, 0x72, 0x69, 0x64, 0x53, 0x74,
	0x65, 0x70, 0x3b, 0x0a, 0x20, 0x20, 0x20, 0x20, 0x75, 0x69, 0x6e, 0x74,
	0x20, 0x67, 0x72, 0x69, 0x64, 0x53, 0x69, 0x7a, 0x65, 0x3b, 0x0a, 0x20,
	0x20, 0x20, 0x20, 0x75, 0x69, 0x6e, 0x74, 0x20, 0x61, 0x74, 0x6d, 0x54,
	0x79, 0x70, 0x65, 0x3b, 0x0a, 0x20, 0x20, 0x20, 0x20, 0x66, 0x6c, 0x6f,
	0x61, 0x74, 0x20, 0x5f, 0x64, 0x69, 0x73, 0x74, 0x61, 0x6e, 0x63, 0x65,
	0x3b, 0x0a, 0x20, 0x20, 0x20, 0x20, 0x66, 0x6c, 0x6f, 0x61, 0x74, 0x20,
	0x63, 0x6f, 0x6d, 0x70, 0x75, 0x74, 0x65, 0x50, 0x61, 0x64, 0x30, 0x3b,
	0x0a, 0x20, 0x20, 0x20, 0x20, 0x66, 0x6c, 0x6f, 0x61, 0x74, 0x20, 0x63,
	0x6f, 0x6d, 0x70, 0x75, 0x74, 0x65, 0x50, 0x61, 0x64, 0x31, 0x3b, 0x0a,
	0x20, 0x20, 0x20, 0x20, 0x66, 0x6c, 0x6f, 0x61, 0x74, 0x20, 0x63, 0x6f,
	0x6d, 0x70, 0x75, 0x74, 0x65, 0x50, 0x61, 0x64, 0x32, 0x3b, 0x0a, 0x20,
	0x20, 0x20, 0x20, 0x76, 0x65, 0x63, 0x34, 0x20, 0x77, 0x69, 0x6e, 0x64,
	0x47, 0x75, 0x73, 0x74, 0x3b, 0x0a, 0x20, 0x20, 0x20, 0x20, 0x76, 0x65,
	0x63, 0x34, 0x20, 0x70, 0x72, 0x65, 0x63, 0x69, 0x70, 0x69, 0x74, 0x61,
	0x74, 0x69, 0x6f, 0x6e, 0x3b, 0x0a, 0x20, 0x20, 0x20, 0x20, 0x66, 0x6c,
	0x6f, 0x61, 0x74, 0x20, 0x64, 0x75, 0x73, 0x74, 0x41, 0x73, 0x68, 0x3b,
	0x0a, 0x20, 0x20, 0x20, 0x20, 0x66, 0x6c, 0x6f, 0x61, 0x74, 0x20, 0x69,
	0x6e, 0x64, 0x6f, 0x6f, 0x72, 0x45, 0x78, 0x70, 0x6f, 0x73, 0x75, 0x72,
	0x65, 0x3b, 0x0a, 0x20, 0x20, 0x20, 0x20, 0x75, 0x69, 0x6e, 0x74, 0x20,
	0x63, 0x6c, 0x69, 0x6d, 0x61, 0x74, 0x65, 0x53, 0x65, 0x65, 0x64, 0x3b,
	0x0a, 0x20, 0x20, 0x20, 0x20, 0x75, 0x69, 0x6e, 0x74, 0x20, 0x63, 0x6c,
	0x69, 0x6d, 0x61, 0x74, 0x65, 0x50, 0x61, 0x64, 0x3b, 0x0a, 0x20, 0x20,
	0x20, 0x20, 0x76, 0x65, 0x63, 0x34, 0x20, 0x63, 0x6c, 0x69, 0x6d, 0x61,
	0x74, 0x65, 0x3b, 0x0a, 0x20, 0x20, 0x20, 0x20, 0x76, 0x65, 0x63, 0x34,
	0x20, 0x73, 0x75, 0x72, 0x66, 0x61, 0x63, 0x65, 0x43, 0x6c, 0x69, 0x6d,
	0x61, 0x74, 0x65, 0x3b, 0x0a, 0x20, 0x20, 0x20, 0x20, 0x76, 0x65, 0x63,
	0x34, 0x20, 0x73, 0x75, 0x6e, 0x3b, 0x0a, 0x20, 0x20, 0x20, 0x20, 0x76,
	0x65, 0x63, 0x34, 0x20, 0x6d, 0x6f, 0x6f, 0x6e, 0x3b, 0x0a, 0x20, 0x20,
	0x20, 0x20, 0x76, 0x65, 0x63, 0x34, 0x20, 0x61, 0x6d, 0x62, 0x69, 0x65,
	0x6e, 0x74, 0x43, 0x6c, 0x6f, 0x75, 0x64, 0x3b, 0x0a, 0x20, 0x20, 0x20,
	0x20, 0x76, 0x65, 0x63, 0x34, 0x20, 0x63, 0x6c, 0x6f, 0x75, 0x64, 0x4d,
	0x65, 0x64, 0x69, 0x61, 0x3b, 0x0a, 0x20, 0x20, 0x20, 0x20, 0x76, 0x65,
	0x63, 0x34, 0x20, 0x65, 0x66, 0x66, 0x65, 0x63, 0x74, 0x4d, 0x65, 0x74,
	0x61, 0x3b, 0x0a, 0x20, 0x20, 0x20, 0x20, 0x76, 0x65, 0x63, 0x34, 0x20,
	0x65, 0x66, 0x66, 0x65, 0x63, 0x74, 0x57, 0x6f, 0x72, 0x6b, 0x6c, 0x6f,
	0x61, 0x64, 0x73, 0x5b, 0x34, 0x38, 0x5d, 0x3b, 0x0a, 0x20, 0x20, 0x20,
	0x20, 0x76, 0x65, 0x63, 0x34, 0x20, 0x72, 0x65, 0x6e, 0x64, 0x65, 0x72,
	0x50, 0x61, 0x72, 0x61, 0x6d, 0x73, 0x3b, 0x0a, 0x7d, 0x20, 0x5f, 0x36,
	0x37, 0x3b, 0x0a, 0x0a, 0x6c, 0x61, 0x79, 0x6f, 0x75, 0x74, 0x28, 0x62,
	0x69, 0x6e, 0x64, 0x69, 0x6e, 0x67, 0x20, 0x3d, 0x20, 0x30, 0x29, 0x20,
	0x75, 0x6e, 0x69, 0x66, 0x6f, 0x72, 0x6d, 0x20, 0x73, 0x61, 0x6d, 0x70,
	0x6c, 0x65, 0x72, 0x32, 0x44, 0x20, 0x73, 0x63, 0x65, 0x6e, 0x65, 0x44,
	0x65, 0x70, 0x74, 0x68, 0x54, 0x65, 0x78, 0x3b, 0x0a, 0x0a, 0x6c, 0x61,
	0x79, 0x6f, 0x75, 0x74, 0x28, 0x6c, 0x6f, 0x63, 0x61, 0x74, 0x69, 0x6f,
	0x6e, 0x20, 0x3d, 0x20, 0x30, 0x29, 0x20, 0x69, 0x6e, 0x20, 0x76, 0x65,
	0x63, 0x32, 0x20, 0x66, 0x72, 0x61, 0x67, 0x55, 0x56, 0x3b, 0x0a, 0x6c,
	0x61, 0x79, 0x6f, 0x75, 0x74, 0x28, 0x6c, 0x6f, 0x63, 0x61, 0x74, 0x69,
	0x6f, 0x6e, 0x20, 0x3d, 0x20, 0x31, 0x29, 0x20, 0x69, 0x6e, 0x20, 0x76,
	0x65, 0x63, 0x34, 0x20, 0x66, 0x72, 0x61, 0x67, 0x43, 0x6f, 0x6c, 0x6f,
	0x72, 0x3b, 0x0a, 0x6c, 0x61, 0x79, 0x6f, 0x75, 0x74, 0x28, 0x6c, 0x6f,
	0x63, 0x61, 0x74, 0x69, 0x6f, 0x6e, 0x20, 0x3d, 0x20, 0x30, 0x29, 0x20,
	0x6f, 0x75, 0x74, 0x20, 0x76, 0x65, 0x63, 0x34, 0x20, 0x6f, 0x75, 0x74,
	0x43, 0x6f, 0x6c, 0x6f, 0x72, 0x3b, 0x0a, 0x0a, 0x66, 0x6c, 0x6f, 0x61,
	0x74, 0x20, 0x73, 0x6f, 0x66, 0x74, 0x50, 0x61, 0x72, 0x74, 0x69, 0x63,
	0x6c, 0x65, 0x46, 0x61, 0x64, 0x65, 0x28, 0x29, 0x0a, 0x7b, 0x0a, 0x20,
	0x20, 0x20, 0x20, 0x69, 0x66, 0x20, 0x28, 0x5f, 0x36, 0x37, 0x2e, 0x72,
	0x65, 0x6e, 0x64, 0x65, 0x72, 0x50, 0x61, 0x72, 0x61, 0x6d, 0x73, 0x2e,
	0x7a, 0x20, 0x3c, 0x20, 0x30, 0x2e, 0x35, 0x29, 0x0a, 0x20, 0x20, 0x20,
	0x20, 0x7b, 0x0a, 0x20, 0x20, 0x20, 0x20, 0x20, 0x20, 0x20, 0x20, 0x72,
	0x65, 0x74, 0x75, 0x72, 0x6e, 0x20, 0x31, 0x2e, 0x30, 0x3b, 0x0a, 0x20,
	0x20, 0x20, 0x20, 0x7d, 0x0a, 0x20, 0x20, 0x20, 0x20, 0x76, 0x65, 0x63,
	0x32, 0x20, 0x73, 0x63, 0x72, 0x65, 0x65, 0x6e, 0x55, 0x56, 0x20, 0x3d,
	0x20, 0x67, 0x6c, 0x5f, 0x46, 0x72, 0x61, 0x67, 0x43, 0x6f, 0x6f, 0x72,
	0x64, 0x2e, 0x78, 0x79, 0x20, 0x2a, 0x20, 0x5f, 0x36, 0x37, 0x2e, 0x72,
	0x65, 0x6e, 0x64, 0x65, 0x72, 0x50, 0x61, 0x72, 0x61, 0x6d, 0x73, 0x2e,
	0x78, 0x79, 0x3b, 0x0a, 0x20, 0x20, 0x20, 0x20, 0x66, 0x6c, 0x6f, 0x61,
	0x74, 0x20, 0x73, 0x63, 0x65, 0x6e, 0x65, 0x44, 0x65, 0x70, 0x74, 0x68,
	0x20, 0x3d, 0x20, 0x74, 0x65, 0x78, 0x74, 0x75, 0x72, 0x65, 0x28, 0x73,
	0x63, 0x65, 0x6e, 0x65, 0x44, 0x65, 0x70, 0x74, 0x68, 0x54, 0x65, 0x78,
	0x2c, 0x20, 0x73, 0x63, 0x72, 0x65, 0x65, 0x6e, 0x55, 0x56, 0x29, 0x2e,
	0x78, 0x3b, 0x0a, 0x20, 0x20, 0x20, 0x20, 0x69, 0x66, 0x20, 0x28, 0x73,
	0x63, 0x65, 0x6e, 0x65, 0x44, 0x65, 0x70, 0x74, 0x68, 0x20, 0x3c, 0x3d,
	0x20, 0x30, 0x2e, 0x30, 0x29, 0x0a, 0x20, 0x20, 0x20, 0x20, 0x7b, 0x0a,
	0x20, 0x20, 0x20, 0x20, 0x20, 0x20, 0x20, 0x20, 0x72, 0x65, 0x74, 0x75,
	0x72, 0x6e, 0x20, 0x31, 0x2e, 0x30, 0x3b, 0x0a, 0x20, 0x20, 0x20, 0x20,
	0x7d, 0x0a, 0x20, 0x20, 0x20, 0x20, 0x66, 0x6c, 0x6f, 0x61, 0x74, 0x20,
	0x64, 0x65, 0x70, 0x74, 0x68, 0x44, 0x69, 0x66, 0x66, 0x20, 0x3d, 0x20,
	0x67, 0x6c, 0x5f, 0x46, 0x72, 0x61, 0x67, 0x43, 0x6f, 0x6f, 0x72, 0x64,
	0x2e, 0x7a, 0x20, 0x2d, 0x20, 0x73, 0x63, 0x65, 0x6e, 0x65, 0x44, 0x65,
	0x70, 0x74, 0x68, 0x3b, 0x0a, 0x20, 0x20, 0x20, 0x20, 0x72, 0x65, 0x74,
	0x75, 0x72, 0x6e, 0x20, 0x73, 0x6d, 0x6f, 0x6f, 0x74, 0x68, 0x73, 0x74,
	0x65, 0x70, 0x28, 0x30, 0x2e, 0x30, 0x2c, 0x20, 0x30, 0x2e, 0x30, 0x30,
	0x31, 0x30, 0x30, 0x30, 0x30, 0x30, 0x30, 0x30, 0x34, 0x37, 0x34, 0x39,
	0x37, 0x34, 0x35, 0x31, 0x33, 0x30, 0x35, 0x33, 0x38, 0x39, 0x34, 0x30,
	0x34, 0x32, 0x39, 0x36, 0x38, 0x37, 0x35, 0x2c, 0x20, 0x64, 0x65, 0x70,
	0x74, 0x68, 0x44, 0x69, 0x66, 0x66, 0x29, 0x3b, 0x0a, 0x7d, 0x0a, 0x0a,
	0x76, 0x65, 0x63, 0x33, 0x20, 0x73, 0x52, 0x47, 0x42, 0x54, 0x6f, 0x4c,
	0x69, 0x6e, 0x65, 0x61, 0x72, 0x28, 0x69, 0x6e, 0x6f, 0x75, 0x74, 0x20,
	0x76, 0x65, 0x63, 0x33, 0x20, 0x63, 0x29, 0x0a, 0x7b, 0x0a, 0x20, 0x20,
	0x20, 0x20, 0x63, 0x20, 0x3d, 0x20, 0x6d, 0x61, 0x78, 0x28, 0x63, 0x2c,
	0x20, 0x76, 0x65, 0x63, 0x33, 0x28, 0x30, 0x2e, 0x30, 0x29, 0x29, 0x3b,
	0x0a, 0x20, 0x20, 0x20, 0x20, 0x62, 0x76, 0x65, 0x63, 0x33, 0x20, 0x63,
	0x75, 0x74, 0x6f, 0x66, 0x66, 0x20, 0x3d, 0x20, 0x6c, 0x65, 0x73, 0x73,
	0x54, 0x68, 0x61, 0x6e, 0x45, 0x71, 0x75, 0x61, 0x6c, 0x28, 0x63, 0x2c,
	0x20, 0x76, 0x65, 0x63, 0x33, 0x28, 0x30, 0x2e, 0x30, 0x34, 0x30, 0x34,
	0x34, 0x39, 0x39, 0x39, 0x39, 0x32, 0x37, 0x32, 0x38, 0x32, 0x33, 0x33,
	0x33, 0x33, 0x37, 0x34, 0x30, 0x32, 0x33, 0x34, 0x33, 0x37, 0x35, 0x29,
	0x29, 0x3b, 0x0a, 0x20, 0x20, 0x20, 0x20, 0x76, 0x65, 0x63, 0x33, 0x20,
	0x6c, 0x6f, 0x20, 0x3d, 0x20, 0x63, 0x20, 0x2f, 0x20, 0x76, 0x65, 0x63,
	0x33, 0x28, 0x31, 0x32, 0x2e, 0x39, 0x32, 0x30, 0x30, 0x30, 0x30, 0x30,
	0x37, 0x36, 0x32, 0x39, 0x33, 0x39, 0x34, 0x35, 0x33, 0x31, 0x32, 0x35,
	0x29, 0x3b, 0x0a, 0x20, 0x20, 0x20, 0x20, 0x76, 0x65, 0x63, 0x33, 0x20,
	0x68, 0x69, 0x20, 0x3d, 0x20, 0x70, 0x6f, 0x77, 0x28, 0x28, 0x63, 0x20,
	0x2b, 0x20, 0x76, 0x65, 0x63, 0x33, 0x28, 0x30, 0x2e, 0x30, 0x35, 0x34,
	0x39, 0x39, 0x39, 0x39, 0x39, 0x39, 0x37, 0x30, 0x31, 0x39, 0x37, 0x36,
	0x37, 0x37, 0x36, 0x31, 0x32, 0x33, 0x30, 0x34, 0x36, 0x38, 0x37, 0x35,
	0x29, 0x29, 0x20, 0x2f, 0x20, 0x76, 0x65, 0x63, 0x33, 0x28, 0x31, 0x2e,
	0x30, 0x35, 0x34, 0x39, 0x39, 0x39, 0x39, 0x34, 0x37, 0x35, 0x34, 0x37,
	0x39, 0x31, 0x32, 0x35, 0x39, 0x37, 0x36, 0x35, 0x36, 0x32, 0x35, 0x29,
	0x2c, 0x20, 0x76, 0x65, 0x63, 0x33, 0x28, 0x32, 0x2e, 0x34, 0x30, 0x30,
	0x30, 0x30, 0x30, 0x30, 0x39, 0x35, 0x33, 0x36, 0x37, 0x34, 0x33, 0x31,
	0x36, 0x34, 0x30, 0x36, 0x32, 0x35, 0x29, 0x29, 0x3b, 0x0a, 0x20, 0x20,
	0x20, 0x20, 0x72, 0x65, 0x74, 0x75, 0x72, 0x6e, 0x20, 0x6d, 0x69, 0x78,
	0x28, 0x68, 0x69, 0x2c, 0x20, 0x6c, 0x6f, 0x2c, 0x20, 0x76, 0x65, 0x63,
	0x33, 0x28, 0x63, 0x75, 0x74, 0x6f, 0x66, 0x66, 0x29, 0x29, 0x3b, 0x0a,
	0x7d, 0x0a, 0x0a, 0x76, 0x65, 0x63, 0x33, 0x20, 0x64, 0x69, 0x73, 0x70,
	0x6c, 0x61, 0x79, 0x56, 0x69, 0x73, 0x69, 0x62, 0x69, 0x6c, 0x69, 0x74,
	0x79, 0x28, 0x76, 0x65, 0x63, 0x33, 0x20, 0x73, 0x63, 0x65, 0x6e, 0x65,
	0x43, 0x6f, 0x6c, 0x6f, 0x72, 0x29, 0x0a, 0x7b, 0x0a, 0x20, 0x20, 0x20,
	0x20, 0x76, 0x65, 0x63, 0x33, 0x20, 0x65, 0x78, 0x70, 0x6f, 0x73, 0x65,
	0x64, 0x20, 0x3d, 0x20, 0x6d, 0x61, 0x78, 0x28, 0x73, 0x63, 0x65, 0x6e,
	0x65, 0x43, 0x6f, 0x6c, 0x6f, 0x72, 0x2c, 0x20, 0x76, 0x65, 0x63, 0x33,
	0x28, 0x30, 0x2e, 0x30, 0x29, 0x29, 0x20, 0x2a, 0x20, 0x5f, 0x36, 0x37,
	0x2e, 0x76, 0x69, 0x65, 0x77, 0x4c, 0x65, 0x66, 0x74, 0x2e, 0x77, 0x3b,
	0x0a, 0x20, 0x20, 0x20, 0x20, 0x66, 0x6c, 0x6f, 0x61, 0x74, 0x20, 0x6c,
	0x75, 0x6d, 0x69, 0x6e, 0x61, 0x6e, 0x63, 0x65, 0x20, 0x3d, 0x20, 0x64,
	0x6f, 0x74, 0x28, 0x65, 0x78, 0x70, 0x6f, 0x73, 0x65, 0x64, 0x2c, 0x20,
	0x76, 0x65, 0x63, 0x33, 0x28, 0x30, 0x2e, 0x32, 0x31, 0x32, 0x35, 0x39,
	0x39, 0x39, 0x39, 0x32, 0x37, 0x35, 0x32, 0x30, 0x37, 0x35, 0x31, 0x39,
	0x35, 0x33, 0x31, 0x32, 0x35, 0x2c, 0x20, 0x30, 0x2e, 0x37, 0x31, 0x35,
	0x32, 0x30, 0x30, 0x30, 0x30, 0x36, 0x39, 0x36, 0x31, 0x38, 0x32, 0x32,
	0x35, 0x30, 0x39, 0x37, 0x36, 0x35, 0x36, 0x32, 0x35, 0x2c, 0x20, 0x30,
	0x2e, 0x30, 0x37, 0x32, 0x32, 0x30, 0x30, 0x30, 0x30, 0x30, 0x32, 0x38,
	0x36, 0x31, 0x30, 0x32, 0x32, 0x39, 0x34, 0x39, 0x32, 0x31, 0x38, 0x37,
	0x35, 0x29, 0x29, 0x3b, 0x0a, 0x20, 0x20, 0x20, 0x20, 0x62, 0x6f, 0x6f,
	0x6c, 0x20, 0x5f, 0x38, 0x34, 0x20, 0x3d, 0x20, 0x6c, 0x75, 0x6d, 0x69,
	0x6e, 0x61, 0x6e, 0x63, 0x65, 0x20, 0x3e, 0x20, 0x30, 0x2e, 0x30, 0x3b,
	0x0a, 0x20, 0x20, 0x20, 0x20, 0x62, 0x6f, 0x6f, 0x6c, 0x20, 0x5f, 0x39,
	0x32, 0x3b, 0x0a, 0x20, 0x20, 0x20, 0x20, 0x69, 0x66, 0x20, 0x28, 0x5f,
	0x38, 0x34, 0x29, 0x0a, 0x20, 0x20, 0x20, 0x20, 0x7b, 0x0a, 0x20, 0x20,
	0x20, 0x20, 0x20, 0x20, 0x20, 0x20, 0x5f, 0x39, 0x32, 0x20, 0x3d, 0x20,
	0x6c, 0x75, 0x6d, 0x69, 0x6e, 0x61, 0x6e, 0x63, 0x65, 0x20, 0x3c, 0x20,
	0x5f, 0x36, 0x37, 0x2e, 0x65, 0x79, 0x65, 0x57, 0x6f, 0x72, 0x6c, 0x64,
	0x2e, 0x77, 0x3b, 0x0a, 0x20, 0x20, 0x20, 0x20, 0x7d, 0x0a, 0x20, 0x20,
	0x20, 0x20, 0x65, 0x6c, 0x73, 0x65, 0x0a, 0x20, 0x20, 0x20, 0x20, 0x7b,
	0x0a, 0x20, 0x20, 0x20, 0x20, 0x20, 0x20, 0x20, 0x20, 0x5f, 0x39, 0x32,
	0x20, 0x3d, 0x20, 0x5f, 0x38, 0x34, 0x3b, 0x0a, 0x20, 0x20, 0x20, 0x20,
	0x7d, 0x0a, 0x20, 0x20, 0x20, 0x20, 0x62, 0x6f, 0x6f, 0x6c, 0x20, 0x5f,
	0x39, 0x39, 0x3b, 0x0a, 0x20, 0x20, 0x20, 0x20, 0x69, 0x66, 0x20, 0x28,
	0x5f, 0x39, 0x32, 0x29, 0x0a, 0x20, 0x20, 0x20, 0x20, 0x7b, 0x0a, 0x20,
	0x20, 0x20, 0x20, 0x20, 0x20, 0x20, 0x20, 0x5f, 0x39, 0x39, 0x20, 0x3d,
	0x20, 0x5f, 0x36, 0x37, 0x2e, 0x76, 0x69, 0x65, 0x77, 0x55, 0x70, 0x2e,
	0x77, 0x20, 0x21, 0x3d, 0x20, 0x31, 0x2e, 0x30, 0x3b, 0x0a, 0x20, 0x20,
	0x20, 0x20, 0x7d, 0x0a, 0x20, 0x20, 0x20, 0x20, 0x65, 0x6c, 0x73, 0x65,
	0x0a, 0x20, 0x20, 0x20, 0x20, 0x7b, 0x0a, 0x20, 0x20, 0x20, 0x20, 0x20,
	0x20, 0x20, 0x20, 0x5f, 0x39, 0x39, 0x20, 0x3d, 0x20, 0x5f, 0x39, 0x32,
	0x3b, 0x0a, 0x20, 0x20, 0x20, 0x20, 0x7d, 0x0a, 0x20, 0x20, 0x20, 0x20,
	0x69, 0x66, 0x20, 0x28, 0x5f, 0x39, 0x39, 0x29, 0x0a, 0x20, 0x20, 0x20,
	0x20, 0x7b, 0x0a, 0x20, 0x20, 0x20, 0x20, 0x20, 0x20, 0x20, 0x20, 0x66,
	0x6c, 0x6f, 0x61, 0x74, 0x20, 0x63, 0x75, 0x72, 0x76, 0x65, 0x64, 0x20,
	0x3d, 0x20, 0x70, 0x6f, 0x77, 0x28, 0x6c, 0x75, 0x6d, 0x69, 0x6e, 0x61,
	0x6e, 0x63, 0x65, 0x20, 0x2f, 0x20, 0x5f, 0x36, 0x37, 0x2e, 0x65, 0x79,
	0x65, 0x57, 0x6f, 0x72, 0x6c, 0x64, 0x2e, 0x77, 0x2c, 0x20, 0x5f, 0x36,
	0x37, 0x2e, 0x76, 0x69, 0x65, 0x77, 0x55, 0x70, 0x2e, 0x77, 0x29, 0x20,
	0x2a, 0x20, 0x5f, 0x36, 0x37, 0x2e, 0x65, 0x79, 0x65, 0x57, 0x6f, 0x72,
	0x6c, 0x64, 0x2e, 0x77, 0x3b, 0x0a, 0x20, 0x20, 0x20, 0x20, 0x20, 0x20,
	0x20, 0x20, 0x65, 0x78, 0x70, 0x6f, 0x73, 0x65, 0x64, 0x20, 0x2a, 0x3d,
	0x20, 0x28, 0x63, 0x75, 0x72, 0x76, 0x65, 0x64, 0x20, 0x2f, 0x20, 0x6c,
	0x75, 0x6d, 0x69, 0x6e, 0x61, 0x6e, 0x63, 0x65, 0x29, 0x3b, 0x0a, 0x20,
	0x20, 0x20, 0x20, 0x7d, 0x0a, 0x20, 0x20, 0x20, 0x20, 0x72, 0x65, 0x74,
	0x75, 0x72, 0x6e, 0x20, 0x65, 0x78, 0x70, 0x6f, 0x73, 0x65, 0x64, 0x3b,
	0x0a, 0x7d, 0x0a, 0x0a, 0x76, 0x6f, 0x69, 0x64, 0x20, 0x6d, 0x61, 0x69,
	0x6e, 0x28, 0x29, 0x0a, 0x7b, 0x0a, 0x20, 0x20, 0x20, 0x20, 0x66, 0x6c,
	0x6f, 0x61, 0x74, 0x20, 0x65, 0x64, 0x67, 0x65, 0x20, 0x3d, 0x20, 0x31,
	0x2e, 0x30, 0x20, 0x2d, 0x20, 0x73, 0x6d, 0x6f, 0x6f, 0x74, 0x68, 0x73,
	0x74, 0x65, 0x70, 0x28, 0x30, 0x2e, 0x30, 0x2c, 0x20, 0x30, 0x2e, 0x35,
	0x2c, 0x20, 0x61, 0x62, 0x73, 0x28, 0x66, 0x72, 0x61, 0x67, 0x55, 0x56,
	0x2e, 0x78, 0x20, 0x2d, 0x20, 0x30, 0x2e, 0x35, 0x29, 0x29, 0x3b, 0x0a,
	0x20, 0x20, 0x20, 0x20, 0x66, 0x6c, 0x6f, 0x61, 0x74, 0x20, 0x61, 0x6c,
	0x70, 0x68, 0x61, 0x20, 0x3d, 0x20, 0x28, 0x66, 0x72, 0x61, 0x67, 0x43,
	0x6f, 0x6c, 0x6f, 0x72, 0x2e, 0x77, 0x20, 0x2a, 0x20, 0x65, 0x64, 0x67,
	0x65, 0x29, 0x20, 0x2a, 0x20, 0x73, 0x6f, 0x66, 0x74, 0x50, 0x61, 0x72,
	0x74, 0x69, 0x63, 0x6c, 0x65, 0x46, 0x61, 0x64, 0x65, 0x28, 0x29, 0x3b,
	0x0a, 0x20, 0x20, 0x20, 0x20, 0x76, 0x65, 0x63, 0x33, 0x20, 0x70, 0x61,
	0x72, 0x61, 0x6d, 0x20, 0x3d, 0x20, 0x66, 0x72, 0x61, 0x67, 0x43, 0x6f,
	0x6c, 0x6f, 0x72, 0x2e, 0x78, 0x79, 0x7a, 0x3b, 0x0a, 0x20, 0x20, 0x20,
	0x20, 0x76, 0x65, 0x63, 0x33, 0x20, 0x5f, 0x31, 0x38, 0x38, 0x20, 0x3d,
	0x20, 0x73, 0x52, 0x47, 0x42, 0x54, 0x6f, 0x4c, 0x69, 0x6e, 0x65, 0x61,
	0x72, 0x28, 0x70, 0x61, 0x72, 0x61, 0x6d, 0x29, 0x3b, 0x0a, 0x20, 0x20,
	0x20, 0x20, 0x76, 0x65, 0x63, 0x33, 0x20, 0x70, 0x61, 0x72, 0x61, 0x6d,
	0x5f, 0x31, 0x20, 0x3d, 0x20, 0x5f, 0x31, 0x38, 0x38, 0x3b, 0x0a, 0x20,
	0x20, 0x20, 0x20, 0x76, 0x65, 0x63, 0x33, 0x20, 0x72, 0x67, 0x62, 0x20,
	0x3d, 0x20, 0x64, 0x69, 0x73, 0x70, 0x6c, 0x61, 0x79, 0x56, 0x69, 0x73,
	0x69, 0x62, 0x69, 0x6c, 0x69, 0x74, 0x79, 0x28, 0x70, 0x61, 0x72, 0x61,
	0x6d, 0x5f, 0x31, 0x29, 0x3b, 0x0a, 0x20, 0x20, 0x20, 0x20, 0x6f, 0x75,
	0x74, 0x43, 0x6f, 0x6c, 0x6f, 0x72, 0x20, 0x3d, 0x20, 0x76, 0x65, 0x63,
	0x34, 0x28, 0x72, 0x67, 0x62, 0x2c, 0x20, 0x61, 0x6c, 0x70, 0x68, 0x61,
	0x29, 0x3b, 0x0a, 0x7d, 0x0a, 0x0a, 0x00
};
static const unsigned int ralOpenGlProductWeatherFragmentByteCount = 2670u;
static const unsigned long long ralOpenGlProductWeatherFragmentDigestLane0 = 0x96964a074b160779ull;
static const unsigned long long ralOpenGlProductWeatherFragmentDigestLane1 = 0xc6f96f85ce797db8ull;

#endif
